id,gpsnanotime,hdSpectrumEye,hdCalibEye,hdXmaxEye,theta,dtheta,phi,dphi,l,b,ra,dec,totalEnergy,dtotalEnergy,calEnergy,dcalEnergy,xmax,dxmax,heightXmax,distXmax,dEdXmax,ddEdXmax,x,dx,y,dy,z,easting,northing,altitude,cherenkovFraction,minViewAngle,uspL,duspL,uspR,duspR,hottestStationId,distSdpStation,distAxisStation,particle_type
1,257161602,0,0,1,48.21,0.38,157.74,0.66,190.73,-52.39,47.76,-8.98,2.228,0.162,1.912,0.137,713.62,17.74,6347.15,12618.23,3.3,0.08,-8820.04,57.31,-18564.65,59.35,-46.05,468486.45,6080629.07,1389.45,0.08,63.34,229.8,9.6,0.26,0.05,310,54.05,711.71,iron
4,278779315,0,0,1,46.34,0.45,255.79,0.68,300.22,-40.8,21.48,-76.14,0.758,0.052,0.634,0.041,761.4,15.77,5583.04,10771.29,1.14,0.04,-25280.63,43.59,10785.99,45.19,73.5,451964.81,6109919.85,1532.25,0.1,31.97,220.66,8.71,0.25,0.05,658,130.63,163.89,iron
1,901642884,0,0,1,27.71,0.74,349.57,1.31,244.14,-18.37,98.89,-35.55,14.812,1.246,12.921,1.087,735.54,13.74,3901.78,21268.28,21.93,0.47,-1366.82,57.52,-16120.46,62.68,-36.77,475931.85,6083089.56,1384.84,0.08,47.52,233.85,8.93,0.25,0.04,246,31.26,608.84,iron
1,814732146,0,0,1,45.88,0.4,118.58,0.53,177.78,-39.08,52.55,6.33,1.813,0.121,1.55,0.101,721.54,13.22,5933.16,14009.37,2.65,0.07,-10600.85,48.27,-19251.04,47.5,-46.02,466710.89,6079937.55,1391.82,0.11,33.29,231.96,6.35,0.23,0.04,308,285.74,312.06,iron
4,166608618,0,0,1,23.81,0.42,34.96,0.99,233.0,-4.11,108.48,-19.71,0.949,0.069,0.801,0.057,623.71,16.7,4983.36,8525.27,1.37,0.03,-25362.64,38.2,12908.86,22.6,84.89,451877.57,6112040.81,1548.61,0.11,44.82,232.43,10.05,0.26,0.05,643,599.18,599.26,iron
1,551560224,1,0,1,54.86,0.34,346.41,0.71,263.94,20.38,150.3,-29.32,4.28,0.317,3.688,0.269,699.24,15.29,7623.33,18399.93,6.4,0.17,-20964.26,141.24,-8913.23,51.27,-11.43,456322.77,6090244.23,1425.68,0.05,53.68,228.45,7.9,0.26,0.05,126,628.78,750.28,iron
1,623019620,1,0,1,35.55,0.47,58.21,0.88,274.84,55.53,177.37,-3.92,1.654,0.115,1.414,0.096,726.45,12.92,4695.46,14481.5,2.34,0.07,-15140.26,42.06,-15859.24,80.38,-48.83,462166.39,6083317.2,1391.03,0.14,30.09,239.75,8.27,0.25,0.05,451,136.63,513.54,iron
4,28345169,0,0,1,35.41,0.62,254.17,1.07,295.96,-5.88,174.28,-67.73,0.986,0.072,0.832,0.059,672.76,16.56,5283.29,14339.59,1.45,0.05,-29948.18,50.81,3765.16,82.93,57.78,447317.13,6102889.51,1531.55,0.14,34.31,228.03,9.28,0.26,0.05,624,293.72,708.02,iron
1,312421327,1,0,1,40.73,0.44,108.12,1.11,225.65,31.0,135.93,3.84,2.036,0.153,1.747,0.129,781.95,13.81,4667.88,16397.07,3.22,0.13,-20206.54,53.3,-14167.77,82.39,-32.26,457098.6,6084992.24,1413.84,0.18,29.24,214.88,10.08,0.29,0.06,417,330.1,424.77,proton
1,99644348,1,1,1,44.54,0.44,282.36,0.45,308.92,-14.63,218.1,-76.32,2.956,0.21,2.547,0.178,894.36,14.25,4080.51,12386.43,4.52,0.11,-6604.04,30.52,-24731.46,44.67,-67.83,470718.64,6074472.56,1381.67,0.09,50.33,223.37,7.77,0.26,0.04,303,312.67,405.47,proton
4,352422063,1,0,1,34.2,0.39,60.32,0.47,323.42,56.66,203.98,-4.43,2.217,0.156,1.906,0.132,695.77,11.93,4903.71,12101.97,3.19,0.08,-22118.04,30.62,8890.35,34.63,49.58,455129.73,6108032.44,1493.3,0.07,54.28,236.85,8.91,0.25,0.05,665,432.73,534.32,iron
4,634122427,1,0,1,40.24,0.42,296.81,0.55,304.65,-2.8,197.02,-65.61,1.157,0.079,0.979,0.065,636.88,13.83,6210.61,11597.46,1.75,0.04,-24246.36,43.63,13538.29,35.67,78.27,452990.52,6112674.44,1536.26,0.15,30.69,222.24,7.96,0.25,0.04,635,69.87,601.19,iron
1,26710370,0,0,1,47.94,0.63,155.55,0.69,232.24,18.21,128.03,-7.88,2.454,0.194,2.108,0.164,753.95,23.37,5882.0,17864.23,3.83,0.15,-11144.55,110.76,-12237.18,61.68,-21.82,466148.16,6086946.62,1401.27,0.08,57.52,218.27,10.95,0.25,0.06,170,239.68,558.86,iron
1,817245115,1,0,1,58.59,0.75,337.58,1.53,10.13,-60.0,338.83,-34.57,1.398,0.104,1.184,0.087,781.22,41.01,7471.49,17068.36,2.05,0.1,-11724.84,148.91,-20176.64,140.62,-52.49,465590.5,6079009.49,1390.7,0.12,22.16,229.39,9.38,0.24,0.05,332,68.67,133.87,proton
1,759255738,1,0,1,36.12,0.56,323.38,0.51,348.44,-23.68,288.52,-48.97,3.243,0.229,2.799,0.193,696.94,13.59,5052.15,16470.33,4.82,0.13,-9598.79,56.19,-13713.37,42.72,-25.4,467698.32,6085474.5,1396.61,0.07,58.92,230.35,8.32,0.28,0.05,149,174.94,175.04,iron
1,325560807,0,0,1,52.23,0.88,150.37,1.56,266.78,55.15,173.15,-2.08,0.725,0.065,0.605,0.053,716.62,37.71,6788.03,14271.21,1.08,0.06,-10902.72,172.36,-17569.58,135.15,-41.15,466405.84,6081616.79,1391.6,0.08,51.83,222.48,11.17,0.25,0.05,199,401.57,494.06,iron
4,22172545,1,1,1,35.49,0.14,184.42,0.82,260.6,16.16,144.32,-30.33,2.762,0.197,2.381,0.166,752.62,9.69,4317.35,11420.27,4.11,0.08,-18771.99,18.94,15239.55,34.25,47.36,458459.65,6114386.74,1490.98,0.07,95.83,229.89,9.5,0.25,0.05,904,460.4,571.82,iron
1,908726922,1,1,1,42.8,0.32,293.22,0.46,324.28,-38.03,319.55,-69.05,4.402,0.306,3.803,0.26,776.64,12.1,4894.07,15418.8,6.2,0.14,-8902.21,45.58,-13598.18,36.66,-25.4,468394.65,6085590.29,1396.64,0.07,73.83,243.66,7.73,0.25,0.05,149,235.05,572.18,proton
4,162163521,0,0,1,37.76,0.42,93.61,0.88,6.0,45.56,231.53,2.48,1.491,0.115,1.271,0.097,732.9,15.56,4677.87,14302.0,2.25,0.08,-21462.79,48.69,3047.14,45.53,28.43,455799.31,6102196.77,1467.59,0.06,87.6,223.46,10.15,0.27,0.05,598,437.05,676.45,iron
4,911459548,0,0,1,37.69,0.47,283.92,0.9,323.08,-37.27,318.75,-70.23,0.826,0.057,0.694,0.046,660.03,11.89,5514.36,14368.26,1.22,0.03,-25765.71,57.41,6013.31,61.94,42.93,451491.24,6105150.57,1494.96,0.12,27.15,226.06,6.95,0.26,0.04,629,342.8,652.57,iron
2,293711926,0,0,1,34.04,0.52,132.0,0.86,338.22,48.53,215.58,-8.01,0.972,0.068,0.82,0.055,760.07,11.44,4106.4,10053.97,1.47,0.04,13229.37,61.21,-5266.42,28.98,-43.8,490490.7,6093974.33,1373.13,0.1,36.48,221.25,8.61,0.26,0.05,728,375.86,795.11,proton
1,299294607,0,0,1,48.14,0.65,55.89,0.87,42.61,-4.07,290.95,6.71,2.48,0.18,2.131,0.152,718.95,19.44,6093.5,22646.37,3.59,0.13,-15009.26,100.8,-10322.61,110.05,-19.07,462281.75,6088848.32,1405.62,0.16,24.48,235.36,7.64,0.29,0.04,164,218.65,334.42,iron
1,676189292,1,0,1,41.18,0.79,61.64,0.8,172.65,-48.8,43.05,2.06,1.273,0.097,1.08,0.08,678.3,20.07,5699.4,12942.81,1.89,0.06,-24663.13,79.05,-19361.69,71.49,-60.93,452656.53,6079789.98,1414.23,0.07,36.24,227.1,9.61,0.27,0.05,398,314.07,322.42,iron
1,358409311,0,0,1,38.74,0.55,38.98,0.52,98.85,-68.83,4.31,-7.58,0.717,0.052,0.6,0.042,687.19,11.5,5454.07,11704.83,1.07,0.04,-11630.06,68.65,-23103.59,48.01,-64.42,465691.68,6076084.54,1387.66,0.21,22.33,222.29,8.74,0.26,0.05,343,177.66,178.59,iron
4,961107816,0,0,1,38.11,0.58,317.06,0.89,333.58,-57.37,345.8,-52.84,0.786,0.058,0.659,0.047,704.76,15.44,5208.33,13384.44,1.12,0.04,-23785.79,84.75,9113.71,67.24,62.97,453464.47,6108250.35,1516.77,0.14,26.7,233.02,10.14,0.25,0.06,666,52.08,602.88,iron
4,899372855,1,0,1,44.06,0.48,329.68,0.59,252.15,-24.21,94.64,-44.44,1.39,0.097,1.182,0.08,821.46,15.87,4700.99,10757.98,2.02,0.06,-24894.56,42.22,20292.17,41.17,72.53,452324.24,6119422.13,1550.4,0.1,36.94,232.07,8.81,0.25,0.05,684,424.01,452.41,proton
1,135354077,1,0,1,27.62,0.63,318.02,0.74,322.6,-65.11,0.12,-50.03,1.379,0.103,1.175,0.087,717.35,17.72,4111.82,11361.33,2.08,0.07,-9747.75,37.33,-20637.79,38.25,-50.19,467566.84,6078553.96,1390.52,0.08,55.56,224.23,10.36,0.26,0.05,306,449.21,473.46,iron
4,472083258,0,0,1,40.72,0.38,265.92,0.61,313.54,-38.52,337.6,-75.56,0.661,0.044,0.551,0.034,708.94,10.84,5236.51,10362.64,1.0,0.03,-25708.13,39.89,10507.44,35.44,68.6,451538.18,6109640.56,1528.34,0.11,32.38,218.5,7.51,0.24,0.04,661,661.91,695.55,iron
4,214912742,0,0,1,47.23,0.48,39.6,0.76,110.74,-62.88,7.33,-0.53,1.045,0.077,0.881,0.063,640.48,17.39,6935.23,14383.05,1.61,0.05,-24769.93,83.91,4647.73,65.07,36.85,452488.98,6103785.1,1484.94,0.07,45.91,217.54,10.28,0.26,0.05,636,116.19,447.69,iron
4,353898704,0,0,1,32.11,0.53,277.5,1.06,282.97,-43.92,51.41,-66.76,0.908,0.066,0.765,0.054,662.77,15.12,5041.74,11806.53,1.33,0.04,-34943.94,47.73,6195.51,53.74,78.48,442319.23,6105305.34,1580.52,0.12,32.02,227.53,9.2,0.26,0.05,610,485.07,809.69,iron
1,620277022,0,0,1,36.87,0.51,11.15,0.69,212.33,-55.2,50.75,-21.66,0.921,0.065,0.775,0.053,689.14,15.4,5174.38,13739.07,1.35,0.05,-11151.86,50.5,-18947.72,53.59,-46.02,466159.3,6080239.37,1391.81,0.15,32.63,228.19,8.81,0.26,0.05,308,194.32,196.15,iron
4,978851611,1,0,0,47.87,0.51,339.51,0.87,240.51,-34.58,78.44,-36.73,1.114,0.08,0.941,0.066,783.62,19.03,5527.56,9652.31,1.6,0.05,-27149.48,63.2,17310.88,33.97,103.1,450081.98,6116435.07,1585.48,0.27,25.92,232.71,8.16,0.27,0.04,702,130.92,149.76,iron
1,63333445,0,0,1,41.45,0.9,25.5,1.04,202.93,-43.52,59.68,-11.65,0.715,0.056,0.598,0.045,640.16,22.16,6218.41,13461.61,1.08,0.04,-17641.19,108.2,-17334.45,78.4,-46.13,459670.82,6081835.71,1403.0,0.1,33.86,220.03,10.26,0.26,0.05,416,11.83,354.15,iron
1,528755286,0,0,1,39.58,0.51,93.84,1.14,158.74,-52.88,33.59,4.13,1.255,0.095,1.065,0.079,749.05,19.72,4819.1,15900.38,1.78,0.08,-21524.43,53.09,-15003.58,80.64,-41.72,455783.0,6084156.93,1414.67,0.19,30.49,236.86,9.75,0.26,0.05,372,633.63,648.67,iron
1,166183444,1,0,1,47.55,0.8,121.44,0.98,130.38,-55.63,17.09,6.99,1.19,0.091,1.007,0.075,684.81,25.08,6490.38,14814.27,1.76,0.07,-10375.78,101.66,-19007.13,96.64,-46.02,466934.57,6080182.92,1391.83,0.08,36.17,226.72,9.62,0.25,0.05,308,273.41,522.26,iron
4,140711263,1,0,1,25.68,0.41,29.04,0.88,217.58,-39.74,67.66,-20.31,1.175,0.084,0.997,0.069,705.47,12.5,4077.29,7941.85,1.76,0.04,-27124.11,27.68,9594.93,29.01,67.79,450125.77,6108724.71,1533.68,0.09,52.14,224.56,10.15,0.26,0.05,612,151.31,224.93,iron
4,560983128,1,0,1,36.91,0.55,234.24,0.78,337.81,-35.41,307.19,-59.24,1.667,0.123,1.425,0.103,733.4,15.98,4718.24,15124.47,2.49,0.09,-31330.43,47.32,2165.64,60.04,70.01,445939.11,6101287.51,1549.88,0.12,36.12,226.74,9.69,0.27,0.05,941,513.83,543.55,iron
2,810745922,1,0,0,56.67,0.55,115.61,0.5,92.18,-39.57,348.46,17.4,3.795,0.273,3.266,0.231,894.25,26.92,6030.65,19132.31,5.63,0.22,28038.99,85.89,7154.11,79.77,-112.24,505260.41,6106424.24,1353.55,0.19,25.69,229.66,8.11,0.31,0.05,680,150.69,169.87,proton
4,147407220,1,0,1,45.43,0.3,44.25,0.58,177.69,-48.31,45.76,0.06,3.64,0.263,3.139,0.223,668.53,12.46,6394.55,12220.46,5.7,0.1,-33567.29,57.6,462.3,30.12,79.99,443708.81,6099580.89,1567.76,0.08,87.0,218.84,8.81,0.24,0.05,943,11.94,1137.09,iron
2,925227180,0,0,1,45.38,0.44,105.99,0.67,157.36,-48.01,35.36,8.75,0.942,0.066,0.793,0.054,741.23,16.2,5614.12,11391.98,1.41,0.04,12240.34,36.61,-8602.11,60.23,-41.24,489511.44,6090636.68,1375.27,0.09,50.0,223.52,9.01,0.25,0.05,541,113.31,639.1,iron
4,163499875,0,0,1,24.08,0.49,7.34,0.87,234.02,-84.72,18.48,-28.92,0.956,0.069,0.807,0.057,744.62,13.04,3508.19,8934.15,1.39,0.03,-29321.47,25.45,6870.09,32.57,46.2,447935.26,6105995.69,1515.42,0.07,54.13,229.79,8.73,0.25,0.04,622,428.79,429.93,iron
1,898272468,0,0,1,51.03,0.38,295.84,0.91,282.12,-38.63,64.12,-69.16,1.84,0.142,1.572,0.12,730.52,24.25,6444.91,13998.96,2.7,0.09,-17457.5,125.18,-9113.74,67.11,-9.16,459834.11,6090048.87,1423.63,0.07,98.48,231.39,10.78,0.25,0.05,184,925.9,926.96,iron
4,626900350,0,0,1,60.83,0.41,218.23,1.37,346.36,-11.17,270.11,-46.26,1.139,0.084,0.959,0.069,759.28,28.37,7959.18,16670.02,1.62,0.06,-22789.75,141.9,6757.49,145.9,45.28,454463.22,6105899.04,1490.1,0.07,32.5,234.31,9.57,0.25,0.05,655,50.81,238.39,proton
2,574412107,0,0,1,35.15,0.51,185.29,0.93,13.95,-40.32,315.56,-31.05,0.655,0.046,0.547,0.036,650.21,12.58,5401.39,11830.57,0.97,0.03,13382.85,69.69,-5472.88,40.18,-41.0,490645.05,6093767.86,1375.41,0.17,25.91,223.06,8.49,0.27,0.04,747,588.4,648.44,iron
2,116213668,1,0,1,37.62,0.43,56.85,0.4,182.14,-48.46,47.62,-2.24,3.545,0.239,3.06,0.202,736.03,11.19,4706.91,13454.39,5.27,0.11,13973.4,35.73,4600.29,35.3,-41.79,491209.1,6103835.05,1373.24,0.09,42.14,230.15,6.36,0.29,0.04,1009,671.51,774.66,iron
1,879384778,1,0,1,43.41,0.65,349.96,0.99,260.44,-84.32,17.34,-31.24,25.028,2.194,21.868,1.922,854.06,20.32,4339.1,26355.37,35.93,0.99,4237.51,82.21,-19414.52,86.86,-49.95,481539.48,6079811.94,1379.96,0.13,34.85,241.82,8.65,0.22,0.04,278,342.94,348.75,proton
2,395739475,1,0,1,37.83,0.3,193.08,0.37,5.84,-27.08,298.39,-34.64,13.542,0.976,11.791,0.847,773.9,8.94,4455.72,14306.87,19.23,0.31,19799.94,37.75,9182.26,26.61,-72.91,497022.5,6108430.37,1362.93,0.08,55.67,243.8,6.17,0.2,0.04,1007,474.55,626.45,iron
2,639576588,1,1,1,31.7,0.4,178.06,1.9,23.17,-65.13,344.72,-28.5,3.842,0.304,3.321,0.259,745.36,12.68,4156.99,19291.54,5.81,0.2,4325.45,66.44,-6247.87,69.99,-18.66,481595.38,6092970.54,1385.57,0.12,38.29,226.55,8.24,0.29,0.04,418,195.53,255.6,iron
2,446806051,1,0,0,50.71,0.78,170.97,1.35,106.49,-77.81,9.3,-15.39,2.106,0.174,1.805,0.148,709.64,28.33,6712.39,15990.97,3.14,0.13,26634.43,204.96,9274.29,93.3,-108.43,503851.06,6108539.37,1354.25,0.04,50.56,227.93,9.23,0.26,0.04,794,26.64,192.48,iron
2,470261564,0,0,1,46.65,0.9,188.49,1.32,21.31,-59.5,338.25,-28.94,1.127,0.097,0.953,0.081,789.28,29.3,5324.69,19119.01,1.69,0.1,7292.34,116.76,-1174.44,105.91,-21.73,484547.69,6098048.36,1382.33,0.2,28.78,224.22,10.89,0.26,0.05,683,238.48,329.49,iron
2,140118278,1,0,1,39.85,0.4,142.67,0.49,186.21,-53.11,45.57,-7.15,18.751,1.367,16.36,1.192,753.04,10.82,4821.3,17524.98,26.77,0.41,18193.52,43.52,9754.55,62.66,-68.9,495415.75,6108997.05,1362.62,0.13,30.59,242.33,5.76,0.27,0.03,1005,518.47,573.41,iron
4,741578333,1,0,0,40.5,0.29,319.25,0.44,263.87,-14.71,113.68,-51.64,1.871,0.127,1.603,0.106,779.36,10.43,4626.98,8602.37,2.67,0.05,-25819.48,30.43,16029.81,15.73,90.54,451411.43,6115160.05,1560.3,0.13,29.91,238.69,9.16,0.24,0.06,669,30.76,645.59,iron
2,292400338,1,0,0,28.76,0.25,16.09,0.82,236.99,-4.47,110.12,-23.41,6.628,0.467,5.751,0.401,764.56,6.92,3654.27,10661.53,9.61,0.11,10525.49,22.05,-1846.95,27.84,-31.7,487780.7,6097384.47,1377.95,0.07,84.46,237.45,7.36,0.25,0.05,716,226.89,465.55,iron
1,986111144,1,1,1,54.6,0.73,327.58,0.42,269.11,5.53,142.73,-43.78,14.408,1.234,12.514,1.072,799.34,33.61,6450.29,32318.87,20.61,0.7,7640.44,103.77,-20578.58,147.25,-58.83,484943.83,6078657.3,1378.63,0.13,36.37,240.81,8.34,0.27,0.05,466,101.72,267.32,iron
1,817596665,0,0,1,29.06,0.63,103.63,1.25,127.2,-69.83,14.34,-7.01,0.657,0.05,0.549,0.04,789.49,14.64,3413.2,8985.38,0.98,0.03,-19755.77,29.39,-19835.92,70.91,-59.55,457562.94,6079329.85,1401.78,0.14,34.22,221.84,10.26,0.26,0.05,374,447.31,676.85,iron
2,73509618,1,0,1,36.42,0.53,179.27,0.59,25.56,-63.18,342.63,-27.29,1.206,0.081,1.023,0.066,679.53,9.21,5236.74,10045.17,1.84,0.04,15617.97,60.97,-2003.92,31.18,-44.86,492870.45,6097240.3,1374.04,0.19,26.63,220.21,7.73,0.26,0.05,720,260.84,272.15,iron
1,177888176,0,0,1,43.21,0.45,166.63,0.7,173.79,-74.85,25.1,-17.06,0.999,0.071,0.842,0.058,739.62,17.21,5329.84,11146.95,1.52,0.05,-18449.1,48.35,-18474.82,43.45,-52.82,458863.92,6080693.87,1402.25,0.12,39.69,219.37,10.12,0.26,0.05,323,7.75,530.26,iron
1,460694629,0,0,1,37.29,0.52,101.34,0.69,186.07,-39.3,56.53,1.28,0.851,0.063,0.715,0.051,690.01,18.83,5192.93,10376.04,1.26,0.04,-10495.96,37.96,-23544.9,43.45,-62.32,466826.93,6075644.64,1387.23,0.11,43.84,225.67,10.44,0.26,0.05,328,332.89,595.71,iron
2,684336066,1,0,1,27.95,0.35,139.55,0.96,148.41,-76.86,18.67,-15.16,1.393,0.098,1.187,0.081,737.97,9.87,3897.95,10112.81,2.2,0.06,14556.36,40.5,-54.48,31.82,-41.03,491804.8,6099185.37,1374.1,0.15,33.37,213.94,9.05,0.26,0.05,719,3.74,725.99,iron
1,601816593,0,0,1,41.96,0.77,32.06,1.02,223.72,2.97,110.48,-8.2,0.957,0.073,0.806,0.059,638.67,19.73,6355.21,16072.38,1.39,0.06,-7077.12,103.81,-25977.09,91.73,-74.67,470248.22,6073223.77,1380.72,0.14,25.44,230.89,8.73,0.25,0.05,302,414.44,440.49,iron
4,9960961,1,0,1,49.84,0.51,298.35,1.13,288.33,-8.83,153.1,-67.08,1.027,0.082,0.865,0.068,655.27,27.68,7210.41,11911.49,1.52,0.05,-24566.01,68.37,20029.51,93.88,72.53,452655.23,6119159.98,1550.37,0.09,43.44,226.1,10.07,0.25,0.05,684,97.3,201.48,iron
1,39235334,1,0,1,38.98,0.38,112.93,0.57,202.03,-17.8,82.11,1.2,1.38,0.096,1.174,0.079,789.5,12.59,4384.91,10012.89,2.08,0.05,-9973.21,32.03,-23253.59,33.42,-62.32,467348.46,6075938.5,1387.2,0.09,49.25,223.78,8.86,0.26,0.05,328,297.81,305.32,iron
1,573980231,1,1,1,29.49,0.25,142.26,0.67,187.17,-66.03,35.12,-15.04,5.097,0.369,4.415,0.315,756.33,8.68,3758.85,6910.9,7.48,0.1,-13500.01,20.37,-22687.12,20.46,-63.63,463822.01,6076496.36,1391.35,0.1,60.84,233.91,9.6,0.27,0.06,419,334.98,336.54,iron
1,697050112,1,0,1,25.31,0.22,286.49,1.22,272.62,-46.93,54.98,-59.07,1.57,0.117,1.343,0.098,757.54,12.82,3519.3,9924.65,2.33,0.06,-19299.53,29.61,-16689.64,21.71,-43.16,458011.14,6082474.94,1409.16,0.07,85.8,228.52,9.73,0.26,0.05,320,597.42,666.1,iron
2,755001663,1,0,1,30.95,0.64,131.64,1.35,202.39,-41.62,61.22,-10.43,6.349,0.524,5.505,0.452,782.8,15.06,3588.04,18806.98,9.49,0.32,4633.05,52.3,-317.63,60.3,-15.54,481887.76,6098897.8,1385.9,0.11,41.86,230.13,8.97,0.26,0.04,1018,629.78,748.27,proton
1,585470276,0,0,1,28.22,0.53,66.85,1.07,222.9,-0.45,107.04,-9.07,0.655,0.061,0.547,0.05,566.48,28.12,5905.43,9235.28,0.97,0.05,-11254.65,41.68,-27568.8,29.88,-88.44,466079.15,6071624.81,1384.55,0.14,47.12,224.57,9.49,0.26,0.05,443,514.69,643.31,iron
1,201101645,0,0,1,46.49,0.48,302.48,0.72,292.51,-2.98,168.63,-63.87,0.869,0.061,0.73,0.049,723.36,16.27,5919.31,12553.87,1.28,0.04,-9041.55,47.18,-24472.92,62.15,-68.91,468282.2,6074723.13,1384.26,0.1,34.62,225.78,8.79,0.26,0.05,339,248.44,360.68,iron
1,703028385,1,0,1,46.06,0.78,331.26,0.68,249.63,-28.29,88.42,-43.19,1.579,0.113,1.346,0.095,701.44,22.09,6080.94,15987.08,2.27,0.08,-7530.61,76.9,-21419.28,94.24,-56.23,469785.85,6077777.82,1385.57,0.11,32.73,234.71,9.09,0.27,0.05,311,1.61,432.42,iron
4,36958016,1,0,1,47.93,0.37,341.11,0.69,266.94,14.55,148.45,-35.62,1.201,0.082,1.017,0.067,786.75,13.18,5466.64,10839.79,1.78,0.05,-30030.64,30.87,8210.25,56.21,53.96,447222.2,6107333.96,1528.13,0.16,23.19,226.89,7.33,0.2,0.05,623,308.89,326.2,proton
1,471589719,1,0,1,35.11,0.51,98.59,0.43,212.58,-2.06,100.87,-0.62,19.075,1.453,16.653,1.268,807.69,4.39,3730.16,9383.82,26.79,0.32,-18733.01,14.28,-19869.87,71.24,-59.55,458584.85,6079300.53,1401.77,0.16,27.83,246.58,7.61,0.26,0.05,374,494.75,603.69,iron
4,340607740,1,0,1,43.81,0.48,349.64,0.44,252.04,5.15,128.22,-31.21,4.282,0.306,3.698,0.26,769.31,13.14,5078.03,16482.99,6.62,0.15,-35652.12,62.22,-507.34,32.17,68.57,441624.18,6098607.59,1564.06,0.07,55.97,221.25,7.16,0.29,0.05,1058,570.01,580.26,iron
1,749133805,0,0,1,20.24,0.43,102.85,1.43,230.28,-0.45,110.56,-15.6,0.945,0.07,0.798,0.057,721.23,12.85,3523.11,9371.51,1.42,0.04,-18216.69,23.71,-18938.66,47.03,-52.82,459098.74,6080230.87,1402.23,0.1,41.7,223.29,9.82,0.26,0.05,323,224.22,235.93,iron
2,367237974,0,0,1,32.97,0.53,185.42,1.64,233.76,-36.9,74.43,-31.79,0.769,0.056,0.644,0.045,653.29,16.47,5166.32,14674.11,1.13,0.04,10001.45,76.22,-6063.98,64.1,-32.64,487267.11,6093168.61,1378.27,0.12,34.01,225.36,8.85,0.25,0.04,571,35.73,92.19,iron
1,323625402,1,0,1,27.27,0.44,30.36,1.43,232.75,-3.17,109.25,-19.06,1.364,0.099,1.162,0.083,742.75,12.86,3782.34,11787.65,2.05,0.06,-10799.45,46.22,-19997.76,46.24,-50.19,466514.31,6079190.9,1390.54,0.11,38.18,224.47,9.3,0.27,0.05,306,668.88,680.6,iron
4,529640895,1,0,1,33.06,0.47,337.62,0.81,285.16,19.09,170.51,-40.68,1.011,0.074,0.854,0.06,699.26,13.27,4775.55,13008.32,1.51,0.05,-21253.59,57.53,16828.07,40.83,65.28,455975.2,6115967.41,1524.75,0.1,33.72,225.16,8.46,0.26,0.04,847,540.85,548.03,iron
1,673571343,1,1,1,29.01,0.25,184.23,1.15,247.2,-4.59,115.5,-32.41,5.429,0.409,4.705,0.351,654.17,10.74,5004.72,17586.3,8.33,0.22,-879.79,33.16,-19170.95,54.24,-44.7,476425.96,6080042.28,1383.91,0.07,92.09,224.12,9.23,0.26,0.05,266,91.33,408.4,iron
4,82848557,0,0,1,64.49,0.37,319.95,1.78,306.5,16.45,197.82,-46.28,1.806,0.131,1.534,0.109,743.43,25.76,9338.93,20255.23,2.48,0.09,-25663.69,212.71,25117.12,146.88,22.11,451547.46,6124239.58,1524.24,0.11,23.22,244.78,7.92,0.29,0.05,917,79.96,105.21,proton
4,772218945,1,0,1,39.58,0.55,54.53,0.88,216.16,4.06,107.95,-1.01,1.136,0.082,0.962,0.067,666.17,13.77,5799.65,14030.36,1.7,0.07,-25476.35,70.87,22578.04,78.28,52.88,451740.29,6121704.74,1545.29,0.15,21.99,224.57,9.26,0.26,0.05,1025,283.1,330.69,iron
1,401124908,0,0,1,65.05,0.51,175.87,1.3,209.9,-30.51,74.07,-11.01,3.255,0.257,2.788,0.217,728.82,32.34,9473.04,18800.82,4.76,0.13,6022.71,388.49,-13038.23,414.66,-36.33,483309.78,6086188.55,1379.29,0.04,86.33,232.27,10.55,0.26,0.05,538,146.63,488.57,iron
1,811692293,1,0,1,34.14,0.39,126.83,0.59,229.0,15.61,124.17,-6.57,1.564,0.108,1.335,0.09,778.29,11.49,3997.38,9063.79,2.22,0.04,-9458.04,25.16,-24525.5,28.82,-68.91,467866.75,6074668.61,1384.25,0.08,64.94,238.51,9.36,0.25,0.05,339,236.96,268.74,proton
2,517508260,0,0,1,23.71,0.47,186.27,1.26,238.02,-33.09,79.74,-34.41,0.828,0.064,0.697,0.052,765.82,15.62,3286.45,9779.67,1.2,0.04,13327.07,56.49,-7474.42,30.26,-46.99,490593.9,6091767.36,1372.39,0.11,37.08,230.91,10.04,0.24,0.05,766,98.26,498.57,proton
1,53442829,1,0,1,34.88,0.53,122.2,0.54,221.64,6.63,112.76,-4.66,1.385,0.103,1.179,0.086,805.54,15.21,3757.85,11772.15,2.02,0.06,-10949.28,37.4,-19033.81,37.31,-46.02,466362.09,6080153.83,1391.81,0.09,45.95,231.62,9.49,0.26,0.05,308,3.13,15.2,proton
1,101999044,0,0,1,38.53,0.59,28.12,1.15,268.62,43.82,168.25,-12.4,0.684,0.051,0.571,0.041,724.87,17.97,4959.55,15004.58,0.97,0.04,-7026.22,85.36,-23426.59,56.77,-62.43,470292.76,6075773.06,1383.03,0.17,27.58,233.12,8.54,0.25,0.05,319,508.99,510.34,iron
2,983739159,0,0,1,42.51,0.79,162.09,1.68,214.17,-31.69,74.5,-14.83,0.721,0.061,0.603,0.05,747.51,24.68,5237.22,15204.26,1.06,0.06,11055.55,118.74,-1135.03,93.46,-35.85,488307.42,6098097.45,1374.81,0.2,27.1,225.38,10.89,0.26,0.05,725,408.03,528.47,iron
4,863053531,0,0,1,46.78,0.65,337.39,0.92,277.51,17.99,161.37,-38.58,0.697,0.052,0.581,0.042,637.86,22.85,7034.94,13615.54,1.03,0.04,-33435.02,100.88,5317.76,52.95,71.33,443833.13,6104432.39,1565.18,0.1,34.84,223.2,9.53,0.26,0.05,620,526.08,564.0,iron
1,476055715,0,0,1,34.2,0.45,67.41,0.68,254.4,47.91,162.66,-3.25,0.847,0.061,0.712,0.05,761.97,15.33,4204.24,10585.37,1.2,0.04,-23224.23,35.02,-19832.6,40.6,-66.73,454097.37,6079326.5,1409.68,0.13,37.82,235.35,9.05,0.26,0.05,401,569.96,570.24,iron
4,759688287,0,0,1,46.74,0.68,101.98,1.24,224.58,44.09,147.11,10.85,1.014,0.086,0.854,0.072,612.9,29.75,7322.42,12763.05,1.52,0.06,-19933.86,52.18,13174.61,139.46,59.22,457301.33,6112323.61,1507.45,0.07,60.41,223.39,10.57,0.25,0.05,920,1127.7,1136.82,iron
4,252456266,1,0,1,37.84,0.29,199.65,0.6,247.15,-19.44,98.87,-38.58,2.068,0.15,1.775,0.126,654.1,15.34,5738.78,9465.81,2.97,0.06,-28305.38,27.21,7586.52,30.35,59.27,448949.67,6106714.29,1526.66,0.11,55.3,237.23,9.11,0.27,0.05,591,369.82,700.72,iron
1,230588182,0,0,1,47.73,0.93,8.96,0.82,342.86,35.11,226.2,-17.22,0.698,0.054,0.582,0.044,742.25,25.17,5989.76,15542.86,1.02,0.05,-11375.44,103.75,-19005.38,102.35,-46.02,465935.34,6080181.07,1391.83,0.17,26.71,226.59,8.46,0.25,0.04,308,284.73,303.05,iron
1,58119059,0,0,1,38.77,0.7,63.03,1.64,348.89,53.85,217.95,0.19,0.797,0.069,0.668,0.057,714.78,19.52,5140.81,16044.49,1.2,0.08,-11055.35,88.18,-16856.67,95.54,-35.29,466250.1,6082328.49,1395.31,0.16,29.08,220.32,9.6,0.26,0.05,196,138.91,353.53,iron
4,663155400,0,0,1,48.43,0.74,252.02,1.33,298.03,-12.45,174.53,-74.62,2.815,0.23,2.422,0.195,803.28,21.29,5483.24,23315.39,4.19,0.21,-32434.5,111.25,-3643.81,132.22,35.93,444852.27,6095483.39,1516.6,0.18,26.46,229.42,9.07,0.26,0.05,1061,486.15,494.75,iron
2,606182873,0,0,1,29.87,0.26,43.68,1.13,259.06,38.28,158.96,-12.77,0.838,0.063,0.705,0.051,714.04,20.39,4341.58,10062.9,1.22,0.04,12015.14,28.28,-10568.11,34.37,-46.48,489290.95,6088672.23,1373.34,0.07,89.75,228.26,9.45,0.26,0.05,579,314.87,584.61,iron
1,625694205,0,0,1,44.4,0.73,36.9,1.02,333.63,54.62,210.1,-4.09,1.17,0.093,0.99,0.078,646.91,22.81,6565.79,19677.95,1.68,0.09,-10835.71,101.68,-15113.37,109.21,-31.3,466466.87,6084073.14,1397.39,0.18,22.38,233.66,9.74,0.25,0.05,168,638.78,664.15,iron
4,930703803,0,0,1,40.8,0.71,298.36,0.94,321.16,-8.86,239.59,-64.88,0.953,0.075,0.803,0.062,702.02,21.42,5505.67,12866.88,1.37,0.05,-22154.49,65.89,22687.04,78.5,32.9,455057.73,6121823.4,1508.68,0.06,55.47,232.19,10.29,0.25,0.05,965,446.62,755.63,iron
2,688333105,1,0,1,42.77,0.45,153.88,0.64,283.31,50.63,180.35,-10.32,1.006,0.069,0.849,0.056,651.15,13.51,6307.19,13339.41,1.48,0.05,18783.29,40.18,3561.87,66.28,-60.43,496020.65,6102810.04,1366.77,0.16,25.53,227.59,8.48,0.24,0.05,761,475.79,690.11,iron
1,304739227,1,1,1,56.79,0.2,191.28,0.48,289.8,34.85,180.8,-26.78,3.076,0.21,2.643,0.176,947.32,13.46,5658.84,12020.43,4.25,0.09,-15974.53,56.62,-15596.24,26.12,-34.21,461332.14,6083576.85,1404.27,0.08,49.85,246.59,7.36,0.25,0.05,448,164.46,511.6,proton
2,937167562,0,0,1,41.0,0.56,137.67,0.96,224.1,11.89,118.56,-4.29,0.636,0.049,0.53,0.039,683.62,20.15,5749.43,14611.3,0.92,0.04,12861.72,79.81,508.49,63.34,-37.21,490109.81,6099743.67,1374.81,0.2,25.93,229.17,9.71,0.27,0.05,726,325.69,458.54,iron
1,777242821,1,1,1,31.12,0.53,143.88,0.55,249.52,28.57,146.15,-14.35,3.4,0.258,2.937,0.219,804.85,10.97,3464.64,12721.44,5.09,0.11,-9461.15,36.69,-18090.72,35.86,-41.15,467846.91,6081100.15,1391.61,0.07,58.97,228.93,8.64,0.25,0.04,199,684.33,704.61,proton
4,400385597,0,0,1,41.86,0.73,21.88,0.55,341.23,41.12,221.5,-13.08,2.337,0.18,2.009,0.152,696.84,19.24,5730.46,19664.17,3.45,0.13,-18522.31,70.77,4432.58,79.43,24.17,458734.24,6103586.79,1452.13,0.1,40.24,231.01,8.82,0.24,0.05,781,34.34,131.18,iron
1,724329043,1,0,1,41.04,0.3,119.04,0.44,210.68,-0.58,101.31,1.74,2.455,0.161,2.112,0.135,750.01,9.53,5024.44,10877.59,3.52,0.06,-12276.17,28.49,-20755.37,29.07,-52.49,465041.37,6078428.13,1390.74,0.13,37.9,238.05,6.2,0.27,0.04,332,116.46,724.12,iron
1,431095122,1,0,1,43.49,0.46,24.91,0.79,345.21,41.93,223.47,-10.67,1.33,0.092,1.13,0.076,780.14,14.68,5009.52,15423.15,1.92,0.06,-6529.67,77.52,-25870.04,46.14,-72.5,470794.53,6073332.1,1381.43,0.22,25.32,233.26,8.14,0.23,0.04,294,209.33,651.25,proton
4,493541958,1,0,1,49.93,0.66,302.78,0.5,327.02,-13.53,256.51,-63.71,1.881,0.131,1.609,0.109,760.92,21.53,6101.23,17709.44,2.73,0.09,-18533.47,65.38,14396.09,88.26,47.36,458698.81,6113543.86,1490.96,0.15,32.44,234.06,7.73,0.27,0.05,904,288.54,385.88,iron
2,398866469,1,0,1,40.6,0.39,67.98,0.49,341.38,60.57,210.68,3.14,1.01,0.072,0.852,0.059,761.04,15.2,4831.21,11875.72,1.46,0.05,13622.03,36.78,1594.54,37.97,-40.65,490866.0,6100830.73,1373.09,0.12,40.6,231.1,9.67,0.27,0.05,714,169.01,501.86,proton
4,389184633,1,0,1,33.24,0.3,201.49,0.84,286.32,19.99,172.26,-40.21,1.881,0.137,1.612,0.116,632.96,16.31,5518.59,10813.47,2.79,0.06,-19825.28,24.32,12860.88,40.27,52.08,457411.89,6112006.94,1495.04,0.08,86.3,228.93,9.54,0.26,0.05,914,697.01,806.64,iron
4,490588807,0,0,1,32.73,0.44,319.82,0.75,345.0,-18.08,278.77,-50.32,0.796,0.054,0.668,0.043,691.02,10.15,4777.39,10016.03,1.17,0.03,-26321.79,43.3,10085.25,39.62,68.6,450924.67,6109217.54,1528.3,0.16,27.47,226.21,8.2,0.26,0.05,661,58.04,553.36,iron
1,14497089,1,0,1,25.91,0.42,101.12,0.79,1.75,29.92,241.69,-9.9,1.126,0.08,0.955,0.066,681.35,12.83,4363.58,11260.06,1.66,0.05,-12319.09,34.18,-19364.88,37.99,-47.57,464994.01,6079819.15,1393.02,0.11,41.26,227.99,8.97,0.26,0.05,354,273.42,320.19,iron
1,199488659,1,0,0,33.46,0.44,51.76,0.7,19.8,8.57,269.14,-7.59,1.166,0.083,0.988,0.068,731.37,14.17,4434.89,10216.49,1.67,0.05,-9650.0,45.69,-28051.67,29.39,-81.83,467681.14,6071141.85,1381.85,0.11,38.37,234.45,9.59,0.26,0.05,325,1086.88,1089.52,iron
4,821135245,0,0,1,50.32,0.52,312.05,0.92,338.57,-44.74,324.13,-56.59,0.753,0.055,0.629,0.044,689.54,21.3,6923.41,12013.99,1.07,0.04,-26174.49,61.96,15785.18,45.31,99.0,451061.11,6114910.88,1574.83,0.22,21.16,232.89,8.96,0.27,0.05,688,259.83,354.55,iron
2,57864925,1,0,1,41.85,0.37,356.05,0.91,348.08,16.86,243.02,-27.94,2.046,0.164,1.755,0.139,770.3,17.15,4896.57,12741.13,3.04,0.1,8422.76,45.18,-11432.64,67.72,-38.63,485703.05,6087799.29,1377.19,0.06,91.64,228.92,10.51,0.26,0.05,528,36.64,187.36,iron
4,630560894,1,0,1,50.71,0.26,258.72,0.48,295.47,-19.93,147.76,-80.07,6.829,0.504,5.907,0.432,711.44,14.64,6746.59,11544.72,10.49,0.15,-20369.67,39.26,22696.59,50.04,40.21,456843.67,6121839.81,1509.21,0.09,82.87,223.74,7.72,0.23,0.04,923,799.09,905.56,iron
4,778070618,0,0,1,47.92,1.02,94.05,1.02,218.7,39.47,140.91,12.76,0.64,0.05,0.533,0.04,798.2,25.13,5496.1,13077.06,0.96,0.04,-22872.86,87.32,19647.31,120.91,63.89,454348.7,6118782.38,1536.19,0.09,32.66,221.26,9.84,0.26,0.05,690,205.51,238.27,iron
4,735258146,0,0,1,55.96,0.5,159.91,1.06,305.13,57.78,194.04,-5.07,3.078,0.267,2.645,0.227,672.46,29.14,8141.77,14092.41,4.55,0.16,-15644.95,126.48,22067.24,179.36,-3.14,461564.48,6121218.6,1455.4,0.06,81.59,230.48,10.5,0.26,0.05,947,236.66,589.42,iron
1,396167887,0,0,1,40.91,0.2,180.96,0.98,252.63,13.38,136.03,-26.59,1.85,0.136,1.584,0.114,710.63,16.02,5506.33,11871.65,2.79,0.07,-3615.33,27.2,-25122.49,61.69,-74.9,473705.12,6074087.34,1377.86,0.09,100.62,225.39,9.77,0.25,0.05,293,335.9,611.53,iron
4,736058294,1,0,1,35.91,0.32,278.77,2.1,311.59,-8.94,218.71,-70.05,5.501,0.434,4.763,0.372,707.12,12.27,5000.27,8528.82,8.43,0.21,-24608.36,103.69,15750.32,23.98,90.54,452624.52,6114880.29,1560.29,0.1,51.05,224.37,8.79,0.25,0.05,669,319.25,553.64,iron
2,68628273,0,0,1,27.85,0.45,57.71,0.75,345.95,41.3,224.31,-10.83,0.939,0.065,0.792,0.053,732.93,12.17,4005.4,8655.48,1.36,0.03,14603.99,29.92,-526.83,27.99,-43.44,491853.04,6098713.98,1373.39,0.09,57.21,230.84,8.87,0.26,0.05,715,272.23,345.53,iron
4,21150389,1,0,1,25.66,0.21,147.41,1.15,240.29,9.44,124.78,-19.19,1.888,0.151,1.62,0.129,816.18,14.16,2938.47,10244.74,2.77,0.08,-23512.64,23.55,8130.56,24.47,54.43,453737.94,6107270.23,1503.46,0.06,85.84,232.48,9.52,0.25,0.05,662,58.45,167.58,proton
2,997020358,1,0,1,37.97,0.43,196.72,0.62,267.84,13.72,148.63,-36.81,1.075,0.074,0.909,0.06,631.7,13.15,6129.19,13452.03,1.62,0.05,14997.59,48.89,3752.09,49.13,-46.85,492235.16,6102991.06,1372.47,0.1,40.17,222.56,8.71,0.24,0.05,759,123.94,837.47,iron
4,333821763,0,0,1,39.68,0.41,298.25,0.77,327.93,-16.6,263.56,-64.59,0.941,0.064,0.793,0.052,669.2,11.45,5834.54,14598.12,1.38,0.04,-28761.83,45.05,5037.38,70.91,48.77,448500.03,6104165.5,1515.67,0.15,25.25,228.39,7.89,0.25,0.04,637,308.26,560.36,iron
4,78729555,0,0,1,37.47,0.63,0.94,0.86,19.37,-38.91,315.03,-26.67,0.634,0.048,0.529,0.039,709.12,18.07,5133.59,11329.71,0.91,0.04,-24663.46,68.23,10876.82,52.42,73.5,452582.67,6110011.77,1532.27,0.11,26.64,230.36,10.41,0.24,0.05,658,190.88,364.87,iron
4,942825205,0,0,1,45.7,0.72,287.33,0.68,312.6,-13.82,228.94,-73.92,0.803,0.059,0.673,0.048,694.7,22.64,6217.83,15753.09,1.17,0.05,-36404.7,77.25,4763.0,78.26,91.89,440862.67,6103872.43,1597.14,0.14,27.89,228.52,9.47,0.25,0.05,644,117.36,240.79,iron
4,699851903,1,1,1,26.14,0.44,105.81,0.59,281.73,50.96,179.5,-9.69,3.655,0.261,3.161,0.222,718.68,9.94,4017.72,12711.98,5.39,0.1,-22935.33,34.68,22896.32,34.13,40.44,454278.38,6122027.5,1521.35,0.08,46.3,232.51,7.56,0.26,0.04,963,277.99,292.48,iron
2,174604494,0,0,1,32.29,0.47,44.16,0.88,34.6,-26.95,307.84,-10.58,0.737,0.053,0.618,0.042,766.95,14.87,3961.91,8449.42,1.09,0.03,21019.07,21.61,2207.55,50.96,-65.19,498256.65,6101462.15,1368.4,0.12,37.37,224.98,9.98,0.26,0.05,764,384.26,551.56,iron
4,976964479,1,0,1,28.67,0.31,102.81,0.82,345.79,46.15,221.21,-7.07,1.58,0.117,1.35,0.098,706.13,14.33,4343.78,10085.34,2.35,0.06,-23344.43,27.07,8271.64,28.85,54.43,453905.8,6107412.03,1503.47,0.07,81.1,227.51,10.05,0.26,0.05,662,143.53,262.07,iron
2,916335714,0,0,1,28.37,0.45,175.9,0.94,279.33,29.89,169.56,-28.67,0.709,0.051,0.594,0.041,687.88,17.62,4545.32,8722.36,1.04,0.03,19353.79,28.44,2269.23,41.59,-61.12,496593.28,6101520.19,1367.84,0.12,47.09,227.4,9.51,0.26,0.05,758,337.25,604.64,iron
4,430602760,0,0,1,35.63,0.87,327.36,1.51,344.05,-7.55,263.93,-46.44,0.632,0.05,0.527,0.04,763.76,20.51,4319.26,12933.16,0.93,0.04,-21009.92,72.56,14618.85,65.75,66.68,456224.11,6113760.01,1519.65,0.12,34.57,225.29,9.38,0.25,0.05,918,150.63,326.6,iron
1,92640499,1,1,1,54.49,0.3,187.68,0.58,304.85,37.7,194.54,-25.15,6.896,0.506,5.96,0.433,752.25,14.77,7009.2,14378.1,10.1,0.16,-6979.02,85.66,-13441.43,75.84,-25.43,470315.35,6085752.83,1392.91,0.06,83.2,234.26,8.41,0.26,0.05,146,499.61,561.12,proton
4,997204937,0,0,1,31.15,0.44,293.69,1.16,295.35,0.23,176.7,-61.68,0.964,0.069,0.814,0.056,732.26,12.99,4268.54,10945.13,1.45,0.04,-30009.75,34.51,6215.65,54.93,46.97,447249.32,6105341.23,1518.33,0.13,32.31,222.4,9.21,0.25,0.05,638,255.39,543.05,iron
4,107466782,1,0,1,34.42,0.4,324.94,0.83,335.77,0.89,246.65,-47.78,1.022,0.07,0.863,0.057,726.44,11.01,4608.38,11384.52,1.56,0.04,-25902.47,44.52,8399.37,47.19,58.94,451347.36,6107533.97,1513.8,0.18,29.65,219.86,9.0,0.27,0.05,671,514.05,687.97,iron
4,761263974,1,0,1,40.97,0.2,189.15,0.63,275.93,25.47,164.19,-31.32,2.737,0.196,2.357,0.166,735.76,11.21,5199.88,10907.23,4.17,0.08,-18765.25,22.94,12778.27,36.84,52.08,458468.81,6111926.49,1495.02,0.08,97.23,224.24,9.69,0.25,0.05,914,607.17,768.62,iron
4,66463516,0,0,1,33.18,0.46,25.04,0.64,346.75,32.87,230.3,-16.97,0.78,0.053,0.654,0.042,699.99,11.09,4674.52,8651.88,1.13,0.03,-25711.8,49.66,15445.8,17.83,90.54,451521.78,6114575.01,1560.32,0.16,29.61,230.24,8.94,0.26,0.05,669,593.69,772.05,iron
1,443403100,1,1,1,47.34,0.65,100.21,0.63,48.0,-4.04,293.5,11.46,7.477,0.593,6.476,0.511,755.65,21.82,5737.46,25709.91,10.79,0.37,-8873.48,96.53,-8027.51,87.49,-6.37,468409.06,6091157.6,1403.79,0.14,30.5,238.14,8.03,0.26,0.05,101,87.14,540.75,iron
1,297496748,1,0,1,20.91,0.44,73.48,1.3,35.3,-39.68,320.02,-15.24,2.11,0.157,1.815,0.133,718.57,11.41,3609.6,11811.14,3.3,0.08,-9641.76,41.73,-20467.87,38.13,-50.19,467672.48,6078724.15,1390.53,0.08,42.64,217.95,9.26,0.31,0.05,306,430.89,565.08,iron
4,910849801,0,0,1,25.15,0.36,270.67,0.98,308.01,2.14,203.15,-60.32,0.765,0.054,0.642,0.044,651.39,11.92,4664.31,9078.83,1.16,0.03,-30485.67,22.4,8034.99,38.43,48.15,446769.66,6107157.82,1524.34,0.12,35.87,219.77,10.25,0.25,0.05,611,93.91,931.12,iron
1,991408906,0,0,1,33.46,0.42,3.89,0.61,358.41,6.1,259.64,-26.95,0.697,0.05,0.583,0.04,659.73,17.17,5187.84,10901.52,0.99,0.03,-13867.04,33.25,-19801.85,37.05,-46.15,463446.53,6079378.81,1397.47,0.11,38.32,234.52,9.49,0.25,0.05,403,445.97,847.72,iron
2,473495346,1,1,1,33.94,0.43,205.3,0.59,335.39,8.66,238.74,-42.35,9.663,0.684,8.399,0.591,734.21,8.69,4398.82,15002.7,15.4,0.26,9159.69,47.17,-526.38,39.79,-25.69,486412.46,6098700.88,1380.22,0.1,33.88,216.4,6.15,0.25,0.04,704,457.45,535.06,iron
4,426279693,0,0,1,34.75,0.97,266.67,0.89,323.85,-20.41,268.0,-69.75,0.667,0.054,0.557,0.044,828.93,23.6,3448.18,10958.66,1.0,0.04,-21464.29,40.4,13232.14,53.59,69.62,455772.42,6112371.72,1522.22,0.07,61.23,221.74,10.3,0.26,0.05,657,109.05,681.24,proton
4,747698703,1,0,1,25.19,0.27,206.05,0.96,310.96,19.92,203.09,-42.31,2.716,0.191,2.344,0.161,759.05,8.04,3425.87,6788.36,4.01,0.05,-24996.61,22.6,17808.58,17.67,93.77,452230.07,6116937.81,1569.98,0.07,85.98,231.75,8.88,0.26,0.05,698,58.55,860.1,iron
4,107135013,1,0,1,49.91,0.33,43.21,1.17,51.52,-25.47,313.85,3.43,9.082,0.685,7.872,0.591,807.61,11.66,5546.07,28057.56,13.17,0.39,-13835.26,113.18,29295.2,108.06,32.81,463354.35,6128443.72,1512.67,0.16,23.67,237.17,7.76,0.25,0.04,979,650.72,737.17,iron
4,852904306,0,0,1,53.92,0.45,11.04,1.08,49.49,-53.13,336.81,-12.28,0.824,0.059,0.689,0.047,675.92,21.9,7509.86,12818.89,1.19,0.04,-29055.83,64.32,9881.56,51.26,65.06,448192.4,6109005.73,1537.59,0.16,21.11,230.04,9.58,0.27,0.05,599,13.8,308.28,iron
2,686819362,1,0,1,36.62,0.13,280.28,0.72,308.68,-8.28,210.02,-70.38,5.239,0.377,4.534,0.322,767.66,8.01,4320.73,14224.35,7.84,0.14,21039.07,41.36,11390.89,20.97,-81.36,498253.6,6110643.82,1358.93,0.06,97.19,229.09,7.43,0.28,0.05,1004,1145.73,1264.04,iron
4,271831740,0,0,1,22.24,0.45,123.21,1.04,321.85,45.02,206.64,-15.82,0.811,0.061,0.682,0.049,732.58,13.56,3559.04,7362.35,1.21,0.03,-26933.76,27.95,19861.59,27.89,89.44,450289.49,6118985.96,1579.5,0.08,53.94,224.05,11.0,0.26,0.05,1029,368.73,417.58,iron
2,474260055,0,0,1,37.88,0.2,349.28,1.12,1.59,-12.2,279.85,-33.29,2.365,0.181,2.034,0.153,744.81,13.25,4690.82,15849.63,3.56,0.12,3886.15,30.3,-1352.46,67.4,-15.54,481143.9,6097861.82,1385.88,0.07,98.27,226.67,9.09,0.25,0.05,1018,514.98,529.0,iron
2,343824368,1,0,1,33.61,0.49,157.63,0.84,352.53,26.87,238.42,-17.97,1.019,0.07,0.861,0.057,701.53,11.01,4737.95,8763.13,1.56,0.03,18889.88,29.76,967.01,51.64,-58.99,496133.45,6100217.25,1367.51,0.13,33.93,219.12,8.8,0.24,0.05,670,652.61,753.99,iron
4,968264883,1,0,1,42.4,0.2,174.57,0.78,351.56,22.21,241.32,-21.86,5.544,0.409,4.796,0.35,744.48,10.44,5209.87,18356.09,8.24,0.2,-10900.11,27.57,18708.93,62.9,-4.25,466315.28,6117873.8,1433.69,0.07,99.94,230.91,7.85,0.26,0.05,862,68.75,517.65,iron
2,59368707,1,0,1,19.09,0.48,236.31,1.2,346.42,-21.54,284.56,-50.18,1.135,0.08,0.963,0.066,741.79,10.26,3284.49,8582.99,1.71,0.04,13640.32,39.25,-4147.01,21.58,-43.8,490898.86,6095093.28,1373.12,0.08,50.36,223.62,8.53,0.26,0.04,728,606.24,676.87,proton
2,129689230,1,0,1,47.28,0.46,174.54,0.62,1.47,14.68,253.94,-19.5,1.55,0.102,1.32,0.085,686.19,14.79,6484.88,14992.92,2.39,0.07,20677.23,76.82,7294.0,41.35,-75.84,497903.48,6106545.16,1361.26,0.09,38.05,219.38,6.95,0.27,0.04,789,47.78,406.09,iron
2,512731274,0,0,1,42.65,1.02,196.85,1.26,260.86,8.62,138.1,-35.79,3.696,0.302,3.189,0.258,814.57,19.02,4566.83,23417.3,5.8,0.24,2028.71,89.5,2136.69,111.91,-5.67,479278.98,6101344.23,1394.74,0.12,34.79,217.78,9.77,0.28,0.05,505,600.52,734.47,iron
2,739074298,1,0,1,35.98,0.35,231.33,0.66,329.21,-5.97,247.35,-57.26,2.592,0.184,2.233,0.155,718.74,9.98,4718.96,12250.75,4.01,0.09,20020.8,43.54,8572.3,24.62,-75.76,497244.04,6107821.57,1360.53,0.07,80.89,221.21,8.93,0.25,0.05,765,146.18,339.49,iron
2,767168943,1,0,1,33.56,0.31,94.95,0.56,302.06,61.0,192.44,-1.87,5.173,0.355,4.478,0.303,759.88,7.71,4031.28,8562.1,7.77,0.09,14124.31,24.54,-9197.57,23.25,-51.26,491395.45,6090047.62,1371.44,0.08,69.45,228.62,7.28,0.26,0.04,730,157.93,653.84,iron
4,382404852,1,0,1,31.12,0.26,125.92,0.78,288.66,53.25,184.28,-8.67,4.012,0.282,3.469,0.24,715.4,7.9,4289.91,10664.09,5.98,0.09,-21174.02,24.46,10157.71,29.26,62.48,456068.69,6109304.04,1510.19,0.07,85.46,230.17,8.31,0.25,0.05,656,265.77,1030.05,iron
2,216853184,1,0,1,40.6,0.51,158.43,0.66,285.6,47.13,180.8,-14.11,1.771,0.125,1.515,0.104,767.68,16.25,4660.74,15717.91,2.53,0.08,9052.33,75.42,-7977.63,49.06,-33.68,486323.72,6091253.67,1377.5,0.12,31.58,237.91,9.39,0.24,0.05,508,445.25,665.34,iron
4,684392324,1,0,1,30.75,0.39,264.09,0.92,317.27,-6.92,229.44,-65.63,1.265,0.085,1.075,0.07,727.07,10.88,4149.85,11283.15,1.81,0.04,-34382.1,30.19,5860.72,56.91,71.33,442881.31,6104975.15,1565.14,0.11,31.23,235.99,8.16,0.23,0.05,620,271.76,275.39,iron
4,371639618,1,0,1,46.72,0.44,352.97,0.46,16.09,-33.87,308.78,-27.92,1.863,0.122,1.593,0.101,705.51,14.43,6054.41,16060.72,2.79,0.08,-29458.72,65.3,1928.9,42.85,49.49,447808.67,6101057.58,1515.21,0.09,36.69,226.09,6.9,0.27,0.04,1080,363.88,389.73,iron
1,965506295,0,0,1,33.77,0.8,321.13,0.94,348.8,-31.24,300.07,-50.02,0.726,0.055,0.608,0.045,759.02,19.62,4073.59,11595.68,1.08,0.04,-8899.38,51.6,-22385.64,57.64,-60.18,468420.09,6076808.51,1387.15,0.09,47.22,223.2,9.72,0.26,0.05,313,497.13,518.01,iron
4,798148135,0,0,1,34.0,0.62,223.53,0.86,344.78,-24.63,288.7,-52.44,0.766,0.057,0.642,0.046,694.26,20.58,4785.33,12289.73,1.11,0.04,-31658.35,38.74,4714.55,51.3,66.47,445605.66,6103835.22,1547.65,0.1,40.44,228.53,10.74,0.26,0.05,621,213.53,308.73,iron
4,395732935,1,0,1,42.49,0.31,290.23,1.07,307.9,-46.12,2.45,-70.6,6.618,0.471,5.732,0.404,718.37,8.08,5489.43,22298.17,10.29,0.24,-26651.25,72.25,-2512.51,102.64,23.5,450628.08,6096625.74,1479.46,0.13,27.0,221.02,6.71,0.24,0.04,1083,119.03,318.38,iron
4,714338700,1,0,1,33.47,0.34,83.83,0.67,75.07,-55.0,347.68,-1.78,3.651,0.247,3.154,0.209,733.01,8.28,4388.24,9913.53,5.29,0.08,-23166.44,42.46,16535.49,24.36,82.43,454063.26,6115670.94,1546.41,0.09,46.4,236.51,7.25,0.25,0.05,707,304.1,558.31,iron
1,742831278,0,0,1,24.63,0.45,90.66,0.96,43.03,-41.79,324.51,-10.81,0.995,0.07,0.841,0.058,616.71,14.17,5041.62,10370.76,1.46,0.04,-12364.6,38.15,-21141.79,39.8,-58.01,464952.91,6078044.39,1390.92,0.1,42.2,228.27,9.39,0.26,0.05,342,262.24,449.97,iron
2,602411442,1,0,1,45.11,0.45,233.46,0.63,293.76,0.77,173.82,-60.73,1.052,0.073,0.888,0.059,663.8,16.6,6438.21,13624.29,1.47,0.05,12984.16,66.43,-5470.15,43.24,-41.0,490246.11,6093768.91,1375.4,0.17,25.13,239.86,8.45,0.25,0.05,747,503.2,555.77,iron
1,795249506,1,1,1,24.08,0.54,119.27,0.66,5.83,18.51,253.26,-13.87,3.13,0.237,2.705,0.202,643.18,13.42,4721.37,7419.24,4.84,0.08,-20905.62,25.18,-22954.78,37.38,-74.22,456421.82,6076209.69,1400.62,0.18,38.92,221.99,8.81,0.24,0.04,364,193.82,205.1,iron
2,235462783,0,0,1,51.8,0.86,188.89,1.11,325.81,31.86,214.63,-27.11,0.903,0.069,0.758,0.056,730.64,31.99,6698.72,15921.95,1.36,0.06,16408.1,142.57,5460.44,99.58,-58.33,493639.01,6104701.74,1366.66,0.11,35.86,221.21,9.58,0.26,0.05,746,337.04,367.82,iron
2,14183050,1,0,1,41.58,0.42,220.55,0.53,323.12,5.86,226.46,-51.66,1.036,0.067,0.875,0.054,726.11,8.92,5320.56,11497.54,1.56,0.04,13834.62,55.18,-5099.66,29.2,-41.0,491095.98,6094142.31,1375.49,0.17,24.62,222.81,7.03,0.26,0.05,747,836.17,938.35,iron
1,798806049,1,0,1,49.69,0.72,46.26,0.76,19.41,32.98,247.73,4.22,2.03,0.146,1.738,0.123,747.97,19.42,6285.05,18707.79,3.07,0.14,-6436.69,123.7,-22510.78,102.88,-55.8,470878.32,6076687.89,1384.36,0.2,20.67,224.84,8.85,0.25,0.05,296,722.94,722.97,iron
2,179705891,0,0,1,58.35,0.41,164.35,1.41,38.52,-25.08,307.71,-6.59,0.997,0.067,0.837,0.054,685.15,21.25,8468.15,16595.73,1.47,0.04,25057.91,162.82,5090.53,69.64,-91.02,502289.68,6104353.23,1358.1,0.09,26.29,226.21,7.37,0.25,0.04,732,408.39,493.18,iron
2,820526740,0,0,1,36.5,1.04,157.18,1.6,8.2,11.22,260.84,-16.05,0.948,0.084,0.799,0.07,686.27,33.51,5282.64,16621.99,1.42,0.08,8247.56,74.01,-7615.93,88.22,-30.06,485518.85,6091612.99,1379.08,0.13,41.59,223.66,10.41,0.25,0.05,576,286.72,368.58,iron
2,963568308,0,0,1,39.94,0.66,211.96,0.85,340.6,-1.93,254.42,-46.0,1.632,0.122,1.394,0.102,699.01,16.63,5485.64,14945.65,2.42,0.07,17893.05,96.41,9856.69,44.87,-68.9,495114.82,6109099.85,1362.61,0.05,62.49,228.21,9.03,0.27,0.05,1005,252.16,353.28,iron
2,404086833,1,1,1,28.05,0.52,288.76,0.45,322.08,-4.46,235.08,-60.89,9.881,0.786,8.596,0.682,750.84,13.55,3782.92,18107.17,13.73,0.3,4390.53,33.34,-9669.68,45.98,-27.53,481668.99,6089550.6,1382.13,0.07,63.75,248.85,8.83,0.2,0.05,456,355.88,499.48,proton
2,988505106,0,0,1,32.52,0.6,126.35,1.78,343.17,46.82,219.34,-7.6,0.754,0.06,0.632,0.049,733.82,19.6,4328.47,14611.27,1.09,0.05,13406.7,69.83,4625.58,71.36,-41.79,490643.79,6103859.75,1373.19,0.13,34.7,229.18,9.34,0.25,0.05,1009,415.47,417.44,iron
4,227342377,1,0,1,36.92,0.37,71.81,1.19,15.06,31.86,246.8,0.5,2.709,0.202,2.334,0.171,804.18,20.92,4029.12,14778.45,4.02,0.09,-25646.26,49.75,26119.55,60.49,4.48,451560.58,6125242.21,1508.82,0.13,41.89,230.49,9.41,0.26,0.05,1047,328.77,601.68,proton
4,628398874,1,1,1,38.32,0.28,16.35,0.44,13.38,-1.5,275.05,-18.04,3.416,0.231,2.948,0.195,801.09,8.13,4210.69,9784.79,5.15,0.07,-34265.49,26.82,4982.7,21.25,86.4,443002.4,6104097.8,1583.38,0.07,71.37,227.1,7.1,0.26,0.05,648,414.03,698.86,iron
1,729646316,1,0,1,19.66,0.42,340.09,1.2,355.44,-14.67,279.65,-39.76,1.007,0.078,0.852,0.065,673.77,17.89,4145.46,7637.02,1.48,0.04,-13339.61,28.27,-22702.94,27.62,-63.63,463982.63,6076480.81,1391.35,0.1,51.39,228.8,12.45,0.27,0.06,419,247.94,255.99,iron
4,823591625,0,0,1,41.49,0.42,55.9,0.63,39.24,-9.89,294.53,1.03,0.835,0.057,0.701,0.045,672.05,13.77,5951.53,11328.64,1.19,0.03,-24210.77,52.39,15424.53,33.52,85.41,453021.89,6114557.07,1549.1,0.13,29.47,234.16,8.24,0.26,0.05,819,506.53,507.31,iron
2,708657913,1,0,1,16.75,0.42,194.35,1.33,347.29,3.07,254.73,-37.66,1.021,0.069,0.864,0.057,720.13,9.59,3476.28,7699.3,1.53,0.02,16516.63,28.75,155.13,27.66,-52.61,493762.48,6099400.2,1369.72,0.09,51.65,224.56,8.03,0.25,0.04,762,408.63,418.01,iron
4,586303324,0,0,1,45.86,0.69,353.43,0.65,26.39,-76.71,357.89,-27.85,1.722,0.123,1.471,0.103,742.85,23.43,5731.02,18395.41,2.63,0.1,-19734.12,83.12,22586.17,83.81,25.57,457478.39,6121726.29,1496.44,0.13,29.4,222.41,9.37,0.23,0.05,1020,35.29,71.84,iron
2,251363752,1,1,1,43.42,0.43,206.82,0.57,341.47,2.83,250.12,-42.28,2.949,0.2,2.541,0.168,712.38,11.89,5732.11,18125.31,4.33,0.11,7814.8,84.34,-4625.99,48.7,-25.46,485078.1,6094600.11,1381.24,0.15,24.46,232.83,6.3,0.26,0.04,645,160.92,196.16,iron
4,550597568,1,0,1,45.93,0.43,333.77,0.56,356.34,-21.25,288.14,-41.28,2.634,0.179,2.266,0.15,825.23,12.83,4904.35,13483.04,3.72,0.08,-21956.17,86.48,17536.63,36.09,75.92,455272.84,6116672.92,1540.67,0.13,23.9,241.64,7.13,0.27,0.04,713,60.25,738.61,proton
2,520489593,0,0,1,44.05,0.6,258.93,0.72,316.36,-21.34,260.44,-76.47,0.658,0.047,0.549,0.037,668.23,17.96,6281.59,13268.8,0.99,0.04,12326.11,54.34,-6925.71,69.44,-41.91,489592.53,6092312.7,1374.36,0.11,31.74,219.66,9.36,0.27,0.05,507,345.27,345.55,iron
1,566118645,0,0,1,42.59,0.82,347.96,1.09,232.36,-62.68,43.84,-32.75,2.186,0.169,1.877,0.143,689.01,26.15,5851.18,16943.73,3.3,0.11,-23497.84,131.44,-10177.98,60.97,-25.32,453798.54,6088972.73,1425.79,0.07,82.0,225.95,10.59,0.26,0.05,421,188.07,1051.8,iron
1,156670406,1,0,1,41.06,0.32,316.88,0.49,344.88,-37.08,309.37,-53.42,1.341,0.089,1.139,0.074,755.2,11.65,4879.42,10296.3,1.95,0.04,-11863.15,30.05,-20540.83,29.77,-52.49,465451.93,6078646.03,1390.71,0.09,49.21,231.37,8.48,0.27,0.05,332,13.39,275.09,iron
2,705033257,1,0,1,37.65,0.44,50.84,0.5,59.31,-47.57,335.57,-4.0,1.785,0.123,1.528,0.103,771.12,12.0,4334.83,12626.33,2.64,0.06,12012.61,35.24,2691.21,37.74,-37.31,489255.54,6101923.98,1375.43,0.08,54.97,229.61,7.98,0.25,0.05,1008,376.15,388.52,iron
1,161408672,0,0,1,37.65,0.76,80.02,1.73,122.71,-61.01,12.75,1.86,1.2,0.095,1.018,0.079,634.1,19.87,5826.2,18841.17,1.81,0.08,-20612.54,105.72,-12439.24,89.94,-27.87,456688.08,6086720.3,1417.89,0.13,32.58,222.8,10.31,0.25,0.05,424,67.88,77.54,iron
2,65360580,1,0,1,34.11,0.41,196.5,0.81,3.58,-30.72,302.17,-37.44,1.047,0.07,0.885,0.057,727.81,10.68,4378.88,9130.52,1.52,0.03,15751.68,46.21,-521.34,35.19,-49.01,492999.34,6098722.12,1371.43,0.11,36.27,230.4,7.92,0.26,0.05,783,93.79,522.91,iron
1,658722671,0,0,1,41.04,0.56,302.06,0.74,284.96,-50.41,38.52,-62.99,0.692,0.053,0.578,0.043,747.9,20.56,4876.58,10303.36,1.0,0.03,-10134.23,45.46,-26079.53,52.74,-74.55,467193.48,6073115.96,1384.89,0.09,36.44,229.32,10.26,0.25,0.05,330,427.82,440.0,iron
4,596520148,0,0,1,35.92,0.93,99.62,0.84,0.38,47.14,227.84,0.49,0.72,0.055,0.602,0.044,628.0,17.51,5678.63,14065.75,1.11,0.04,-23721.89,71.18,23161.15,70.54,31.34,453491.13,6122292.54,1519.82,0.1,41.26,216.27,10.0,0.25,0.05,1039,358.01,628.06,iron
2,479383582,1,0,1,26.85,0.5,193.09,0.56,322.93,22.54,216.06,-36.7,1.949,0.136,1.674,0.114,672.42,10.9,4429.73,13464.35,2.86,0.07,18842.31,40.2,8046.08,30.31,-67.5,496067.73,6107292.34,1364.3,0.07,57.68,232.2,7.73,0.26,0.04,964,357.45,429.31,iron
2,711808038,1,0,1,29.47,0.3,165.97,1.25,338.12,29.76,226.03,-23.9,5.07,0.364,4.391,0.311,697.35,8.42,4338.97,17126.31,7.42,0.15,7083.03,68.17,-340.28,47.43,-23.85,484335.64,6098881.58,1381.1,0.1,33.73,234.7,6.85,0.26,0.04,696,950.7,1053.32,iron
2,523618034,1,0,1,35.98,0.37,134.8,0.59,8.12,26.85,247.59,-7.31,1.497,0.096,1.277,0.08,721.67,8.37,4634.06,9983.4,2.32,0.04,14028.3,47.81,-4622.98,20.74,-43.8,491288.09,6094618.75,1373.08,0.13,32.67,218.89,6.42,0.24,0.04,728,156.5,233.32,iron
1,207507245,1,0,1,22.98,0.46,176.29,0.82,7.1,-18.61,289.27,-30.87,1.002,0.074,0.848,0.061,716.82,13.42,3687.37,8432.13,1.5,0.04,-16788.71,25.63,-19253.41,27.34,-51.24,460526.88,6079919.61,1399.63,0.08,60.41,224.55,10.98,0.26,0.05,412,180.86,292.93,iron
1,167930051,0,0,1,37.7,0.41,71.48,0.59,74.63,-51.38,345.08,0.76,0.689,0.049,0.576,0.04,694.44,16.15,5092.56,10247.61,1.0,0.03,-11919.11,44.23,-23624.25,32.35,-64.42,465403.73,6075561.6,1387.7,0.15,29.87,229.29,10.46,0.27,0.06,343,429.14,574.82,iron
4,301637022,1,0,1,34.07,0.33,178.94,0.68,16.48,-35.21,310.34,-27.96,1.592,0.113,1.36,0.094,725.82,10.28,4400.87,10479.0,2.4,0.05,-23839.82,29.84,6905.11,29.57,45.28,453416.5,6106044.54,1490.17,0.06,80.53,225.04,9.34,0.26,0.05,655,670.61,798.1,iron
2,569107626,1,0,1,20.3,0.39,208.87,0.67,351.59,-62.16,344.38,-42.67,5.052,0.363,4.38,0.31,732.45,7.69,3366.91,10098.01,8.09,0.11,15850.69,24.65,3187.84,26.67,-46.85,493089.98,6102429.66,1372.43,0.07,56.43,214.66,7.66,0.29,0.05,759,447.95,463.41,iron
4,936509101,1,1,1,40.97,0.25,47.73,0.57,181.44,-48.9,46.98,-2.18,2.932,0.194,2.526,0.164,833.96,8.19,4040.26,7660.56,4.55,0.06,-26439.88,26.51,11069.45,22.06,77.8,450805.75,6110200.08,1542.63,0.09,45.47,220.27,6.43,0.27,0.05,650,179.52,184.23,proton
2,74028164,1,0,1,21.28,0.26,246.75,1.28,323.72,2.68,230.03,-54.08,1.088,0.079,0.922,0.065,728.68,14.45,3446.78,7759.4,1.59,0.03,23690.88,20.91,3343.51,22.68,-87.24,500924.26,6102603.85,1360.09,0.07,81.82,230.39,10.29,0.26,0.05,896,771.47,794.26,iron
4,912997025,1,0,1,37.82,0.52,353.23,0.53,229.82,-49.57,59.23,-30.98,2.058,0.141,1.766,0.119,691.83,13.65,5074.13,14601.04,2.96,0.09,-33795.84,55.68,1154.01,35.62,79.99,443477.56,6100272.09,1567.66,0.07,51.34,237.38,8.15,0.22,0.05,943,239.42,748.36,proton
2,807893804,0,0,1,41.09,0.79,4.86,0.93,12.89,-11.32,284.19,-22.87,1.139,0.097,0.964,0.081,733.91,23.68,5011.42,13449.67,1.67,0.07,19860.48,103.74,7928.99,45.46,-75.76,497085.46,6107177.8,1360.53,0.06,53.33,228.49,10.43,0.26,0.05,765,58.21,256.45,iron
1,589069021,1,0,1,22.31,0.37,89.04,0.96,87.54,-73.23,2.98,-13.14,1.357,0.093,1.157,0.077,673.06,8.7,4154.49,8240.73,2.09,0.04,-20782.62,21.43,-21120.57,33.69,-62.77,456539.93,6078042.28,1403.24,0.12,40.49,219.16,9.24,0.25,0.05,391,394.7,759.0,iron
4,501565125,0,0,1,21.63,0.45,183.56,1.0,12.1,-58.2,336.57,-33.66,0.656,0.048,0.548,0.038,650.58,18.3,4375.12,8035.45,0.94,0.02,-29247.72,24.08,7673.68,26.61,48.15,448005.92,6106798.96,1524.39,0.08,64.07,230.68,9.69,0.26,0.05,611,1198.65,1234.22,iron
1,101612342,1,0,1,43.8,0.42,8.62,0.6,212.4,-48.12,57.95,-19.51,1.156,0.08,0.978,0.065,667.94,14.68,6039.56,12487.84,1.65,0.05,-13136.31,46.33,-21177.67,53.55,-58.01,464181.95,6078005.77,1390.95,0.18,24.71,234.95,9.54,0.28,0.06,342,691.5,707.81,iron
4,210068595,1,0,1,23.33,0.47,10.88,0.84,341.45,-89.01,12.16,-27.91,1.198,0.099,1.017,0.083,827.39,14.17,2637.97,7942.34,1.86,0.05,-32615.51,22.49,7052.05,27.06,59.38,444645.35,6106169.69,1550.55,0.06,63.96,216.29,10.07,0.28,0.05,600,704.99,707.39,proton
4,539343112,0,0,1,43.58,0.63,359.76,1.01,225.86,-33.83,75.97,-24.79,0.89,0.065,0.748,0.053,683.56,17.43,5970.86,15098.1,1.29,0.06,-21774.67,112.32,13112.62,65.61,69.62,455464.49,6112253.41,1522.2,0.17,21.68,230.86,9.21,0.23,0.05,657,299.0,443.45,iron
4,111391930,1,0,1,31.71,0.21,115.17,0.83,47.13,-37.19,321.94,-5.85,1.709,0.128,1.462,0.108,777.0,10.44,3748.95,9464.68,2.67,0.06,-30341.72,27.85,4597.82,20.23,57.78,446922.2,6103722.33,1531.5,0.07,90.68,216.94,10.43,0.26,0.05,624,52.67,174.8,iron
1,378052173,1,0,1,41.81,0.46,63.88,0.65,121.36,-59.7,12.06,3.16,4.561,0.325,3.941,0.276,694.26,10.53,5632.37,10880.24,6.41,0.12,-12199.15,61.7,-24163.56,35.31,-69.06,465126.22,6075024.62,1389.26,0.22,25.84,243.77,8.03,0.27,0.05,434,50.8,234.38,iron
4,129237650,1,0,1,57.19,0.42,314.53,1.14,266.71,-51.95,50.38,-53.28,1.493,0.109,1.268,0.091,761.89,24.39,7332.92,14692.14,2.21,0.08,-25142.72,129.86,25029.8,97.48,22.11,452070.51,6124151.15,1524.28,0.06,40.18,227.99,10.81,0.26,0.06,917,362.36,514.06,iron
2,64160909,0,0,1,37.69,0.58,176.91,0.67,340.91,26.06,230.61,-25.46,0.75,0.051,0.628,0.041,727.57,11.34,4763.27,9863.69,1.06,0.03,15676.87,67.51,-1321.61,40.9,-44.86,492927.54,6097922.32,1374.1,0.18,26.36,234.15,8.41,0.27,0.05,720,859.05,909.97,iron
4,919009319,0,0,1,47.82,0.9,356.06,1.5,20.92,-38.2,314.61,-25.31,0.965,0.075,0.812,0.062,828.15,25.69,5024.63,18825.82,1.41,0.07,-17557.78,127.54,18578.45,108.17,33.84,459663.58,6117726.48,1485.51,0.16,26.52,229.38,9.08,0.25,0.05,842,103.72,105.44,proton
1,788191989,1,0,1,38.08,0.29,301.46,0.64,334.12,-35.48,308.11,-62.21,2.869,0.206,2.473,0.174,673.97,11.01,5381.97,12420.32,4.43,0.1,-16467.82,45.14,-13352.84,26.12,-30.78,460833.45,6085815.98,1406.7,0.07,85.56,221.7,9.14,0.24,0.05,435,358.75,647.31,iron
4,907315754,1,1,1,33.49,0.35,349.72,1.06,236.82,-36.26,75.74,-34.08,2.729,0.19,2.353,0.16,658.5,9.91,5138.98,14411.15,4.34,0.13,-20322.44,62.09,14184.39,40.75,59.22,456911.2,6113328.19,1507.29,0.12,30.91,215.35,8.53,0.25,0.05,920,622.86,727.51,iron
1,154566650,1,0,1,28.95,0.24,232.36,0.95,338.77,-16.05,271.87,-55.03,1.675,0.122,1.433,0.102,779.74,11.32,3494.69,9467.55,2.49,0.06,-14683.75,26.67,-17563.7,22.08,-43.61,462626.0,6081613.44,1397.96,0.07,87.29,228.6,9.2,0.26,0.05,410,49.43,143.06,proton
4,989977498,1,0,1,39.22,0.36,351.57,0.53,2.05,-80.93,3.74,-31.49,1.487,0.1,1.267,0.083,782.19,10.8,4400.23,10453.94,2.15,0.05,-33140.25,31.45,5312.33,33.37,67.15,444121.86,6104429.62,1553.12,0.08,49.23,233.65,7.18,0.26,0.04,630,356.21,586.01,iron
2,13476934,1,0,1,21.14,0.34,53.4,1.19,55.18,-68.58,352.1,-17.54,1.751,0.132,1.501,0.111,842.99,11.54,2377.76,7941.53,2.66,0.06,24308.83,20.26,2324.83,34.97,-87.24,501544.92,6101588.45,1360.07,0.1,40.74,224.13,8.51,0.27,0.04,896,149.87,621.54,proton
4,111301901,0,0,1,42.18,0.68,25.31,0.61,186.95,-59.27,40.77,-11.11,1.553,0.115,1.324,0.097,699.43,19.91,5553.12,16027.45,2.32,0.09,-22598.99,69.2,4357.12,65.6,35.22,454661.54,6103501.69,1477.78,0.09,48.29,226.73,9.9,0.26,0.05,595,141.32,246.76,iron
4,186759142,1,0,1,44.32,0.41,143.87,0.59,10.78,28.83,247.31,-4.25,5.959,0.435,5.156,0.372,823.15,12.07,4682.44,15803.36,8.81,0.16,-14943.78,32.09,18953.76,61.18,3.23,462275.79,6118107.3,1447.34,0.07,85.91,232.08,7.35,0.26,0.05,898,281.6,323.24,proton
4,829548709,0,0,1,37.51,0.5,266.02,0.82,322.2,-24.5,278.54,-72.47,0.83,0.058,0.697,0.046,678.38,11.51,5379.34,12811.77,1.28,0.04,-30522.05,35.74,5752.12,78.93,59.86,446738.95,6104873.24,1538.33,0.16,27.0,215.58,8.87,0.26,0.05,649,598.55,607.18,iron
4,509688282,0,0,1,18.92,0.39,302.98,1.06,284.76,-65.42,24.51,-50.04,0.901,0.064,0.76,0.052,690.09,12.85,3892.96,6966.59,1.31,0.02,-25759.17,28.11,16447.5,17.29,90.54,451471.72,6115577.16,1560.3,0.09,53.1,230.89,9.83,0.26,0.05,669,458.96,713.15,iron
1,931123169,0,0,1,46.84,0.53,118.71,0.75,36.72,8.39,277.07,7.16,0.87,0.063,0.73,0.051,663.96,19.61,6740.08,13083.76,1.29,0.04,-12088.05,63.43,-20811.93,60.67,-52.49,465229.66,6078371.8,1390.73,0.1,32.76,223.84,10.2,0.26,0.05,332,28.09,604.59,iron
4,784858712,1,0,1,24.08,0.51,318.9,0.97,332.92,-64.31,353.9,-48.17,1.399,0.096,1.193,0.08,749.28,8.01,3557.83,8176.22,2.18,0.04,-27406.82,39.23,9561.87,45.87,67.79,449842.84,6108690.75,1533.68,0.1,36.95,216.6,8.12,0.29,0.04,612,65.07,66.39,iron
1,792125063,1,0,1,31.55,0.48,140.05,0.94,45.52,-49.4,332.24,-12.71,1.337,0.094,1.138,0.078,750.93,12.03,4071.05,11963.91,1.99,0.05,-21866.83,38.88,-17808.23,53.13,-52.94,455447.61,6081351.42,1410.31,0.12,35.51,226.91,8.5,0.26,0.05,338,263.87,311.23,iron
2,466707803,0,0,1,33.49,0.9,232.46,0.93,335.08,-49.0,333.02,-56.99,0.739,0.057,0.619,0.046,739.35,22.02,4370.14,12313.86,1.11,0.04,11713.19,48.35,1195.98,60.52,-34.82,488959.65,6100428.41,1376.02,0.08,58.33,222.02,10.32,0.26,0.05,723,334.46,483.07,iron
4,794896620,1,0,1,33.74,0.22,62.05,0.81,31.54,-7.22,288.67,-4.52,2.22,0.155,1.908,0.13,715.24,11.73,4665.52,10477.48,3.15,0.05,-33365.2,33.52,3156.32,20.45,76.05,443903.15,6102271.88,1560.22,0.07,91.24,240.52,9.45,0.26,0.05,940,712.3,713.56,iron
2,255321382,0,0,1,11.97,0.48,304.97,2.24,352.13,-20.14,285.01,-44.67,0.689,0.059,0.578,0.048,817.12,17.59,2256.19,7934.97,1.01,0.04,23676.9,21.78,3060.41,26.68,-87.24,500911.71,6102321.32,1360.08,0.06,68.03,227.33,9.95,0.25,0.05,896,706.35,715.46,iron
4,288013135,0,0,1,34.32,0.61,90.94,0.67,40.88,-16.74,301.33,-0.77,0.727,0.052,0.609,0.042,665.88,18.91,5291.22,12635.77,1.04,0.03,-21014.22,42.86,17880.13,54.53,65.28,456210.68,6117019.71,1524.75,0.08,50.08,231.45,9.72,0.25,0.05,847,320.48,521.02,iron
4,688803667,1,0,1,43.76,0.17,53.61,0.55,33.61,3.49,280.06,2.19,3.818,0.265,3.295,0.224,769.12,9.18,5199.17,10751.05,5.51,0.07,-35943.17,34.59,2275.37,21.58,92.68,441331.63,6101389.09,1596.67,0.08,99.74,237.32,8.16,0.26,0.05,945,284.0,466.42,iron
1,87078114,0,0,1,48.62,0.65,31.94,1.05,37.86,-16.84,300.07,-3.38,2.288,0.176,1.963,0.149,749.58,19.56,6002.58,24092.08,3.46,0.16,-6250.87,113.3,-12952.39,116.66,-21.76,471041.0,6086242.68,1393.17,0.2,24.21,225.4,8.15,0.26,0.04,133,183.02,472.56,iron
1,67207950,1,1,1,36.94,0.55,135.08,0.76,35.42,-19.63,301.52,-6.71,2.723,0.201,2.346,0.17,735.84,13.92,4674.06,15604.15,4.29,0.13,-20132.71,54.8,-14237.61,55.63,-32.26,457172.95,6084923.14,1413.84,0.13,34.53,217.15,9.0,0.26,0.05,417,245.37,466.3,iron
4,675260944,0,0,1,33.34,0.32,273.15,0.78,318.38,-44.9,342.1,-68.36,0.949,0.066,0.8,0.054,739.1,11.95,4284.14,8192.48,1.39,0.03,-24830.2,38.18,13807.17,19.98,84.89,452407.35,6112939.53,1548.59,0.1,47.67,228.4,9.57,0.26,0.05,643,301.56,387.3,iron
1,466717098,0,0,1,46.14,0.61,0.31,0.79,210.08,-66.05,39.1,-23.5,0.682,0.048,0.569,0.038,684.91,15.74,6295.54,12498.41,1.03,0.04,-12762.77,67.96,-22564.24,63.66,-63.63,464560.89,6076620.97,1391.37,0.21,21.13,220.11,9.13,0.23,0.05,419,12.98,471.35,iron
4,373368807,0,0,1,41.39,0.8,286.25,0.7,297.41,-44.61,25.64,-71.96,0.69,0.061,0.576,0.05,741.35,34.54,5059.5,11946.5,1.0,0.05,-22421.38,47.05,13087.62,53.76,69.62,454816.33,6112227.01,1522.2,0.19,48.44,227.56,10.52,0.26,0.05,657,359.06,466.13,iron
1,943083822,0,0,1,22.85,0.62,2.51,1.16,230.89,-71.13,33.97,-31.35,0.655,0.05,0.548,0.04,717.92,19.24,3724.31,8849.24,0.95,0.03,-17713.58,32.65,-18920.61,34.26,-51.24,459600.81,6080249.84,1399.67,0.1,55.8,228.19,10.35,0.26,0.05,412,712.13,713.79,iron
1,69501692,1,0,1,31.03,0.39,183.06,0.61,323.14,-85.6,11.08,-31.25,2.076,0.149,1.784,0.125,659.03,12.46,4944.69,11892.85,3.04,0.07,-15131.73,37.8,-15864.05,30.15,-48.83,462172.83,6083311.04,1391.03,0.08,64.86,232.77,9.4,0.25,0.05,451,128.08,604.85,iron
4,179185338,0,0,1,39.04,0.66,239.63,0.9,318.86,-51.2,350.53,-63.08,0.742,0.057,0.622,0.046,697.83,18.27,5230.68,10721.33,1.1,0.04,-25904.83,57.66,8544.18,55.9,60.73,451345.35,6107675.54,1521.72,0.08,39.88,224.23,9.59,0.26,0.05,613,550.66,670.74,iron
2,756441279,0,0,1,32.93,0.76,58.05,0.92,195.24,-42.26,58.02,-6.11,1.478,0.11,1.261,0.092,705.11,16.79,4571.25,15495.8,2.15,0.08,17226.85,57.87,8350.06,51.26,-62.95,494451.59,6107591.36,1364.7,0.11,41.19,232.5,8.7,0.24,0.05,1002,322.12,322.44,iron
4,982020559,1,1,1,48.49,0.26,239.38,0.63,309.43,-3.22,208.54,-65.3,2.57,0.171,2.209,0.144,769.89,11.23,5708.23,10819.84,3.94,0.08,-23057.73,32.86,11382.43,40.74,68.22,454184.01,6110519.88,1521.25,0.09,47.86,222.49,7.08,0.26,0.05,653,445.94,520.86,iron
4,557302234,1,0,1,34.15,0.5,32.36,0.5,30.1,-24.59,303.92,-13.28,1.104,0.08,0.935,0.066,673.2,12.37,5060.55,8913.77,1.65,0.04,-27061.3,45.02,18408.8,33.44,95.35,450165.58,6117532.58,1578.27,0.19,27.43,224.4,11.02,0.26,0.06,703,25.58,448.53,iron
4,493371381,1,1,1,39.87,0.32,271.94,0.46,319.83,-25.87,281.93,-74.84,10.522,0.75,9.144,0.648,751.51,8.53,4793.31,13626.87,15.23,0.21,-19864.48,30.57,23156.5,37.9,25.57,457346.35,6122297.77,1496.47,0.07,72.52,238.1,6.33,0.27,0.05,1020,410.59,448.98,iron
2,89615863,0,1,1,48.52,0.2,5.71,0.74,177.74,-76.38,24.59,-18.81,3.538,0.254,3.049,0.215,789.79,11.16,5519.22,14944.59,5.21,0.13,3806.64,38.99,-10848.47,70.69,-29.66,481089.36,6088371.57,1381.67,0.08,106.4,232.28,8.53,0.25,0.05,455,479.85,479.85,iron
2,32788365,1,0,1,35.18,0.52,89.23,0.58,93.01,-59.47,358.18,-0.05,1.277,0.083,1.085,0.068,746.5,8.05,4375.4,9438.71,1.82,0.03,23524.18,24.14,1944.19,63.14,-77.63,500761.54,6101206.09,1366.31,0.17,26.95,235.93,7.51,0.27,0.05,910,169.09,239.94,iron
2,184792056,0,0,1,41.19,1.73,174.19,3.18,47.11,-74.41,356.5,-22.37,0.696,0.067,0.582,0.055,873.2,41.4,3798.98,14911.35,1.03,0.07,9339.44,126.12,-7870.14,112.29,-33.68,486610.66,6091361.86,1377.48,0.16,37.38,223.7,10.29,0.25,0.05,508,447.31,486.26,proton
1,313293839,0,1,1,50.67,0.14,231.32,0.91,308.79,3.12,204.34,-59.22,7.186,0.586,6.218,0.505,733.89,10.15,6440.2,18208.39,11.78,0.31,-3619.48,95.05,-8634.72,77.07,-11.74,473661.23,6090565.25,1395.05,0.05,111.12,209.26,9.63,0.28,0.05,229,176.2,191.84,iron
1,349327240,1,1,1,30.27,0.37,323.03,0.42,255.5,-28.9,88.91,-48.37,13.678,0.978,11.922,0.85,725.89,5.96,4164.65,12852.41,20.66,0.22,-10577.7,30.13,-17424.45,29.53,-41.15,466729.4,6081763.16,1391.58,0.08,55.93,228.9,5.15,0.26,0.04,199,413.17,414.66,iron
2,918188344,1,0,1,36.62,0.64,147.95,0.82,3.71,24.55,247.07,-11.87,1.261,0.089,1.071,0.073,730.26,15.32,4646.92,12084.55,1.81,0.06,12231.88,56.93,-7947.72,46.12,-41.91,489501.3,6091291.5,1374.37,0.13,38.24,234.21,8.82,0.26,0.05,507,420.15,559.82,iron
4,127626571,0,0,1,39.69,0.52,284.85,0.59,298.68,-45.4,22.26,-71.42,0.714,0.048,0.597,0.038,774.79,9.55,4491.98,10343.55,1.05,0.03,-28596.63,38.77,8249.48,69.6,59.27,448656.62,6107377.75,1526.64,0.19,21.19,226.72,7.23,0.23,0.04,591,445.96,474.4,iron
4,286856846,1,0,1,35.86,0.63,110.33,0.73,96.56,-61.23,0.51,-0.91,1.156,0.087,0.98,0.072,786.56,15.0,3974.61,11579.2,1.77,0.06,-22925.61,42.42,21063.91,42.69,57.15,454291.65,6120199.19,1536.56,0.09,49.86,219.05,9.14,0.26,0.05,1024,485.13,676.17,proton
2,360033735,1,0,0,54.69,0.34,335.11,0.68,253.11,-5.26,118.38,-37.84,3.755,0.268,3.233,0.226,743.71,15.79,6923.03,14726.97,5.51,0.11,18282.1,113.2,11755.09,55.66,-81.36,495502.41,6110995.53,1359.08,0.05,71.77,232.77,8.94,0.27,0.05,1004,923.44,1107.02,iron
1,712465891,1,0,1,46.46,0.66,54.63,0.7,159.91,-51.72,34.82,4.73,1.136,0.079,0.96,0.065,735.32,18.55,5697.41,13179.22,1.69,0.06,-23996.78,71.74,-18959.98,60.44,-60.93,453323.35,6080196.18,1414.24,0.11,33.29,226.07,8.38,0.25,0.05,398,274.97,395.63,proton
1,387666668,1,0,1,23.44,0.43,9.76,0.7,17.25,-39.8,315.56,-28.47,1.441,0.101,1.229,0.084,739.75,10.48,3541.44,9784.57,2.14,0.04,-17079.94,24.51,-18116.18,31.0,-46.13,460233.02,6081055.47,1403.03,0.08,51.46,227.57,8.32,0.27,0.04,416,587.72,690.48,iron
2,56742485,0,0,1,37.19,0.54,201.91,0.81,345.13,1.93,254.15,-40.06,0.87,0.078,0.732,0.065,581.46,27.82,6423.54,10688.87,1.3,0.06,20706.71,58.48,5027.92,31.85,-78.51,497936.09,6104279.82,1359.85,0.09,63.16,222.77,9.08,0.25,0.04,784,600.98,728.87,iron
4,725770388,0,0,1,39.06,0.39,37.16,0.65,65.32,-58.24,346.2,-7.86,0.911,0.068,0.766,0.056,683.95,18.23,5420.66,10873.39,1.36,0.04,-30121.19,48.34,3833.72,29.77,57.78,447145.52,6102960.04,1531.53,0.07,70.38,223.83,10.54,0.25,0.05,624,120.63,614.54,iron
2,614572748,1,1,1,36.62,0.39,61.4,0.54,143.53,-63.41,21.92,-2.0,3.325,0.22,2.87,0.186,716.93,7.54,4814.51,12291.4,4.85,0.08,22169.0,23.28,4740.41,65.83,-76.87,499400.01,6103996.69,1362.97,0.14,27.08,234.43,5.94,0.28,0.04,777,2.02,382.88,iron
4,77193386,1,1,1,40.43,0.25,175.59,0.42,63.96,-83.15,6.46,-23.46,10.004,0.678,8.69,0.585,801.22,7.15,4385.5,9781.45,14.87,0.14,-29457.53,24.02,5439.0,24.01,46.97,447802.76,6104565.3,1518.31,0.07,62.1,232.11,4.9,0.24,0.05,638,86.35,298.24,proton
1,382033318,1,0,1,40.68,0.52,93.4,0.45,82.11,-49.47,347.61,5.22,5.097,0.376,4.408,0.321,736.37,16.55,5076.64,17975.04,7.37,0.2,-7103.84,52.71,-16600.62,52.85,-33.93,470199.09,6082594.39,1390.63,0.12,37.67,237.46,8.36,0.26,0.05,198,300.76,685.75,iron
1,207547096,0,0,1,66.26,0.35,333.56,1.19,311.24,-82.63,11.57,-34.42,2.595,0.201,2.217,0.169,746.65,20.25,9380.33,19379.12,3.83,0.12,-24927.99,339.87,-4343.68,253.14,2.81,452357.25,6094798.71,1454.11,0.04,56.27,229.5,9.36,0.26,0.05,971,167.4,414.78,iron
2,144108212,0,0,1,32.68,0.49,131.28,0.72,19.33,6.75,270.52,-8.87,0.891,0.061,0.75,0.049,653.38,11.46,5175.67,11308.85,1.29,0.04,15634.05,52.59,933.8,49.78,-45.4,492879.03,6100175.94,1373.16,0.17,28.67,230.59,8.46,0.26,0.05,731,566.48,582.6,iron
2,894178925,0,0,1,27.85,0.76,155.81,1.23,23.71,-30.31,307.23,-20.69,0.842,0.064,0.708,0.052,670.93,19.93,4600.01,12676.77,1.27,0.05,18659.49,48.62,6000.49,51.63,-64.31,495890.16,6105247.18,1364.66,0.11,48.08,221.2,10.52,0.26,0.05,792,337.75,486.09,iron
2,942872610,1,0,1,32.67,0.28,62.66,0.6,108.28,-67.71,7.33,-5.48,4.844,0.335,4.192,0.286,751.22,8.47,4102.59,8064.16,6.96,0.08,13323.28,22.33,-7363.69,21.33,-46.99,490590.67,6091878.76,1372.39,0.09,80.89,238.78,7.83,0.26,0.04,766,180.75,530.35,iron
4,981499369,0,0,1,27.52,0.47,200.81,0.77,347.71,-1.71,259.99,-40.18,0.653,0.047,0.546,0.038,721.61,14.49,4046.21,8412.1,0.96,0.03,-33246.27,24.54,7829.56,33.02,59.38,444011.43,6106944.84,1550.55,0.1,43.97,226.71,9.74,0.26,0.05,600,20.83,793.36,iron
1,923555245,1,0,1,24.56,0.39,328.01,0.87,250.57,-35.22,79.03,-44.99,1.54,0.111,1.316,0.093,648.54,13.57,4673.95,9167.16,2.36,0.05,-11721.16,32.12,-22717.03,27.7,-64.42,465600.25,6076470.71,1387.66,0.11,49.11,221.33,10.37,0.24,0.05,343,175.76,211.6,iron
4,869339327,0,0,1,31.77,0.4,14.26,0.69,31.9,-55.26,334.76,-22.58,0.798,0.059,0.67,0.048,677.02,18.67,4870.76,9327.54,1.14,0.03,-29605.39,30.13,6859.13,31.08,46.2,447650.5,6105983.65,1515.44,0.1,54.34,232.72,10.51,0.26,0.05,622,632.81,633.62,iron
4,688522584,0,0,1,38.93,0.71,43.57,1.37,177.14,-56.41,39.65,-5.27,0.705,0.056,0.589,0.046,694.02,17.94,5352.92,14964.08,1.05,0.05,-25049.98,84.98,24215.47,93.15,35.85,452161.02,6123340.76,1530.21,0.11,28.33,222.95,8.42,0.26,0.04,1023,131.62,250.62,iron
4,135567552,1,1,1,47.37,0.35,290.77,0.61,282.89,-29.01,92.09,-72.24,7.036,0.525,6.091,0.451,887.23,9.71,4520.99,9794.26,10.12,0.16,-25477.73,57.21,12501.01,27.59,84.49,451763.87,6111631.84,1548.6,0.15,22.23,239.29,8.37,0.21,0.04,660,335.88,482.1,proton
1,638009702,0,0,1,36.51,0.43,9.53,0.78,230.66,-15.91,95.98,-22.68,0.741,0.054,0.621,0.043,694.85,15.53,5091.61,9888.75,1.17,0.04,-16046.39,33.07,-19924.96,44.9,-56.34,461271.48,6079250.55,1396.66,0.13,39.5,211.28,9.87,0.24,0.05,394,26.81,402.17,iron
2,588379997,1,1,1,59.32,0.33,119.71,0.66,152.48,-39.01,36.67,18.34,8.673,0.604,7.496,0.518,708.6,19.99,8248.49,20721.07,12.34,0.21,9543.02,50.19,-6685.18,94.28,-33.68,486810.21,6092547.43,1377.5,0.14,20.25,240.22,4.32,0.32,0.03,508,353.33,572.86,iron
1,149013878,0,1,1,45.91,0.22,222.13,0.81,345.71,-32.33,301.46,-52.74,4.649,0.356,4.015,0.303,735.9,10.3,5703.64,18036.15,7.25,0.19,1264.93,48.03,-17387.22,74.77,-43.63,478563.73,6081829.47,1381.48,0.07,103.35,219.43,7.76,0.28,0.05,269,567.62,662.43,iron
2,149064632,0,1,1,47.33,0.62,222.48,1.5,345.41,-30.92,299.11,-52.89,4.271,0.369,3.687,0.315,716.18,20.33,6101.98,29234.88,6.37,0.33,1396.42,144.64,-17201.02,144.24,-43.63,478694.25,6082015.49,1381.48,0.16,26.74,229.45,10.51,0.25,0.06,269,687.35,703.34,iron
2,808587213,0,1,1,47.42,0.54,160.4,1.84,54.75,-55.43,340.42,-10.82,7.013,0.647,6.071,0.559,752.17,20.09,5747.18,34949.21,10.44,0.55,-4850.21,135.14,9362.89,152.21,-0.44,472385.62,6108548.7,1408.56,0.16,29.35,230.49,9.55,0.28,0.05,818,156.38,172.96,iron
2,863832242,1,0,1,25.55,0.24,242.25,1.08,337.84,-46.85,328.01,-56.29,2.662,0.195,2.297,0.165,796.0,9.97,3023.18,10744.5,3.94,0.07,23221.75,27.22,6564.51,24.19,-82.91,500448.14,6105823.44,1360.67,0.07,84.7,231.05,8.02,0.26,0.04,739,180.97,939.98,iron
4,223190895,0,0,1,26.64,0.67,60.38,0.88,59.08,-59.56,345.23,-11.21,0.729,0.052,0.611,0.042,649.28,13.58,4774.09,8645.18,1.04,0.03,-28511.81,39.58,20563.8,60.3,98.27,448711.15,6119682.84,1594.85,0.13,34.48,233.87,9.67,0.26,0.05,932,17.74,567.71,iron
4,880019374,1,0,1,45.77,0.33,39.8,0.51,75.04,-54.71,347.47,-1.57,1.618,0.111,1.38,0.092,744.03,12.85,5676.68,12098.24,2.46,0.06,-27401.31,48.82,3902.2,32.24,41.51,449862.71,6103034.75,1501.8,0.08,58.76,222.74,8.91,0.27,0.05,626,143.41,439.17,iron
1,193776293,1,0,1,21.41,0.48,41.68,1.19,38.04,-57.51,338.15,-20.0,1.083,0.08,0.918,0.066,744.75,11.8,3366.28,8365.15,1.63,0.04,-14220.61,31.98,-21033.79,45.2,-59.62,463098.18,6078147.16,1392.41,0.11,40.2,223.91,10.41,0.25,0.05,344,544.18,649.1,iron
4,376965631,1,1,1,36.45,0.16,200.71,0.71,359.67,-24.73,293.68,-39.35,6.992,0.522,6.063,0.449,720.42,9.36,4791.69,8763.62,10.68,0.13,-22588.67,20.34,20057.26,24.78,63.89,454631.29,6119191.52,1536.19,0.09,97.33,225.46,9.81,0.23,0.06,690,66.99,209.43,iron
4,644495328,0,0,1,42.99,0.71,60.94,0.78,62.34,-37.67,329.15,3.85,0.933,0.066,0.785,0.054,646.46,15.51,6306.27,10579.86,1.38,0.04,-27270.88,71.91,17903.5,48.68,103.1,449957.56,6117026.6,1585.5,0.25,21.41,225.87,9.08,0.24,0.05,702,347.7,390.77,iron
1,744474048,1,0,1,21.18,0.38,102.98,1.02,36.37,-40.25,320.89,-14.71,1.771,0.13,1.519,0.11,816.49,11.37,2653.54,7641.13,2.57,0.05,-13672.82,27.85,-21617.53,33.44,-59.62,463646.65,6077565.02,1392.39,0.09,47.11,234.55,9.32,0.24,0.05,344,199.93,270.33,proton
2,147606282,0,0,1,46.72,0.71,110.53,0.57,101.28,-51.23,359.32,9.34,1.553,0.111,1.323,0.092,756.95,21.2,5685.37,18593.81,2.33,0.09,28102.41,80.62,8425.35,73.27,-116.65,505320.07,6107696.39,1352.59,0.15,33.87,225.6,8.63,0.25,0.05,799,320.86,781.85,iron
2,210333963,1,0,1,15.11,0.35,315.88,1.7,254.4,-56.61,48.42,-44.84,1.08,0.084,0.916,0.07,840.95,13.46,2157.15,7271.68,1.58,0.04,20298.02,18.5,2591.86,22.41,-67.44,497535.5,6101845.23,1364.25,0.07,72.74,229.66,8.95,0.25,0.04,757,330.98,556.84,proton
4,740278391,1,0,1,40.8,0.55,60.02,1.04,185.65,-39.22,56.39,1.59,1.016,0.083,0.858,0.069,619.83,22.56,6447.46,10359.03,1.46,0.05,-26168.91,72.3,16252.28,26.62,99.0,451064.02,6115381.11,1574.83,0.19,29.79,232.34,9.25,0.27,0.05,688,42.65,405.42,iron
1,561600842,1,0,1,33.39,0.38,200.06,0.86,291.2,-77.21,16.21,-39.62,1.255,0.097,1.066,0.081,667.41,20.5,5148.45,9790.35,1.88,0.05,-12889.24,38.36,-17886.66,29.17,-42.63,464420.31,6081295.38,1395.67,0.08,82.17,225.15,10.6,0.25,0.05,125,317.34,323.74,iron
2,47193700,1,1,1,25.6,0.44,25.93,0.63,225.44,-24.64,85.27,-21.43,2.979,0.217,2.573,0.184,766.59,11.35,3444.78,11861.95,4.37,0.09,22299.5,28.59,6456.39,34.21,-83.17,499526.25,6105712.19,1358.98,0.08,45.61,233.51,8.5,0.24,0.05,741,163.27,455.88,iron
2,53391467,1,0,1,35.86,0.41,140.64,0.65,176.13,-63.08,34.43,-9.51,1.824,0.12,1.562,0.1,691.02,9.32,5108.03,11959.6,2.7,0.06,12370.47,60.25,-5896.21,29.15,-41.0,489633.44,6093343.02,1375.42,0.13,33.04,229.09,6.62,0.27,0.04,747,253.54,646.03,iron
4,770688575,1,0,1,37.01,0.38,211.27,0.61,350.04,-56.35,337.35,-45.66,1.201,0.087,1.018,0.072,807.45,12.58,3840.96,10004.68,1.82,0.05,-21941.16,24.72,11037.35,30.78,62.48,455301.21,6110178.89,1510.08,0.06,75.27,221.69,9.49,0.25,0.05,656,176.99,185.94,proton
4,650819046,0,0,1,44.33,0.56,285.17,0.88,286.42,-33.31,75.4,-74.47,0.709,0.052,0.592,0.042,775.17,17.04,4985.25,14696.77,1.01,0.04,-30166.81,48.15,4196.39,108.1,57.78,447098.3,6103320.55,1531.51,0.17,22.91,231.85,9.42,0.24,0.05,624,164.3,229.13,iron
2,499154126,1,0,1,40.34,0.27,229.37,0.7,319.25,-57.84,356.83,-57.21,1.564,0.11,1.334,0.092,758.55,15.53,4671.37,10530.71,2.26,0.05,24527.31,39.14,7396.25,24.21,-94.02,501750.07,6106656.74,1357.94,0.08,93.66,234.46,10.03,0.26,0.05,744,273.25,716.17,iron
1,821851419,1,1,1,36.3,0.15,266.04,0.83,285.82,-38.94,58.94,-71.47,2.836,0.204,2.445,0.172,758.06,9.75,4351.18,10393.41,4.34,0.08,-17157.19,34.21,-15211.62,19.64,-36.01,460148.22,6083957.18,1406.43,0.08,97.09,223.57,9.35,0.25,0.05,400,525.57,527.34,iron
2,196566909,1,0,1,42.81,0.41,68.71,0.7,81.98,-49.31,347.45,5.3,1.665,0.126,1.421,0.106,640.36,20.17,6380.09,12171.87,2.46,0.07,8878.99,36.05,-8257.32,66.73,-33.98,486151.07,6090973.98,1377.76,0.08,76.37,229.15,9.93,0.26,0.05,559,269.71,378.86,iron
2,350188921,0,0,1,38.43,0.45,255.76,0.66,297.99,-45.92,23.37,-70.81,0.786,0.054,0.659,0.043,696.56,13.21,5239.02,11576.4,1.18,0.03,12562.45,48.54,-6458.15,42.15,-41.0,489827.51,6092780.55,1375.4,0.11,37.72,220.9,8.22,0.26,0.05,747,208.3,582.78,iron
1,752500644,0,0,1,30.76,0.6,115.56,1.82,119.47,-69.84,11.66,-7.0,0.68,0.053,0.568,0.043,717.71,20.07,4325.76,12447.84,1.0,0.04,-22760.58,58.24,-18027.78,69.01,-52.94,454556.1,6081127.88,1410.33,0.14,36.68,225.93,10.19,0.26,0.05,338,643.31,644.48,iron
1,569286712,1,0,1,27.8,0.7,25.33,0.94,222.07,-29.89,78.88,-20.47,1.595,0.144,1.364,0.123,858.29,20.55,2612.37,11313.95,2.33,0.1,-16817.53,35.96,-16486.36,40.23,-39.57,460491.0,6082684.96,1404.04,0.08,50.18,232.81,10.97,0.23,0.05,414,124.3,151.83,proton
2,465164100,0,0,1,52.99,0.51,17.67,1.02,227.69,9.39,118.09,-8.59,9.853,0.803,8.54,0.694,725.09,18.1,6928.8,26010.76,15.39,0.48,-9076.0,124.19,2069.08,211.5,7.16,468181.49,6101248.8,1414.32,0.07,104.79,219.86,8.29,0.28,0.05,816,306.96,308.36,iron
1,273358781,1,0,1,36.43,0.3,336.5,0.5,265.68,5.74,139.63,-41.24,3.219,0.241,2.778,0.205,690.42,14.13,5118.26,8902.97,4.86,0.08,-18183.58,26.4,-18503.99,21.38,-48.15,459131.36,6080664.83,1405.46,0.09,67.65,227.03,9.7,0.26,0.05,369,829.54,1051.06,iron
1,445808407,0,0,1,39.96,0.39,39.63,0.67,200.44,-35.8,65.68,-6.35,0.882,0.065,0.741,0.053,676.58,19.42,5594.44,10520.01,1.25,0.04,-22191.79,36.9,-19992.28,37.3,-64.28,455129.41,6079168.04,1406.72,0.12,44.45,235.77,9.6,0.28,0.05,399,120.29,284.74,iron
1,186930637,1,0,1,15.76,0.49,359.46,1.5,237.96,-31.72,81.34,-34.05,1.014,0.074,0.859,0.061,751.3,12.47,3094.75,8167.66,1.51,0.04,-15691.59,23.37,-19858.24,37.13,-56.34,461625.48,6079317.91,1396.69,0.08,55.15,225.96,9.18,0.25,0.05,394,319.89,667.02,proton
4,442223018,1,1,1,36.65,0.82,139.81,1.05,205.31,-32.53,70.5,-8.37,3.327,0.255,2.872,0.216,694.48,13.95,5157.26,16651.47,5.22,0.14,-15274.86,46.42,20634.88,92.26,13.3,461940.55,6119786.54,1463.13,0.07,82.04,218.26,10.18,0.26,0.05,936,504.09,617.66,iron
2,537503584,1,0,1,39.0,0.27,281.63,0.61,294.55,-43.67,32.95,-72.13,2.01,0.141,1.724,0.119,803.85,10.94,4267.61,11015.1,2.93,0.07,12681.21,31.17,4003.02,31.73,-41.79,489920.2,6103235.24,1373.2,0.08,89.29,233.42,8.86,0.25,0.05,1009,484.16,530.52,proton
1,912918128,0,0,1,30.57,0.42,338.07,0.73,244.87,-40.75,71.08,-40.87,0.652,0.046,0.545,0.036,717.82,15.46,4355.26,9065.52,0.93,0.02,-11461.77,38.66,-24471.98,25.98,-68.93,465862.66,6074718.03,1386.68,0.13,37.45,233.12,8.99,0.26,0.05,334,15.21,527.81,iron
2,325396636,0,0,1,48.43,0.9,27.18,0.72,218.13,-2.81,102.72,-5.91,1.068,0.077,0.901,0.063,747.25,27.04,6076.46,17557.31,1.56,0.06,23631.62,123.0,8428.31,83.96,-88.15,500849.69,6107684.76,1358.23,0.14,33.24,228.63,8.38,0.26,0.04,745,502.83,515.8,iron
2,726988464,0,0,1,47.63,0.68,90.6,0.86,187.09,-19.3,73.3,12.44,0.936,0.068,0.787,0.055,722.5,20.82,6154.06,18538.1,1.37,0.06,26508.62,88.63,7309.64,113.53,-104.18,503730.71,6106575.71,1355.2,0.17,21.72,228.63,8.18,0.25,0.05,740,284.83,336.21,iron
1,765595809,1,0,1,57.73,0.59,71.31,1.04,196.75,12.66,107.19,20.0,1.781,0.127,1.518,0.106,772.31,30.53,7364.44,18245.11,2.48,0.08,-6332.6,65.1,-27446.96,150.8,-79.94,470996.01,6071753.82,1380.03,0.11,26.39,242.36,8.1,0.27,0.05,470,333.7,418.1,proton
1,34047611,1,0,0,45.16,0.34,125.91,0.5,197.51,-20.81,77.37,3.39,1.579,0.107,1.347,0.089,723.74,13.18,5845.6,12347.53,2.39,0.07,-10702.73,38.0,-20448.69,38.93,-50.19,466612.72,6078739.53,1390.52,0.1,40.58,224.03,8.22,0.25,0.05,306,190.72,495.74,iron
4,598694425,0,1,1,44.46,0.87,83.42,0.7,186.74,-25.26,68.17,9.25,4.972,0.395,4.297,0.338,718.79,21.84,5783.37,25404.1,7.47,0.27,-14304.68,90.29,28210.05,101.35,1.57,462889.8,6127357.51,1477.24,0.1,36.24,227.94,8.81,0.29,0.05,998,516.22,589.94,iron
4,986437285,0,0,1,36.54,0.63,334.89,1.7,247.07,-34.39,79.75,-42.04,1.169,0.091,0.991,0.076,713.14,18.27,4921.99,17702.91,1.71,0.08,-20888.09,71.92,4915.76,71.43,27.1,456366.71,6104064.97,1459.63,0.12,35.48,230.08,8.72,0.26,0.04,785,342.76,909.59,iron
2,783609422,1,0,1,24.08,0.24,21.74,1.14,228.1,-25.19,85.63,-23.88,1.896,0.136,1.628,0.114,759.77,10.29,3406.19,9217.68,2.83,0.05,13554.47,23.58,-10356.62,24.35,-48.82,490828.94,6088887.58,1374.08,0.07,83.94,228.13,9.06,0.26,0.05,581,122.97,436.14,iron
4,752978250,0,0,1,30.62,0.61,186.01,0.78,240.91,-76.75,26.77,-32.65,0.734,0.058,0.615,0.047,766.3,18.54,3793.32,9357.68,1.11,0.04,-29962.94,37.27,6068.81,29.91,46.97,447298.08,6105193.51,1518.32,0.07,60.91,219.81,10.97,0.27,0.05,638,212.44,461.65,proton
4,634191292,0,0,1,38.23,0.63,260.11,1.49,298.58,-44.79,22.89,-72.0,0.735,0.056,0.615,0.046,657.91,17.64,5694.3,15893.65,1.09,0.05,-31971.2,81.1,2866.77,99.01,76.05,445297.71,6101985.52,1560.22,0.13,27.94,222.93,9.64,0.25,0.05,940,658.24,703.55,iron
4,548883789,0,0,1,33.15,0.85,17.4,0.95,244.9,13.8,131.33,-20.41,0.78,0.069,0.655,0.057,808.69,22.01,3574.88,9481.88,1.16,0.05,-27615.9,49.71,7171.06,42.32,51.32,449639.1,6106300.63,1513.88,0.08,52.67,224.49,10.51,0.26,0.05,628,108.08,270.46,proton
4,370988324,1,0,1,25.72,0.46,320.84,0.96,266.07,-4.13,129.47,-47.99,1.352,0.094,1.152,0.078,687.1,8.66,4270.11,8478.95,2.13,0.04,-30586.33,21.23,8117.24,49.86,53.15,446669.99,6107238.13,1534.48,0.11,39.87,214.4,9.22,0.26,0.05,619,474.89,528.25,iron
4,880282189,0,1,1,49.42,0.54,9.22,0.81,228.42,-4.66,105.79,-15.89,2.764,0.205,2.377,0.174,730.32,19.51,6317.49,22504.54,3.93,0.16,-17366.39,112.03,23090.6,91.7,5.82,459839.36,6122235.82,1468.14,0.22,23.47,239.81,9.35,0.26,0.06,950,658.31,659.14,iron
2,429009228,0,0,1,44.54,0.78,133.43,0.78,131.29,-62.39,16.72,0.23,0.708,0.053,0.591,0.043,700.17,21.99,5968.96,14768.09,1.03,0.04,11305.43,83.73,-3909.19,77.99,-35.08,488564.76,6095325.6,1376.47,0.18,28.23,228.53,8.69,0.26,0.05,718,374.07,528.03,iron
1,538328833,0,0,1,23.63,0.43,70.77,1.02,212.54,-30.05,75.47,-12.89,0.867,0.064,0.73,0.052,656.35,17.66,4526.28,7976.15,1.28,0.03,-21472.57,25.36,-21845.79,33.54,-69.29,455852.11,6077316.54,1403.43,0.12,44.61,225.62,10.25,0.26,0.05,370,139.52,220.62,iron
4,464414836,0,0,1,37.29,0.65,248.7,0.95,280.63,-41.34,59.3,-66.84,0.773,0.061,0.648,0.049,618.81,22.53,6055.01,11278.78,1.16,0.04,-21051.46,36.74,14223.44,74.46,66.68,456181.96,6113363.66,1519.67,0.09,63.67,221.64,9.39,0.25,0.04,918,438.15,602.73,iron
4,542733092,0,0,1,44.23,1.31,258.62,1.81,288.63,-33.03,73.91,-76.31,0.675,0.073,0.563,0.061,784.78,37.29,5025.31,11444.21,1.01,0.08,-21679.56,84.32,13012.13,178.07,69.62,455557.48,6112150.84,1522.21,0.06,50.59,222.2,10.19,0.26,0.05,657,267.37,581.07,iron
4,653917644,0,0,1,47.08,0.74,216.64,0.87,256.87,-48.86,58.57,-48.56,1.326,0.105,1.126,0.088,678.04,25.43,6532.08,15604.19,2.04,0.08,-24944.95,109.36,3670.19,75.86,31.92,452317.42,6102808.53,1482.2,0.09,49.12,219.25,10.95,0.25,0.05,1339,316.16,483.08,iron
2,711308025,0,0,1,37.82,0.84,151.05,0.86,220.73,-12.32,95.25,-12.43,1.001,0.104,0.845,0.088,597.67,36.77,6371.46,14268.43,1.46,0.1,13468.38,68.45,-13283.36,67.05,-55.87,490750.61,6085962.21,1371.68,0.11,53.98,228.82,9.58,0.26,0.05,561,158.77,778.44,iron
4,175808423,1,1,1,54.63,0.5,195.42,0.74,17.77,-66.34,346.07,-30.74,4.766,0.35,4.11,0.298,651.25,22.88,7999.24,19222.03,6.89,0.16,-29716.65,129.04,561.67,42.72,50.67,447557.47,6099690.35,1519.48,0.11,42.23,236.42,8.27,0.27,0.05,1078,38.5,80.1,iron
1,544809331,1,0,1,31.47,0.68,35.95,0.77,221.94,-13.87,94.32,-14.15,1.131,0.089,0.958,0.074,844.66,17.78,3047.89,9842.07,1.7,0.06,-21538.35,35.04,-18544.38,38.99,-57.04,455778.68,6080616.58,1407.38,0.09,52.81,224.1,10.09,0.27,0.05,366,68.7,459.47,proton
2,635932422,1,0,1,19.53,0.51,269.85,1.05,266.43,-16.96,111.95,-54.81,1.176,0.084,0.999,0.07,717.65,12.09,3559.53,9472.83,1.75,0.04,12428.03,34.26,-3722.45,27.9,-40.68,489686.44,6095514.35,1373.79,0.08,60.85,225.76,9.03,0.26,0.05,717,282.19,720.29,iron
4,24869353,1,0,1,54.97,0.7,264.31,0.92,303.18,-31.78,10.28,-85.34,1.027,0.077,0.864,0.063,752.37,31.03,7049.03,16189.4,1.56,0.08,-23557.23,92.65,9597.33,108.8,68.22,453689.66,6108732.36,1521.34,0.14,24.58,219.9,10.17,0.26,0.06,653,649.5,761.63,iron
4,914288725,0,0,1,40.7,0.94,303.54,1.23,285.94,-3.91,154.94,-61.67,1.022,0.092,0.863,0.077,671.81,25.81,5827.41,13372.87,1.51,0.08,-22614.61,103.29,23878.02,108.87,24.93,454595.32,6123011.46,1507.98,0.05,55.25,226.47,10.7,0.26,0.05,1021,275.43,498.75,iron
4,483780036,1,0,1,32.65,1.02,186.42,0.49,234.97,-35.22,76.61,-32.4,12.79,1.097,11.14,0.955,807.11,16.02,3555.26,21064.31,18.73,0.47,-31632.48,81.52,-5775.45,34.26,10.13,445657.18,6093351.98,1492.57,0.06,63.12,235.83,8.29,0.27,0.04,1066,218.12,287.53,proton
1,917506021,0,0,1,35.64,0.57,76.57,0.86,215.1,2.99,106.51,-0.56,0.861,0.058,0.724,0.047,714.8,10.85,4765.36,9921.89,1.27,0.03,-12592.42,60.38,-22582.87,53.32,-63.63,464729.3,6076604.5,1391.38,0.14,30.5,226.44,8.11,0.25,0.05,419,119.95,639.43,iron
1,198922699,1,1,1,40.97,0.14,244.56,0.69,279.73,-40.06,62.98,-66.86,14.928,1.192,13.002,1.038,780.21,8.58,4699.28,19371.32,21.21,0.36,-13202.78,54.17,-6005.62,24.71,-0.53,464077.68,6093169.71,1414.41,0.07,99.47,243.37,7.01,0.24,0.04,179,745.87,748.67,proton
4,576604572,0,1,1,50.89,0.7,287.72,2.14,297.42,-13.5,171.05,-75.43,6.519,0.602,5.637,0.518,707.36,20.03,6900.22,37989.61,9.94,0.55,-20260.57,250.49,-13594.58,214.64,-32.26,457042.48,6085566.97,1413.83,0.16,24.79,224.86,9.79,0.28,0.05,417,228.54,319.16,iron
4,142682012,0,0,1,58.89,0.52,322.49,1.5,307.09,16.34,198.64,-46.34,0.807,0.062,0.674,0.051,846.21,32.01,7036.03,14211.8,1.21,0.05,-26214.56,142.08,23212.25,110.25,52.88,450995.33,6122339.42,1545.32,0.09,34.81,221.33,11.14,0.26,0.06,1025,350.85,429.83,proton
2,261449702,0,0,1,30.9,0.55,127.46,1.5,224.66,2.37,110.4,-9.32,0.971,0.073,0.82,0.06,753.87,18.54,3996.16,12977.92,1.4,0.05,13768.6,57.28,3210.03,57.24,-43.4,491008.68,6102446.45,1372.4,0.14,36.59,232.21,8.87,0.25,0.05,773,69.19,210.04,iron
4,824376807,1,0,1,48.59,0.48,264.29,0.52,294.83,-30.19,77.7,-82.26,6.317,0.48,5.464,0.412,722.53,16.45,6369.04,21341.31,9.54,0.26,-10846.08,34.58,16953.72,108.2,-1.84,466374.56,6116118.45,1431.09,0.07,58.22,227.38,7.14,0.24,0.05,860,279.28,279.41,iron
4,926787824,0,0,1,42.05,0.6,321.76,0.79,286.77,9.59,167.54,-50.08,1.016,0.075,0.857,0.061,678.72,18.77,5966.39,16103.87,1.53,0.06,-27246.98,63.71,4092.34,83.18,41.51,450016.82,6103224.49,1501.79,0.17,30.47,222.15,9.47,0.26,0.05,626,11.24,272.75,iron
4,327872057,1,0,1,45.64,0.45,38.27,0.72,248.41,45.12,157.75,-2.37,1.363,0.106,1.158,0.088,759.56,20.37,5552.21,11591.33,2.0,0.07,-27599.06,70.61,4532.29,41.44,41.51,449662.48,6103663.13,1501.78,0.06,57.18,229.63,11.16,0.26,0.06,626,98.02,238.56,iron
4,710748858,1,0,1,38.87,0.49,254.6,0.85,281.07,-27.69,96.15,-70.61,1.527,0.105,1.302,0.087,705.75,10.9,5290.38,15100.64,2.31,0.07,-34843.65,47.76,3724.82,100.78,86.4,442425.24,6102837.89,1583.36,0.17,25.76,223.54,7.92,0.26,0.04,648,237.02,572.06,proton
2,467192022,0,0,1,55.48,0.49,242.11,1.12,283.91,-44.05,50.04,-67.19,0.951,0.07,0.798,0.057,838.95,27.01,6396.35,12651.61,1.37,0.05,14202.45,52.0,-2386.91,97.65,-41.86,491456.91,6096854.97,1373.62,0.13,28.41,230.73,10.46,0.25,0.06,729,49.52,372.28,proton
1,858519846,1,1,1,39.97,1.01,146.57,0.6,200.62,-40.79,61.33,-8.87,6.985,0.628,6.053,0.542,784.16,23.14,4585.24,23478.23,10.68,0.45,-8143.12,101.78,-6844.58,62.77,-6.37,469134.87,6092343.38,1403.79,0.08,59.96,224.67,9.97,0.29,0.05,101,186.41,715.23,iron
2,205066650,1,0,1,38.92,0.41,55.62,0.57,265.55,55.45,172.71,-1.46,1.221,0.088,1.036,0.073,738.51,17.68,4910.34,10712.29,1.76,0.06,13397.67,32.6,601.51,37.98,-40.65,490644.47,6099838.37,1373.17,0.1,52.98,233.18,10.47,0.26,0.06,714,607.03,1029.81,iron
4,143236417,0,0,1,37.23,0.7,341.86,0.9,310.75,24.53,201.87,-37.79,0.811,0.063,0.681,0.052,674.79,20.59,5456.94,11776.33,1.22,0.05,-28748.6,64.31,6533.03,64.38,46.2,448510.26,6105660.12,1515.42,0.12,33.11,221.26,10.32,0.26,0.05,622,46.1,487.81,iron
4,890473360,1,1,1,40.19,0.4,260.97,0.71,284.95,-26.94,99.43,-73.99,2.591,0.175,2.23,0.147,694.98,9.85,5558.94,15602.3,3.99,0.1,-29785.37,43.97,3358.0,73.14,55.01,447481.42,6102485.38,1524.5,0.15,26.54,221.74,7.25,0.26,0.05,1069,106.05,261.54,iron
4,845302626,1,0,1,38.1,0.2,62.64,0.74,226.65,24.03,130.33,-0.41,7.922,0.592,6.873,0.511,730.22,8.07,4910.68,16247.3,12.53,0.23,-34596.88,49.23,-3173.29,23.53,53.53,442688.21,6095943.28,1545.22,0.07,95.6,217.57,7.18,0.27,0.05,1060,282.72,950.9,proton
1,916703875,0,0,1,34.99,0.69,52.82,0.92,258.71,46.87,164.21,-5.93,1.686,0.128,1.442,0.108,717.42,16.54,4720.81,16403.46,2.49,0.09,-4140.87,57.55,-24593.46,67.39,-68.05,473179.68,6074613.83,1379.17,0.13,39.31,229.7,8.51,0.25,0.04,314,187.11,665.84,iron
2,295966195,1,0,1,31.21,0.57,325.98,1.38,303.84,15.98,194.13,-46.88,1.457,0.113,1.243,0.095,719.9,23.9,4425.31,9810.99,2.17,0.07,18961.59,62.63,5612.79,33.22,-64.31,496191.69,6104861.28,1364.67,0.07,81.59,226.8,10.38,0.26,0.05,792,512.19,513.07,iron
4,989165139,0,0,1,35.02,0.99,326.94,1.98,270.09,2.49,140.74,-46.66,0.634,0.058,0.529,0.047,837.87,22.51,3554.15,12177.4,0.95,0.06,-21286.73,72.37,13484.34,60.78,61.26,455948.04,6112626.96,1508.87,0.11,39.89,221.79,8.76,0.26,0.04,906,103.1,595.14,proton
2,464036241,1,0,1,22.4,0.37,250.77,0.85,264.5,-26.82,94.38,-55.89,1.408,0.1,1.201,0.084,767.13,11.48,3221.28,7044.55,2.04,0.04,15298.16,28.73,-5633.61,15.87,-48.44,492559.77,6093612.49,1371.27,0.12,48.73,234.02,10.12,0.26,0.05,760,333.66,779.12,iron
2,743467311,1,0,1,27.41,0.42,348.27,1.08,314.98,25.56,206.33,-36.05,1.334,0.098,1.135,0.081,683.01,18.02,4485.42,8889.0,1.98,0.04,16135.63,31.72,2995.92,28.7,-53.28,493375.86,6102238.15,1369.77,0.09,78.59,227.5,9.96,0.26,0.05,756,568.57,664.07,iron
2,147117693,1,0,1,44.22,0.46,137.77,0.66,210.78,-8.07,94.69,-1.77,2.415,0.164,2.076,0.137,721.92,13.18,5689.38,17310.77,3.89,0.12,9380.97,71.5,-794.47,56.08,-25.69,486634.59,6098432.65,1380.24,0.19,26.59,211.46,7.41,0.29,0.05,704,287.38,676.57,iron
4,133513232,1,0,1,36.92,0.3,143.9,0.51,255.5,39.86,157.86,-9.78,2.219,0.156,1.907,0.131,766.97,11.84,4360.89,8558.18,3.19,0.06,-23666.69,22.54,18655.63,24.24,74.85,453558.05,6117788.16,1545.93,0.07,71.33,237.37,9.85,0.27,0.05,689,7.71,79.46,proton
1,255373231,1,0,1,24.48,0.34,325.9,0.75,325.21,11.4,225.08,-45.82,1.969,0.133,1.691,0.111,699.96,9.43,4059.76,8280.34,2.85,0.04,-12182.19,26.4,-22990.36,22.33,-64.42,465139.5,6076196.83,1387.68,0.1,50.25,235.87,8.34,0.26,0.05,343,220.29,463.43,iron
4,937028941,1,0,1,53.75,0.31,356.99,0.87,275.56,35.73,169.11,-22.04,1.911,0.145,1.633,0.122,708.78,21.34,7375.83,12372.28,2.88,0.08,-31674.4,61.6,8046.36,32.61,53.15,445578.54,6107165.58,1534.48,0.13,29.41,225.01,10.04,0.25,0.05,619,334.45,429.62,iron
1,634285665,0,0,1,65.07,0.27,1.8,0.77,284.82,48.42,180.65,-12.72,40.347,3.461,35.156,3.027,803.35,22.22,8886.92,25517.01,55.48,1.06,-30908.35,219.12,-3657.93,145.01,31.01,446371.18,6095469.98,1504.35,0.05,50.82,251.43,5.8,0.25,0.03,1062,264.63,336.79,iron
4,634297117,0,0,1,65.42,0.26,1.8,0.75,285.14,48.69,180.94,-12.53,42.298,3.455,36.862,3.021,802.09,24.64,8988.62,25887.57,58.51,0.98,-31115.36,167.27,-3582.68,31.77,31.01,446161.96,6095544.58,1504.36,0.11,27.74,249.63,4.59,0.29,0.02,1062,300.11,346.56,proton
4,810935159,1,0,1,36.84,0.49,294.67,0.78,301.74,-2.19,190.03,-65.03,1.23,0.083,1.044,0.069,728.02,10.21,4835.52,11753.5,1.85,0.04,-31722.9,37.39,6000.47,66.92,59.86,445537.37,6105122.79,1538.33,0.13,27.27,223.73,6.83,0.26,0.04,649,562.14,583.75,iron
1,165144094,1,0,1,31.44,0.54,220.78,0.7,257.42,-38.23,74.72,-50.54,1.278,0.103,1.087,0.087,891.03,15.79,2651.48,9509.78,1.89,0.06,-22299.15,30.51,-18657.87,27.89,-59.01,455016.49,6080499.45,1410.78,0.07,65.0,227.82,9.42,0.26,0.05,395,656.86,658.24,proton
4,616800768,0,0,1,17.51,0.51,321.11,1.56,308.29,17.92,200.03,-44.65,0.635,0.046,0.531,0.037,700.53,15.09,3707.11,7505.85,0.92,0.02,-25585.88,37.45,17815.47,25.41,87.51,451642.12,6116943.73,1563.71,0.09,51.22,228.12,9.33,0.26,0.05,76,253.43,488.15,iron
4,309881667,1,0,1,33.4,1.02,205.44,0.87,283.23,16.41,166.87,-42.45,2.851,0.241,2.459,0.206,814.17,17.73,3621.67,16372.13,4.3,0.15,-33061.27,71.45,-463.23,45.26,64.61,444215.97,6098656.98,1552.1,0.08,51.51,226.72,10.3,0.28,0.05,1059,284.28,407.53,iron
2,417046655,1,1,1,27.38,0.48,180.32,0.72,298.46,31.78,188.43,-30.94,15.423,1.246,13.457,1.087,744.19,11.57,3854.51,9474.7,23.26,0.31,22800.52,38.65,4465.87,28.19,-85.3,500030.45,6103724.17,1359.97,0.06,61.03,229.3,9.04,0.27,0.04,776,768.41,775.7,proton
2,42863307,0,0,1,46.49,1.22,40.6,1.11,268.34,57.35,175.02,-0.64,0.696,0.074,0.581,0.062,741.08,44.55,5932.37,13831.3,1.02,0.07,18091.95,128.48,5256.02,77.78,-64.31,495325.24,6104502.79,1364.66,0.14,46.64,226.11,9.41,0.26,0.04,792,283.54,313.3,iron
2,325498771,0,0,1,29.7,0.43,151.85,0.77,318.91,43.2,205.05,-18.15,0.896,0.065,0.755,0.053,621.96,18.14,5469.57,10485.42,1.28,0.04,14397.78,40.06,-8405.12,31.19,-51.26,491666.33,6090840.22,1371.41,0.13,40.88,234.21,9.5,0.27,0.05,730,320.65,321.04,iron
1,842388099,0,0,1,37.88,0.42,157.43,0.57,241.48,17.83,132.71,-15.39,1.108,0.084,0.937,0.07,718.74,19.88,5015.35,11864.3,1.57,0.06,-10497.83,39.25,-18259.49,35.9,-41.15,466812.81,6080928.24,1391.59,0.08,62.7,236.81,10.76,0.27,0.06,199,100.04,655.58,iron
4,174392865,1,0,1,26.87,0.53,37.08,1.47,321.71,43.97,206.87,-16.85,1.5,0.12,1.281,0.101,821.99,15.4,2934.3,10669.11,2.22,0.07,-22293.04,61.01,17584.04,35.84,68.77,454934.02,6116721.22,1533.52,0.11,39.22,229.37,9.09,0.26,0.04,71,28.08,537.79,iron
2,393918822,0,0,1,33.43,0.56,121.45,1.16,268.29,51.62,172.09,-5.57,0.709,0.052,0.594,0.042,723.39,16.08,4513.38,12770.88,1.05,0.04,18940.38,42.95,5328.95,64.96,-64.31,496172.49,6104576.26,1364.67,0.16,33.55,225.08,9.08,0.26,0.05,792,448.98,535.45,iron
4,151824886,0,0,1,37.7,0.64,355.26,2.28,344.29,17.82,239.3,-29.77,1.831,0.162,1.568,0.138,800.17,19.66,4129.83,18066.28,2.7,0.15,-16046.95,83.84,15264.68,80.42,26.3,461179.14,6114418.78,1461.98,0.15,35.89,230.24,9.19,0.25,0.05,867,499.0,722.96,iron
4,816125633,1,0,1,25.9,0.4,121.09,0.73,316.86,49.71,202.02,-12.17,1.345,0.097,1.145,0.081,718.61,11.89,3966.12,8137.24,2.01,0.04,-26577.42,25.74,20267.63,25.83,81.83,450646.04,6119390.3,1565.59,0.1,51.87,225.59,10.63,0.26,0.05,1031,643.31,748.5,iron
2,319051547,0,0,1,29.04,0.6,276.45,0.81,318.17,-5.56,229.51,-64.01,0.717,0.053,0.601,0.043,685.86,16.64,4538.25,10108.82,1.08,0.03,12232.5,31.77,-5661.51,43.24,-36.38,489495.85,6093576.86,1377.12,0.08,56.33,220.34,10.45,0.26,0.05,578,313.7,735.68,iron
2,291123042,1,0,1,35.88,0.44,118.19,0.6,215.35,-0.99,103.08,-2.6,1.207,0.079,1.023,0.064,702.31,9.19,4995.29,10480.77,1.81,0.04,21266.62,22.3,2706.42,57.43,-73.52,498503.27,6101962.3,1363.01,0.17,27.37,224.34,7.52,0.26,0.04,769,133.45,283.14,iron
2,331050130,0,0,1,37.64,0.5,108.31,1.0,240.35,43.54,152.8,0.98,0.949,0.07,0.799,0.058,800.7,14.57,4117.35,12958.83,1.42,0.05,15853.3,55.85,4199.05,70.76,-52.92,493089.48,6103440.61,1368.94,0.14,31.25,223.06,10.36,0.24,0.05,775,286.7,302.41,proton
1,13421472,0,0,1,41.78,0.89,84.18,1.46,284.25,68.15,185.97,6.29,3.215,0.261,2.772,0.222,743.09,21.44,5182.62,23326.68,4.77,0.19,-25698.18,107.3,-8781.77,93.03,-16.82,451596.32,6090363.03,1441.54,0.12,35.86,230.76,9.06,0.24,0.05,1248,110.88,268.42,iron
4,88306952,0,0,1,44.91,0.67,321.5,0.95,348.72,-41.27,315.72,-50.1,0.632,0.049,0.526,0.039,740.35,22.21,5588.0,10314.89,0.9,0.03,-33002.9,61.62,8191.39,58.97,50.59,444252.24,6107308.12,1539.37,0.1,28.51,231.54,10.99,0.26,0.06,618,270.6,367.78,proton
2,194340035,1,0,1,38.96,0.58,57.32,0.67,36.9,-9.72,293.31,-0.93,1.218,0.085,1.033,0.07,876.34,10.63,3509.67,8968.31,1.82,0.04,23308.01,26.92,2175.22,77.3,-77.63,500545.38,6101436.93,1366.33,0.14,23.45,225.73,9.07,0.22,0.05,910,413.83,569.42,proton
1,873822500,0,0,1,41.98,0.83,52.63,0.88,289.22,62.33,186.54,0.14,0.925,0.068,0.779,0.056,676.75,21.2,5852.44,13639.78,1.41,0.05,-24517.29,90.06,-18215.57,74.48,-60.93,452801.28,6080938.73,1414.27,0.1,40.16,218.81,8.95,0.26,0.04,398,295.98,685.06,iron
2,557409157,1,0,1,22.93,0.26,350.99,1.19,348.78,4.52,254.46,-35.59,1.356,0.098,1.155,0.082,767.04,13.36,3181.16,8176.64,1.94,0.04,13019.22,21.95,-5877.24,22.74,-41.0,490282.85,6093362.82,1375.37,0.07,81.97,236.01,9.61,0.25,0.05,747,221.06,225.37,iron
2,261022419,0,0,1,38.6,0.65,164.98,0.72,332.46,38.78,216.77,-18.55,1.205,0.091,1.022,0.075,682.55,19.51,5413.27,14011.7,1.78,0.06,26984.23,74.27,7702.18,44.14,-110.16,504203.2,6106969.54,1353.92,0.08,59.92,227.41,10.34,0.26,0.05,743,160.0,607.52,iron
1,905914996,0,0,1,24.09,0.46,44.07,1.02,328.29,41.59,212.47,-17.39,0.949,0.066,0.801,0.054,692.92,10.97,4143.41,8871.46,1.44,0.03,-10655.76,47.54,-26984.65,22.28,-81.62,466675.48,6072208.48,1384.43,0.13,41.8,220.74,8.95,0.25,0.05,337,151.9,329.72,iron
1,978137064,0,0,1,45.15,0.95,173.92,1.69,226.15,-20.04,90.11,-20.33,0.958,0.085,0.806,0.071,599.21,45.33,7256.92,12683.61,1.41,0.07,-14536.54,178.86,-16890.31,91.69,-36.48,462774.1,6082286.75,1399.99,0.07,55.54,227.04,9.97,0.26,0.05,438,296.59,652.08,iron
1,43124659,0,0,1,13.99,0.45,162.83,1.55,259.06,14.74,141.94,-30.3,0.883,0.064,0.745,0.052,675.08,14.54,3866.67,7417.83,1.35,0.03,-18430.15,18.67,-20539.53,30.85,-58.14,458890.19,6078629.91,1398.88,0.1,55.42,218.88,10.2,0.25,0.05,390,724.02,752.39,iron
1,783603720,0,1,1,47.0,0.48,254.54,0.72,309.45,-14.38,219.65,-75.87,2.876,0.221,2.475,0.188,719.07,16.51,6105.37,17108.09,4.27,0.15,-435.3,57.31,-20597.06,103.42,-51.23,476873.77,6078618.79,1381.51,0.07,77.09,229.79,9.47,0.27,0.05,281,372.24,788.2,iron
2,493238285,0,0,1,36.37,0.99,43.56,0.87,299.37,55.33,190.82,-7.48,0.845,0.066,0.71,0.054,699.59,21.46,5071.54,13588.57,1.26,0.05,16503.93,95.91,6129.19,65.13,-58.26,493735.02,6105370.59,1365.95,0.07,46.42,223.65,8.66,0.26,0.04,1003,3.13,830.06,iron
2,483160049,0,0,1,42.04,0.47,155.45,0.75,224.97,-2.13,106.49,-11.68,0.902,0.064,0.759,0.052,724.08,16.19,5420.8,10142.73,1.35,0.04,15977.38,44.32,-8663.16,41.04,-55.33,493245.74,6090586.23,1370.94,0.14,32.07,223.54,9.74,0.25,0.05,1173,83.39,104.54,iron
4,636384403,0,0,1,44.04,0.54,263.49,0.73,299.31,-15.79,175.6,-78.17,0.67,0.05,0.559,0.04,678.37,19.77,6162.52,15740.43,0.93,0.04,-36213.78,64.26,5102.0,88.83,91.89,441052.65,6104210.88,1597.17,0.17,20.32,237.79,9.66,0.24,0.05,644,96.3,504.32,iron
4,388216096,1,0,1,28.67,0.32,196.27,0.67,286.01,22.26,172.88,-37.97,2.649,0.191,2.284,0.161,741.55,10.11,3914.1,9578.04,3.87,0.07,-23750.17,25.42,9116.89,25.04,62.97,453496.73,6108254.72,1516.77,0.07,74.68,234.39,9.69,0.26,0.05,666,24.21,757.34,proton
1,858144451,1,0,1,39.77,0.43,116.44,0.54,324.18,62.49,202.5,1.22,1.211,0.082,1.027,0.068,690.74,10.94,5504.96,11627.48,1.86,0.05,-17700.98,24.94,-19529.81,60.7,-52.82,459615.49,6079641.51,1402.29,0.15,24.59,219.33,9.09,0.25,0.05,323,708.94,746.36,iron
4,48394720,1,0,1,37.99,0.7,350.45,0.89,297.11,30.06,186.88,-32.54,1.097,0.085,0.928,0.071,628.85,20.16,6007.01,12638.2,1.64,0.06,-33157.17,90.76,3904.47,43.26,76.73,444111.54,6103022.12,1565.56,0.06,48.51,224.52,10.4,0.26,0.05,627,222.89,530.5,iron
2,784754206,0,0,1,38.26,0.51,289.69,1.31,300.28,-5.54,185.71,-68.26,1.064,0.085,0.899,0.071,721.76,23.5,4971.9,12111.6,1.6,0.06,24265.09,85.07,9003.22,40.82,-94.02,501484.15,6108262.8,1357.95,0.06,90.51,223.46,11.09,0.26,0.05,744,277.6,664.46,iron
4,500163145,1,0,1,27.18,0.42,142.4,0.74,311.29,46.03,198.9,-16.45,1.714,0.125,1.468,0.105,746.01,11.61,3711.19,8779.4,2.53,0.05,-23890.01,25.15,19074.24,25.93,74.85,453334.64,6118205.32,1545.95,0.07,68.24,230.06,9.95,0.26,0.05,689,424.69,427.34,iron
1,303024680,1,0,1,22.98,0.39,49.5,0.91,357.5,23.45,244.26,-16.97,1.12,0.08,0.95,0.066,782.94,9.84,3045.49,7382.71,1.72,0.03,-19241.56,17.74,-20664.25,34.21,-59.55,458078.58,6078502.99,1401.75,0.09,45.39,218.88,9.21,0.27,0.05,374,100.14,336.15,proton
1,243075098,1,0,1,22.53,0.38,37.43,0.94,324.24,39.69,210.2,-20.29,2.062,0.146,1.773,0.123,725.12,9.65,3627.08,9257.91,3.14,0.06,-9882.65,37.52,-27558.25,21.01,-81.83,467448.38,6071636.28,1381.79,0.08,42.79,224.16,8.33,0.26,0.04,325,721.08,802.29,iron
1,81825342,1,0,1,51.38,0.43,152.66,0.74,2.97,38.01,236.04,-3.98,1.886,0.137,1.612,0.115,843.34,17.07,5464.07,12791.31,2.86,0.09,-7014.04,62.97,-19453.3,79.63,-44.91,470296.05,6079744.54,1388.63,0.07,63.38,223.68,9.23,0.27,0.05,305,578.04,630.38,iron
1,507544329,1,0,1,46.51,0.72,8.18,0.85,36.32,-49.82,330.13,-18.33,1.748,0.136,1.493,0.115,797.66,25.64,5154.0,13549.24,2.56,0.09,-23748.55,99.26,-14968.32,54.48,-42.3,453560.37,6084184.57,1419.56,0.09,67.87,231.46,11.29,0.26,0.06,377,0.01,137.8,iron
4,440265223,0,0,1,40.57,0.48,50.17,0.59,27.53,6.98,274.19,-1.59,0.707,0.048,0.591,0.039,701.88,11.73,5371.68,11025.49,1.04,0.03,-26420.66,54.93,19666.07,49.15,81.83,450802.51,6118790.23,1565.58,0.19,20.34,225.36,8.9,0.23,0.05,1031,121.26,547.94,iron
4,345581923,1,0,1,31.17,0.39,330.62,0.67,355.69,-32.72,303.25,-44.4,1.294,0.09,1.1,0.075,693.71,10.78,4569.82,9031.99,1.98,0.05,-25115.87,36.97,17744.57,24.08,83.8,452109.97,6116875.19,1554.1,0.11,39.01,220.5,10.12,0.26,0.06,73,549.76,714.65,iron
2,394879716,1,1,1,35.35,0.37,160.87,0.56,329.23,40.17,213.76,-18.39,3.773,0.252,3.26,0.213,771.98,7.83,4133.03,11172.31,5.58,0.08,16939.02,33.52,3287.69,46.72,-53.28,494177.21,6102531.9,1369.74,0.12,31.65,232.12,5.97,0.24,0.04,756,183.41,301.32,iron
1,891468495,1,0,1,31.86,0.43,66.28,0.89,18.88,14.09,263.85,-5.66,1.369,0.095,1.166,0.079,684.11,11.77,4758.31,12706.91,2.03,0.06,-12094.07,47.42,-19069.55,57.43,-47.57,465218.2,6080115.55,1393.02,0.13,29.84,227.85,8.89,0.26,0.05,354,294.52,337.1,iron
4,645066503,1,0,1,55.02,0.35,291.08,0.93,322.34,-29.65,295.83,-72.77,1.153,0.084,0.973,0.069,698.63,19.6,7482.14,12954.68,1.73,0.05,-23404.44,77.68,22195.34,91.02,40.44,453810.75,6121327.39,1521.38,0.07,47.09,223.64,9.03,0.25,0.05,963,35.61,693.8,iron
2,22826689,0,0,1,54.28,0.66,178.4,1.34,265.05,34.68,160.68,-18.55,0.887,0.066,0.744,0.053,810.96,29.94,6279.06,13197.2,1.29,0.04,20701.32,143.23,4595.25,57.72,-70.09,497934.3,6103848.18,1364.72,0.08,32.04,229.34,8.87,0.26,0.05,751,55.21,317.25,proton
1,531773134,1,0,1,33.19,0.35,113.61,0.55,333.87,54.24,210.4,-4.37,3.461,0.23,2.99,0.194,699.59,7.39,4700.25,11346.84,5.3,0.09,-14652.44,27.65,-18739.38,43.38,-46.15,462660.63,6080438.26,1397.45,0.12,35.25,224.16,5.81,0.24,0.04,403,642.86,662.71,iron
2,971401917,1,0,1,43.27,0.89,87.93,0.48,16.37,44.57,236.45,8.0,8.474,0.685,7.35,0.592,1044.27,23.94,2623.91,16410.42,12.6,0.3,6708.37,52.94,911.58,63.46,-23.85,483958.66,6100132.89,1381.13,0.08,53.37,231.41,7.92,0.26,0.04,696,41.14,1220.75,proton
1,189273274,0,0,1,40.17,0.88,39.43,1.35,50.22,-42.04,327.35,-6.25,0.634,0.05,0.528,0.04,784.58,23.57,4515.38,12566.6,0.95,0.04,-13828.88,70.12,-18576.84,86.82,-46.15,463484.01,6080604.06,1397.42,0.14,31.43,220.36,10.47,0.26,0.05,403,35.64,340.8,proton
1,8149845,1,1,1,35.1,0.27,266.92,0.68,293.13,-9.84,162.85,-70.39,2.953,0.221,2.547,0.187,843.08,10.69,3421.12,10774.0,4.51,0.09,-11397.02,27.91,-17652.12,24.92,-40.43,465911.09,6081533.1,1394.94,0.07,87.68,223.98,9.06,0.27,0.05,356,268.52,358.22,proton
1,426522189,1,0,1,22.03,0.24,312.79,1.16,302.13,13.29,191.65,-49.57,6.702,0.519,5.819,0.447,748.38,10.41,3379.48,12560.45,9.79,0.18,-22066.37,30.37,-14790.51,24.0,-41.72,455241.28,6084366.19,1414.65,0.06,80.01,235.96,8.95,0.25,0.05,372,182.43,303.51,proton
4,379826199,1,0,1,33.38,0.38,67.48,0.61,35.68,-13.49,296.12,-3.72,1.283,0.089,1.09,0.074,636.73,13.6,5463.87,9853.86,1.93,0.04,-23787.85,32.1,13202.56,28.31,78.27,453450.51,6112338.19,1536.24,0.1,48.65,224.41,8.94,0.25,0.05,635,268.75,285.13,iron
4,103358760,0,0,1,47.09,0.73,95.35,0.9,44.9,2.6,286.03,11.83,0.898,0.071,0.754,0.059,745.61,26.41,5809.11,12624.01,1.35,0.05,-20749.27,38.24,15712.84,101.37,61.44,456480.82,6114855.1,1515.02,0.09,53.75,221.89,11.07,0.25,0.05,844,247.92,310.61,proton
2,560363615,0,1,1,50.92,0.28,311.26,0.88,329.33,-5.93,247.46,-57.14,18.725,1.589,16.308,1.386,780.22,13.47,6018.95,26967.62,27.65,0.72,-5655.89,90.05,11822.27,124.21,-0.55,471575.61,6111003.23,1414.26,0.06,111.79,234.23,8.17,0.24,0.04,827,92.35,552.38,proton
4,560405840,1,1,1,50.22,0.73,313.3,0.58,329.8,-4.28,245.88,-55.66,19.965,1.682,17.398,1.468,751.95,26.34,6186.67,31450.88,29.01,0.85,-5666.82,102.94,11518.75,126.29,-0.55,471565.93,6110699.45,1414.28,0.11,32.05,237.65,6.6,0.29,0.04,827,412.96,602.47,iron
4,227497465,0,0,1,38.83,0.74,337.34,0.48,352.66,-10.02,272.64,-40.23,0.657,0.047,0.549,0.037,658.83,12.54,5703.47,9863.48,1.06,0.03,-26650.1,76.22,12833.49,35.93,91.3,450591.97,6111961.79,1561.11,0.23,22.47,206.0,9.33,0.23,0.05,651,628.18,651.86,iron
2,620592570,0,0,1,33.73,0.55,291.96,0.76,316.89,-5.1,226.45,-64.26,1.139,0.088,0.965,0.073,774.62,14.92,3908.03,12208.36,1.75,0.06,9122.58,28.72,-4243.46,45.56,-28.92,486384.5,6094985.33,1379.76,0.06,69.2,218.76,9.58,0.27,0.05,676,446.86,484.77,iron
3,995106901,1,0,1,37.23,0.31,124.84,0.81,281.03,58.0,181.44,-2.92,1.989,0.14,1.706,0.118,655.64,12.35,5500.44,11582.56,3.09,0.06,4446.71,50.5,21480.18,25.57,-57.04,481645.12,6120684.14,1384.44,0.08,88.76,218.95,9.36,0.24,0.05,1302,268.69,936.26,iron
1,577811186,0,0,1,38.27,0.95,357.61,1.45,358.48,3.31,262.29,-28.45,0.738,0.062,0.618,0.051,720.04,26.09,4906.77,14743.16,1.09,0.06,-7594.3,87.55,-21901.04,90.03,-56.23,469721.91,6077296.85,1385.56,0.12,34.3,224.95,10.16,0.25,0.05,311,359.5,369.7,iron
2,620294009,1,0,1,41.2,0.4,246.59,0.66,303.09,-5.24,193.27,-68.11,1.011,0.076,0.853,0.063,690.45,20.81,5545.63,10433.32,1.47,0.04,13755.78,35.84,745.85,41.77,-41.03,491002.04,6099983.5,1374.06,0.09,57.46,229.75,10.68,0.26,0.05,719,168.08,320.73,iron
2,253464791,1,0,1,36.87,0.34,276.86,0.46,321.28,-19.52,262.43,-71.54,1.963,0.129,1.683,0.108,816.9,9.59,3805.57,9956.87,2.93,0.05,12682.37,28.96,-6981.65,26.42,-41.91,489948.81,6092258.37,1374.36,0.08,47.84,227.76,6.73,0.26,0.04,507,253.3,472.74,proton
4,463737463,1,0,1,53.54,0.35,286.25,0.83,312.36,-17.16,235.97,-76.75,1.2,0.089,1.015,0.074,712.41,19.44,7090.8,12797.79,1.79,0.05,-22433.94,63.07,21501.47,87.34,48.33,454782.05,6120637.82,1522.26,0.07,49.14,225.26,10.89,0.25,0.06,1026,213.93,322.88,iron
4,148418191,0,0,1,45.76,0.78,274.95,1.13,302.43,-17.39,190.05,-80.25,2.197,0.173,1.886,0.147,718.37,23.07,5853.57,22610.45,3.48,0.17,-22838.59,113.37,-593.48,111.95,20.92,454433.38,6098555.52,1459.39,0.14,29.76,214.93,9.9,0.26,0.05,1324,1112.36,1128.87,iron
2,68665985,1,1,1,47.57,0.42,85.12,0.54,351.47,68.69,209.04,12.16,3.656,0.254,3.153,0.215,721.05,14.58,6068.98,15792.45,5.62,0.15,7715.6,33.53,-3045.74,76.31,-24.29,484975.17,6096179.12,1380.99,0.08,42.37,222.34,6.75,0.28,0.05,705,590.04,593.48,iron
4,857944956,0,0,1,29.38,0.48,87.07,1.03,27.61,-2.2,282.4,-5.74,0.827,0.06,0.696,0.049,652.38,15.43,4894.49,8568.04,1.27,0.03,-26048.37,43.63,18452.48,33.16,95.35,451178.45,6117580.87,1578.28,0.1,41.33,218.18,9.94,0.25,0.05,703,447.34,596.87,iron
2,156884005,1,0,1,30.17,0.69,153.72,0.75,334.29,38.06,218.46,-18.5,1.382,0.097,1.177,0.08,762.68,8.93,3779.36,7941.17,2.07,0.05,16999.52,57.02,-560.5,50.74,-55.01,494246.23,6098686.77,1369.42,0.16,32.43,225.79,9.52,0.25,0.05,875,157.95,618.11,proton
4,482830369,0,0,1,46.14,0.45,244.05,0.74,315.64,-9.05,228.84,-68.29,0.892,0.064,0.749,0.052,664.03,19.07,6518.8,11708.69,1.3,0.04,-24716.48,47.86,10233.47,56.69,62.97,452530.87,6109370.79,1516.76,0.1,37.96,228.03,9.79,0.26,0.05,666,221.76,652.81,iron
1,697245777,0,0,1,56.07,0.43,305.31,0.9,294.63,-55.43,22.61,-61.06,4.873,0.386,4.201,0.329,679.45,21.12,7891.75,17845.68,7.24,0.2,-16403.77,204.26,-4550.09,126.08,9.2,460875.04,6094614.22,1432.6,0.05,87.35,230.11,10.18,0.25,0.05,1306,421.25,723.04,iron
2,163904639,0,0,1,38.07,0.59,139.62,0.97,334.88,50.56,212.67,-7.33,0.725,0.051,0.606,0.041,668.67,13.95,5564.61,13730.14,1.09,0.04,15895.09,66.27,3336.28,76.16,-46.85,493134.41,6102577.21,1372.44,0.16,26.16,220.15,8.74,0.27,0.05,759,590.85,592.58,iron
4,157790303,1,0,1,45.51,0.56,351.57,0.46,10.69,-22.88,295.23,-29.19,2.779,0.198,2.392,0.167,787.97,16.39,5189.57,15862.45,4.2,0.12,-24906.92,61.99,26747.46,53.44,4.48,452297.57,6125872.23,1508.79,0.1,37.65,226.04,7.98,0.24,0.05,1047,5.57,309.52,proton
4,576768783,1,0,1,44.52,0.58,277.94,0.79,314.76,-33.25,316.67,-78.1,1.638,0.124,1.398,0.105,784.93,19.12,5078.14,16844.34,2.37,0.09,-24362.94,73.1,4107.43,83.65,36.85,452898.47,6103247.02,1484.93,0.12,25.75,233.99,9.38,0.25,0.05,636,134.0,209.04,iron
1,390411269,1,0,1,36.08,0.5,61.14,0.65,53.21,-39.07,326.05,-2.75,1.764,0.123,1.509,0.103,748.73,12.52,4470.02,12017.8,2.76,0.08,-23067.36,41.93,-18300.09,49.83,-59.01,454250.06,6080857.62,1410.77,0.11,38.16,216.8,8.35,0.25,0.05,395,224.84,619.65,iron
3,426930067,0,0,1,24.01,0.49,139.53,0.97,251.31,25.03,144.57,-17.93,0.759,0.056,0.637,0.046,658.73,19.57,4502.12,8538.32,1.13,0.03,1140.98,29.32,26788.18,27.43,-67.07,478330.07,6125978.01,1388.42,0.08,67.25,223.61,10.03,0.25,0.05,1297,708.43,709.16,iron
3,239518741,1,0,1,41.76,0.41,31.45,0.5,16.46,13.04,263.58,-8.22,1.323,0.089,1.124,0.073,738.62,13.48,5187.85,12926.59,1.88,0.06,12261.15,42.18,28748.97,41.28,-102.79,489439.4,6127966.61,1375.61,0.11,35.41,237.66,8.21,0.23,0.05,1149,260.4,265.2,iron
4,285639582,1,0,1,55.88,0.28,271.17,0.65,302.67,-28.47,22.6,-88.64,1.478,0.097,1.255,0.08,817.24,14.53,6559.51,12903.6,2.16,0.05,-21213.61,31.26,17424.98,72.89,65.28,456012.57,6116564.01,1524.72,0.08,37.37,230.5,6.84,0.28,0.05,847,3.86,129.74,proton
2,733322868,1,0,1,34.39,0.43,106.89,0.67,40.86,-19.22,303.51,-1.97,1.531,0.104,1.307,0.086,712.79,9.46,4653.82,11772.66,2.32,0.06,21320.08,25.5,4430.32,68.16,-70.09,498552.98,6103683.42,1364.75,0.14,27.53,223.56,8.29,0.24,0.05,751,673.98,694.23,iron
1,447461978,0,0,1,33.41,0.73,6.27,1.12,323.7,34.0,211.91,-25.78,0.771,0.061,0.646,0.05,737.82,21.81,4285.39,12788.46,1.11,0.05,-10536.83,56.79,-19436.55,56.97,-46.02,466774.94,6079752.37,1391.84,0.12,39.04,230.22,10.04,0.26,0.05,308,528.33,539.82,iron
4,812161266,0,0,1,40.73,0.54,294.74,0.64,320.67,-11.35,242.84,-67.05,0.816,0.056,0.685,0.045,664.56,11.6,5802.73,10707.37,1.22,0.03,-26503.4,59.81,11296.32,44.96,77.8,450741.36,6110426.49,1542.64,0.18,23.4,222.31,8.78,0.25,0.05,650,354.49,355.16,iron
4,665058617,0,0,1,45.4,0.66,353.24,0.73,6.02,-9.37,279.04,-28.14,0.865,0.061,0.726,0.05,667.27,20.14,6328.86,13848.41,1.29,0.05,-26947.45,75.73,24242.64,60.69,39.77,450262.5,6123363.95,1540.16,0.1,35.19,224.39,8.95,0.24,0.05,926,340.73,390.06,iron
2,636311943,0,1,1,46.94,0.34,350.79,1.07,7.17,-14.74,285.15,-29.35,2.77,0.211,2.384,0.179,815.36,13.84,5046.69,16350.97,4.2,0.14,2338.36,43.06,-8000.28,98.47,-21.85,479614.81,6091214.04,1384.63,0.08,104.14,224.93,9.04,0.26,0.05,230,665.41,667.88,proton
1,574407435,1,0,1,25.06,0.53,124.73,0.97,358.06,27.47,241.45,-13.95,1.203,0.088,1.022,0.073,714.17,13.14,3894.02,11358.23,1.81,0.05,-15217.86,34.66,-17407.67,42.56,-43.61,462092.07,6081768.09,1397.99,0.09,43.51,223.71,8.93,0.26,0.05,410,562.18,569.17,iron
3,198888584,0,0,1,62.99,0.31,146.26,1.12,31.79,20.59,263.9,8.26,2.205,0.159,1.882,0.133,703.37,18.57,8910.65,16468.71,3.21,0.09,4379.5,230.6,17466.48,128.63,-41.03,481584.91,6116673.56,1387.33,0.05,52.21,232.41,9.69,0.27,0.05,1439,480.56,779.62,iron
4,395337204,0,0,1,65.65,0.23,197.04,0.53,345.4,20.45,238.15,-27.12,11.521,0.889,9.948,0.765,765.7,15.9,8976.88,24673.23,16.69,0.4,1440.3,183.06,3985.34,204.63,-11.71,478684.52,6103189.72,1390.43,0.04,86.59,236.84,7.23,0.22,0.05,1012,433.72,510.74,iron
4,470606911,0,0,1,47.83,0.79,294.29,0.73,313.96,-9.9,226.07,-69.88,0.755,0.055,0.631,0.044,793.89,24.32,5339.8,13240.95,1.06,0.04,-34480.91,75.77,6110.37,84.2,71.33,442780.84,6105225.74,1565.15,0.17,26.38,236.07,9.44,0.27,0.05,620,356.35,366.77,proton
4,943283761,0,0,1,38.91,0.61,56.51,0.9,354.09,49.07,223.55,-1.21,1.77,0.138,1.514,0.116,709.53,16.63,5083.79,14327.72,2.69,0.1,-26271.97,75.49,696.25,42.1,31.58,450998.62,6099832.6,1484.49,0.06,76.35,223.05,10.36,0.26,0.05,1286,621.33,916.76,iron
1,863801605,0,0,1,56.03,0.39,321.05,0.72,350.94,-33.69,304.05,-48.45,3.472,0.264,2.986,0.223,784.18,17.83,6736.88,17308.71,4.89,0.14,-20387.09,146.94,-6374.71,85.59,-1.09,456896.15,6092783.08,1432.96,0.05,80.99,242.39,9.37,0.25,0.05,130,324.81,548.79,proton
1,332595313,0,0,1,23.22,0.5,26.85,0.96,0.02,11.02,256.22,-22.8,0.763,0.055,0.641,0.045,623.24,16.68,4814.61,10640.25,1.11,0.03,-16179.01,34.68,-18425.17,35.87,-44.72,461133.23,6080748.53,1400.49,0.1,44.7,229.69,9.86,0.26,0.05,396,154.9,707.63,iron
2,740688192,0,0,1,48.75,1.19,197.8,2.03,292.94,27.42,182.07,-34.61,0.682,0.064,0.568,0.052,653.06,39.19,6867.23,13322.84,1.01,0.05,16760.81,196.7,2680.46,153.22,-53.28,493999.94,6101924.51,1369.74,0.06,31.04,224.34,11.85,0.26,0.06,756,184.06,293.8,iron
2,713316483,0,0,1,50.45,0.78,189.17,1.4,295.93,34.66,186.35,-27.85,0.89,0.104,0.747,0.088,863.81,38.0,5091.08,13202.09,1.32,0.12,25956.49,184.28,8692.13,92.7,-102.65,503176.5,6107955.95,1355.15,0.04,70.7,224.71,9.93,0.26,0.05,767,70.51,510.21,proton
1,301880552,1,0,1,36.15,0.49,53.42,0.7,42.81,-28.43,312.48,-4.75,1.576,0.106,1.345,0.088,705.36,9.43,4846.05,9835.01,2.3,0.05,-11505.63,62.05,-24989.61,28.89,-75.43,465822.21,6074201.69,1386.57,0.15,29.62,231.76,8.16,0.26,0.05,300,409.76,474.62,iron
3,607793367,0,0,1,45.06,0.59,18.72,0.75,26.1,-14.86,293.24,-12.67,0.974,0.068,0.821,0.055,648.56,17.69,6588.65,13782.52,1.43,0.04,9073.6,79.08,25798.28,60.2,-78.63,486256.85,6125007.88,1376.9,0.09,38.16,227.84,8.95,0.27,0.05,1358,495.08,671.69,iron
4,175558497,1,0,1,30.45,0.43,289.51,0.74,332.77,-22.12,278.97,-62.48,1.105,0.074,0.936,0.061,674.7,10.57,4779.57,9663.25,1.6,0.03,-25212.03,41.64,11320.03,30.68,73.5,452031.71,6110453.88,1532.26,0.11,35.91,232.0,8.74,0.26,0.05,658,299.62,372.26,iron
3,85289438,1,0,0,58.47,0.31,322.18,0.99,328.09,-67.65,359.22,-46.72,1.364,0.095,1.155,0.078,758.41,19.37,7617.66,13883.68,1.95,0.05,-5755.04,79.41,28607.91,108.12,29.62,471437.96,6127775.76,1500.05,0.07,41.57,234.89,9.17,0.27,0.05,984,598.75,825.47,iron
1,724148400,1,0,1,51.08,1.09,74.23,0.83,53.17,-7.43,299.13,14.26,1.129,0.086,0.954,0.071,710.46,37.98,6778.0,17628.49,1.63,0.08,-24285.55,151.08,-17477.64,130.14,-49.91,453029.23,6081672.79,1418.12,0.12,24.72,232.44,9.91,0.25,0.05,373,323.09,756.13,iron
2,399033496,1,1,1,35.58,0.45,178.21,1.05,342.21,23.03,233.74,-27.1,2.648,0.182,2.281,0.153,677.98,10.58,5203.5,17578.44,4.07,0.11,7923.32,64.73,-9637.82,57.71,-34.03,485199.07,6089591.76,1378.64,0.12,32.19,222.41,7.19,0.26,0.04,573,291.05,350.76,iron
2,83323426,0,0,1,70.29,0.41,36.12,2.37,106.13,-46.31,0.93,14.99,2.239,0.157,1.902,0.13,663.51,16.28,11352.0,24371.86,3.34,0.11,2092.26,410.77,1110.0,589.07,-9.94,479345.72,6100318.9,1390.88,0.05,30.39,225.77,8.48,0.29,0.05,1019,304.4,322.99,iron
2,172554227,1,0,1,54.25,0.49,266.0,0.91,305.61,-24.9,240.59,-86.72,1.131,0.08,0.954,0.065,838.6,24.41,6032.29,12675.45,1.58,0.05,13436.34,44.2,-6252.78,87.08,-41.0,490700.57,6092989.73,1375.38,0.1,25.36,240.61,9.42,0.21,0.05,747,132.67,349.02,proton
2,368266055,0,0,1,21.11,0.38,21.72,1.33,5.25,-2.09,271.41,-25.46,0.668,0.049,0.559,0.04,711.7,17.38,3684.37,9140.3,0.98,0.03,12410.27,24.9,-2255.59,28.57,-36.21,489664.96,6096980.7,1376.17,0.07,76.81,225.53,9.91,0.26,0.05,722,55.24,70.39,iron
1,613450688,0,0,1,29.59,0.54,143.44,0.68,288.69,46.44,182.73,-15.3,0.991,0.073,0.837,0.06,676.6,15.45,4585.62,12261.57,1.48,0.05,-15386.51,38.57,-16608.43,38.32,-48.83,461921.56,6082566.41,1391.0,0.09,49.03,224.1,10.54,0.26,0.05,451,79.34,181.88,iron
1,458741721,1,0,1,46.44,0.48,340.17,0.47,1.48,-21.68,290.6,-36.87,1.022,0.069,0.862,0.056,769.49,15.66,5352.56,13611.59,1.49,0.04,-9280.98,54.69,-23302.61,46.31,-60.18,468038.06,6075892.6,1387.16,0.15,27.36,229.71,7.49,0.29,0.05,313,72.08,615.58,iron
4,677238094,0,0,1,47.49,0.85,3.48,0.94,21.5,-24.78,300.97,-20.57,1.34,0.098,1.137,0.082,679.96,17.59,6405.16,20552.83,2.01,0.09,-19195.91,108.76,23295.4,115.89,7.77,458016.17,6122436.65,1481.13,0.14,24.67,224.32,9.4,0.24,0.05,1038,377.69,578.95,iron
2,303690826,0,0,1,37.28,0.79,210.57,1.65,311.69,16.71,204.83,-45.35,0.711,0.059,0.595,0.048,800.85,22.12,3961.29,14487.98,1.05,0.05,9756.53,92.02,-8020.35,62.86,-36.56,487026.45,6091212.27,1377.4,0.12,34.92,224.41,10.34,0.25,0.05,575,720.59,749.92,proton
3,30591178,0,0,1,33.89,0.65,224.22,0.74,291.29,8.47,173.65,-52.65,0.874,0.062,0.735,0.05,666.79,14.38,5064.0,13354.15,1.31,0.04,4787.19,59.37,23742.97,50.85,-64.3,481981.14,6122943.95,1382.18,0.1,37.49,223.24,8.9,0.27,0.05,1122,129.07,131.62,iron
2,698945208,0,0,1,39.93,0.33,317.18,0.63,341.19,-16.21,273.75,-52.97,1.406,0.098,1.197,0.081,690.43,16.93,5388.31,12120.66,1.98,0.05,20637.13,46.96,8960.58,26.65,-81.97,497859.59,6108209.8,1359.23,0.07,83.36,239.12,9.64,0.28,0.05,782,612.45,840.62,iron
3,600082529,0,0,1,47.68,0.96,181.93,0.85,250.96,15.47,136.65,-24.0,0.691,0.057,0.576,0.046,780.54,33.17,5423.47,14257.62,1.02,0.05,-2416.64,93.72,26092.95,86.53,-39.91,474774.35,6125274.44,1415.63,0.13,37.09,223.41,10.6,0.25,0.05,1095,239.64,371.57,iron
2,416271820,1,0,1,30.83,0.57,169.23,0.89,282.37,35.28,174.48,-24.63,1.082,0.078,0.915,0.064,708.61,14.86,4320.71,12848.49,1.57,0.05,15428.49,45.87,4639.56,51.89,-52.92,492663.1,6103879.38,1368.98,0.1,41.17,231.47,9.22,0.25,0.05,775,368.42,688.38,iron
2,584062134,0,0,1,28.01,0.67,141.76,0.73,312.75,46.45,199.87,-15.89,0.862,0.061,0.726,0.049,659.55,12.99,4661.55,12682.76,1.31,0.04,12277.92,41.4,-11679.11,44.71,-45.85,489557.24,6087562.08,1374.83,0.08,52.47,220.01,8.37,0.27,0.04,544,613.86,663.67,iron
1,25897174,0,0,1,47.17,0.97,22.48,1.61,32.77,-20.93,301.59,-9.51,0.643,0.056,0.535,0.045,617.78,36.31,7073.55,13596.3,0.96,0.05,-21690.12,170.06,-17467.72,99.13,-52.94,455626.18,6081692.85,1410.33,0.07,41.67,220.74,11.42,0.25,0.05,338,385.11,386.05,iron
4,78475141,1,1,1,54.7,0.38,337.89,0.39,8.36,-56.81,335.02,-35.75,6.915,0.487,5.976,0.416,744.48,18.42,6893.21,18965.89,9.87,0.21,-27515.94,57.84,3662.4,67.78,37.36,449743.31,6102796.68,1493.73,0.16,21.11,239.89,5.81,0.29,0.04,1072,432.8,623.95,iron
1,739634079,0,0,1,44.26,0.61,40.71,0.67,39.6,-18.15,301.99,-2.52,0.995,0.07,0.839,0.057,689.18,14.47,5904.83,14790.31,1.47,0.06,-15992.18,57.92,-17181.85,82.2,-44.72,461318.99,6081993.2,1400.48,0.15,24.09,225.85,8.73,0.28,0.05,396,73.1,444.38,iron
1,608065168,0,0,1,47.99,0.62,1.67,0.95,31.85,-52.07,331.44,-21.72,0.921,0.067,0.774,0.055,756.58,21.62,5713.12,12410.52,1.37,0.05,-19246.86,100.17,-16401.12,42.73,-41.19,458060.25,6082763.91,1406.6,0.07,47.38,224.9,10.05,0.26,0.05,415,558.86,563.36,iron
1,699117243,0,0,1,45.42,0.48,289.91,0.99,314.24,-42.31,344.48,-72.24,2.092,0.16,1.793,0.135,630.53,21.33,6702.01,13892.84,3.2,0.09,-13070.74,109.79,-11422.43,61.28,-19.23,464223.21,6087753.89,1405.88,0.06,88.97,222.5,11.2,0.25,0.05,165,715.81,780.99,iron
1,109916118,0,0,1,42.4,0.74,78.17,1.21,59.57,-30.71,322.22,6.32,0.662,0.054,0.552,0.044,618.57,22.22,6513.29,14957.59,0.93,0.06,-17842.35,81.89,-17864.2,114.89,-46.13,459470.06,6081304.53,1402.99,0.18,21.58,234.84,10.38,0.26,0.05,416,161.86,192.13,iron
4,152870262,0,0,1,22.96,0.36,139.72,1.36,24.52,-27.09,304.3,-18.88,0.688,0.051,0.576,0.041,714.27,17.93,3754.16,7881.1,1.01,0.03,-23751.47,24.2,12748.91,27.28,78.27,453487.67,6111885.23,1536.28,0.06,80.62,225.41,9.78,0.26,0.05,635,742.43,742.51,iron
4,37777394,0,0,1,45.34,0.36,59.81,0.96,13.12,43.65,236.01,5.53,1.336,0.105,1.135,0.088,738.24,22.09,5544.18,11484.22,1.99,0.06,-33236.32,78.78,737.81,41.22,76.25,444041.63,6099861.66,1567.64,0.06,97.72,225.9,11.42,0.26,0.05,954,820.66,820.68,iron
4,379239799,0,0,1,38.5,0.53,353.59,0.68,5.43,-13.57,283.13,-30.43,0.801,0.055,0.672,0.045,664.41,11.61,5526.39,12424.8,1.23,0.04,-24271.44,57.84,20255.43,49.79,72.53,452949.17,6119385.55,1550.38,0.12,28.01,217.22,8.82,0.27,0.05,684,155.67,266.45,iron
1,56508346,0,0,1,43.92,0.21,283.98,1.14,319.89,-27.93,289.83,-74.95,2.847,0.217,2.451,0.184,688.57,14.92,5870.26,14739.11,4.25,0.12,-21266.98,96.25,-9265.87,38.75,-19.17,456025.78,6089890.72,1422.08,0.06,104.06,229.18,10.63,0.24,0.05,123,489.03,735.56,iron
2,367026472,0,0,1,54.36,0.47,247.25,1.22,298.57,-9.1,179.17,-71.5,0.873,0.064,0.731,0.051,655.25,25.23,7718.93,14492.2,1.25,0.04,12590.68,72.59,-333.27,130.18,-37.21,489840.64,6098902.79,1374.84,0.08,36.04,232.41,9.46,0.26,0.05,726,338.34,603.2,iron
4,631410698,1,0,1,38.85,0.52,111.03,0.56,30.42,8.91,273.79,1.84,1.257,0.086,1.067,0.071,687.3,14.41,5312.71,13537.98,1.82,0.06,-22365.98,46.67,22138.43,50.38,40.44,454848.11,6121274.64,1521.37,0.08,42.11,232.5,8.46,0.24,0.05,963,500.72,523.55,iron
2,153074632,0,0,1,49.88,0.84,173.65,0.95,1.11,18.15,250.79,-17.69,1.94,0.139,1.66,0.117,805.77,17.44,5529.38,23521.89,2.83,0.12,4294.18,123.39,-11674.07,120.76,-29.66,481578.6,6087547.5,1381.67,0.15,22.13,233.12,8.11,0.24,0.04,455,388.91,406.83,proton
1,643782259,1,0,1,25.73,0.35,307.59,0.85,332.8,-57.07,345.89,-53.35,2.074,0.147,1.783,0.124,729.58,11.98,3754.33,10077.62,2.95,0.06,-16454.72,28.44,-16896.21,22.98,-39.57,460854.58,6082276.26,1404.08,0.07,75.65,239.83,9.6,0.25,0.05,414,530.37,631.74,iron
4,876838159,1,0,1,41.66,0.41,348.44,0.52,250.11,-80.52,21.82,-32.57,1.396,0.089,1.187,0.073,804.96,11.8,4435.08,11128.95,1.98,0.04,-24144.35,53.97,18846.71,33.49,74.85,453077.98,6117978.41,1545.96,0.12,27.35,238.48,6.38,0.26,0.04,689,328.8,426.6,proton
3,567469661,0,0,1,23.13,0.44,136.81,0.9,35.66,-47.43,327.62,-17.89,0.986,0.07,0.834,0.057,756.34,10.98,3309.51,8182.99,1.51,0.03,19.74,23.69,27501.9,26.48,-49.64,477206.97,6126689.1,1411.16,0.07,64.47,218.77,9.13,0.26,0.04,1279,467.7,471.55,iron
4,263803510,1,1,1,24.15,0.33,180.16,0.92,311.92,30.45,201.98,-31.78,3.808,0.278,3.295,0.237,754.69,7.95,3409.9,7329.55,5.81,0.09,-30699.34,16.01,7910.66,31.6,53.15,446555.3,6107032.25,1534.48,0.07,61.78,225.13,9.86,0.24,0.05,619,331.46,561.29,iron
3,335601719,0,0,1,44.22,0.84,220.38,0.69,290.94,9.69,173.7,-51.39,0.917,0.067,0.771,0.055,699.89,20.44,5703.32,15510.08,1.35,0.05,4513.48,100.92,22840.03,69.74,-57.04,481710.93,6122041.8,1384.36,0.1,32.65,226.73,9.25,0.26,0.05,1302,350.06,364.31,iron
2,869447992,0,0,1,43.76,0.6,44.5,0.89,40.09,-16.19,300.49,-1.18,0.995,0.073,0.838,0.06,712.29,19.05,5502.09,11793.94,1.48,0.04,14822.87,69.21,2854.27,64.6,-46.85,492064.23,6102094.46,1372.44,0.06,45.62,225.03,9.34,0.26,0.05,759,378.58,469.63,iron
1,397695278,0,0,1,45.16,0.45,333.44,0.71,357.22,-56.45,335.82,-41.84,0.644,0.047,0.536,0.037,736.4,18.01,5432.93,11270.98,0.94,0.03,-12729.66,50.83,-20085.79,46.66,-52.62,464586.96,6079097.24,1393.49,0.08,39.01,226.08,9.06,0.26,0.05,333,162.05,469.32,iron
2,252002430,1,1,1,21.72,0.2,18.19,1.21,17.12,-30.97,305.93,-26.27,4.307,0.313,3.73,0.267,762.39,8.17,3070.77,9849.92,6.48,0.09,11337.31,22.26,-5768.65,23.73,-36.38,488601.84,6093467.22,1377.09,0.06,82.09,228.51,8.29,0.26,0.05,578,343.92,414.26,iron
4,649488559,1,0,1,38.0,0.67,315.35,1.0,336.62,-9.88,260.83,-53.88,1.077,0.079,0.911,0.066,796.93,17.92,4041.29,12286.1,1.56,0.05,-29921.9,48.14,4820.03,59.28,57.78,447342.23,6103944.47,1531.53,0.11,34.01,231.76,9.24,0.24,0.05,624,475.78,608.99,iron
2,379325515,0,0,1,43.23,0.6,75.9,0.88,21.87,35.13,246.84,7.05,0.961,0.069,0.809,0.056,808.88,12.08,4529.78,13370.21,1.46,0.05,25847.16,60.19,4450.3,104.93,-93.59,503076.16,6103713.64,1357.36,0.19,21.8,220.4,7.99,0.24,0.04,771,562.29,689.24,iron
2,389915671,0,0,1,48.61,0.7,106.64,0.72,45.1,2.2,286.48,11.83,0.902,0.062,0.758,0.05,708.9,21.33,6227.19,14327.79,1.36,0.05,12270.69,66.36,-2072.16,86.84,-36.21,489524.94,6097163.97,1376.17,0.12,28.14,221.35,8.68,0.26,0.05,722,59.81,122.36,iron
1,344025644,1,0,1,23.3,0.42,232.96,1.01,344.69,-23.37,286.67,-52.22,1.201,0.089,1.021,0.074,702.67,14.19,3858.67,9062.08,1.8,0.04,-8798.11,22.76,-27241.65,29.82,-81.34,468533.38,6071957.31,1380.36,0.07,72.88,224.82,10.37,0.26,0.05,331,368.91,870.86,iron
4,901564218,1,0,1,32.71,0.23,183.78,0.48,6.21,-16.6,286.72,-30.92,12.088,0.871,10.524,0.756,785.81,6.59,3660.11,9256.35,17.35,0.18,-24137.45,18.57,8703.45,18.73,54.43,453113.91,6107841.17,1503.5,0.07,81.61,240.51,7.52,0.27,0.06,662,13.63,616.89,proton
1,243330984,0,0,1,21.93,0.48,109.74,1.4,45.63,-53.68,336.21,-14.57,0.635,0.048,0.531,0.039,628.3,20.61,4628.23,8856.83,0.92,0.03,-12511.26,40.66,-22102.59,38.96,-63.63,464808.18,6077084.61,1391.43,0.1,50.32,228.79,10.34,0.26,0.05,419,130.75,1053.98,iron
1,300323424,1,0,1,41.8,0.4,69.18,0.58,46.46,-15.95,303.23,4.3,1.016,0.066,0.857,0.054,687.06,11.14,5540.46,11603.05,1.47,0.04,-11064.57,53.13,-23893.22,34.56,-68.93,466259.48,6075297.99,1386.66,0.14,26.18,230.71,6.81,0.26,0.04,334,306.57,310.49,iron
3,551005978,0,0,1,29.44,0.43,227.64,0.91,338.51,-10.86,263.87,-52.83,0.678,0.049,0.567,0.039,753.35,13.22,3684.85,9299.39,0.99,0.03,-2595.22,43.23,30098.72,36.72,-0.4,474587.01,6129276.51,1472.84,0.1,31.99,226.26,8.51,0.26,0.04,1545,614.0,729.2,iron
4,401678716,0,0,1,55.45,0.4,316.45,1.11,344.44,-22.54,285.26,-52.22,0.739,0.051,0.616,0.04,702.04,19.47,7400.39,13218.83,1.06,0.04,-26128.01,70.37,20227.52,78.32,81.83,451092.29,6119354.83,1565.55,0.12,24.97,231.24,8.25,0.26,0.05,1031,206.7,217.08,iron
4,514516752,1,0,1,27.95,0.34,49.27,0.42,358.97,28.54,241.17,-12.64,24.25,1.928,21.223,1.69,819.56,8.84,2994.82,12527.24,32.86,0.38,-22856.35,26.94,6426.15,26.6,42.78,454399.06,6105569.28,1489.16,0.06,58.17,255.89,8.57,0.29,0.03,588,943.75,947.24,proton
2,920358081,1,0,1,50.16,0.29,199.45,0.58,309.07,27.21,199.55,-35.34,1.807,0.116,1.544,0.097,700.83,13.24,6516.03,12596.98,2.63,0.06,16882.37,38.65,1902.14,36.99,-49.87,494126.08,6101147.91,1370.78,0.14,29.48,233.39,6.8,0.23,0.05,735,479.94,501.73,iron
4,753805211,0,0,1,53.14,0.48,262.46,1.17,304.94,-21.06,210.04,-83.66,0.639,0.049,0.531,0.039,596.75,25.3,8062.06,14174.56,0.91,0.04,-24308.65,58.01,12750.61,100.95,78.31,452931.32,6111886.37,1536.51,0.11,27.0,231.01,10.6,0.26,0.06,663,346.79,350.07,iron
4,775600463,0,0,1,44.17,0.34,325.1,0.58,344.06,-9.85,266.83,-47.61,0.993,0.067,0.837,0.055,699.98,12.55,5779.34,10137.12,1.51,0.04,-25978.91,41.47,16960.71,23.62,93.77,451252.06,6116088.12,1569.93,0.15,27.0,219.87,8.11,0.25,0.05,698,304.76,443.9,iron
4,802520080,1,0,1,24.29,0.42,128.89,0.91,21.87,-12.07,288.84,-15.2,1.1,0.077,0.932,0.064,640.54,13.13,4648.8,10126.32,1.63,0.04,-21596.33,27.49,16228.28,31.63,73.02,455632.69,6115368.07,1531.65,0.07,70.76,227.12,9.25,0.26,0.05,824,73.21,520.8,iron
4,263819716,0,0,1,50.32,0.39,267.63,0.71,308.28,-28.84,303.99,-84.98,1.228,0.087,1.039,0.072,767.42,18.77,5940.4,12622.23,1.78,0.05,-20364.49,65.79,24004.72,77.37,16.88,456844.57,6123142.16,1494.89,0.06,77.68,231.85,9.09,0.26,0.05,997,22.67,227.83,iron
2,58648128,0,0,1,26.54,0.45,154.44,0.8,355.68,19.23,246.48,-21.01,0.637,0.044,0.532,0.034,662.76,12.42,4533.59,8724.35,0.95,0.02,21547.42,24.8,2624.74,33.88,-73.52,498784.44,6101880.96,1363.01,0.1,46.21,221.67,8.03,0.25,0.04,769,137.15,367.85,iron
4,888797566,1,0,1,23.69,0.29,244.13,1.14,338.36,-15.8,271.19,-55.29,1.523,0.109,1.302,0.092,718.87,10.58,3739.12,7115.77,2.33,0.03,-26025.6,20.74,19975.83,20.67,81.83,451197.4,6119101.94,1565.54,0.07,82.1,221.69,10.13,0.25,0.05,1031,99.13,199.48,iron
2,474368616,1,0,1,30.11,0.43,44.47,0.69,45.44,-48.2,331.11,-12.21,1.02,0.069,0.862,0.056,662.9,12.43,4804.06,12704.54,1.46,0.04,19485.71,36.37,6134.87,50.36,-68.75,496715.34,6105384.14,1364.77,0.09,41.26,233.72,8.37,0.26,0.05,750,275.99,690.7,iron
2,303474362,0,0,1,33.29,0.44,117.74,0.81,35.1,-15.09,297.3,-4.94,0.999,0.066,0.844,0.053,731.53,9.4,4315.85,9559.66,1.5,0.03,14049.55,55.75,-3121.59,25.24,-44.9,491304.98,6096120.26,1372.84,0.11,37.08,223.28,7.45,0.27,0.04,755,221.88,600.92,iron
2,857181038,0,0,1,38.03,0.94,198.03,1.66,1.37,-23.91,293.23,-37.64,0.663,0.054,0.553,0.043,623.16,19.98,5977.91,15691.05,0.98,0.05,10112.62,116.26,-4825.93,109.02,-33.68,487374.29,6094405.87,1377.41,0.11,28.08,224.43,8.55,0.26,0.04,686,26.0,606.41,iron
4,217882357,0,0,1,21.12,0.43,306.84,1.05,327.74,4.1,234.15,-50.64,0.701,0.048,0.588,0.039,657.77,11.91,4315.02,8601.98,1.04,0.02,-33103.47,22.46,7700.51,33.25,59.38,444154.55,6106815.98,1550.54,0.09,45.51,223.42,8.68,0.26,0.04,600,163.0,718.44,iron
1,409246773,0,0,1,23.99,0.51,82.05,1.24,342.3,42.34,221.46,-11.63,0.653,0.045,0.546,0.035,664.44,12.22,4378.41,10883.01,0.96,0.03,-11816.57,39.41,-20406.98,40.69,-52.49,465498.74,6078779.1,1390.7,0.1,40.47,225.62,7.89,0.26,0.04,332,38.25,144.91,iron
3,845774229,0,0,1,43.04,0.41,139.11,0.69,292.23,59.35,187.42,-3.07,0.814,0.063,0.683,0.051,675.34,21.91,5931.85,11087.35,1.2,0.04,-1292.32,52.63,25939.49,38.96,-56.0,475898.41,6125125.43,1399.36,0.08,56.16,225.44,10.64,0.26,0.05,1293,107.16,549.31,iron
2,879036288,0,0,1,53.11,0.59,97.69,1.43,28.09,49.76,235.28,17.43,0.823,0.068,0.689,0.055,654.75,31.41,7567.25,13699.79,1.22,0.05,11261.85,81.54,-8618.64,164.98,-41.24,488533.18,6090619.66,1375.25,0.07,47.7,224.51,10.06,0.25,0.05,541,115.31,337.51,iron
3,436297123,1,1,1,44.85,0.41,310.98,0.42,339.82,-36.91,309.69,-57.46,3.914,0.255,3.378,0.215,712.39,12.54,5707.4,16362.4,5.57,0.11,-1039.93,50.46,22406.37,52.49,-47.13,476161.49,6121593.27,1393.01,0.11,33.71,240.41,5.72,0.28,0.04,1301,398.06,619.43,iron
1,618315012,1,0,1,32.23,0.51,46.76,0.76,176.86,-63.54,34.32,-10.06,1.077,0.077,0.911,0.063,711.19,14.11,4428.08,12864.75,1.66,0.06,-7074.77,45.47,-26862.19,37.9,-79.94,470253.71,6072339.65,1380.03,0.1,39.55,216.97,10.09,0.27,0.05,470,8.68,577.39,iron
2,31717560,0,0,1,33.69,0.38,253.44,0.65,328.36,-21.34,274.36,-66.15,0.735,0.052,0.615,0.042,671.88,15.89,5052.94,9517.39,1.05,0.03,13574.36,32.18,-2871.82,28.21,-41.86,490829.83,6096367.52,1373.65,0.1,51.67,232.49,8.86,0.27,0.05,729,602.81,618.25,iron
2,597573703,1,0,1,22.45,0.37,235.75,0.99,344.42,-45.7,323.59,-52.37,2.842,0.207,2.454,0.175,817.68,11.05,2639.71,8570.32,4.02,0.07,14966.62,37.82,-9081.48,28.21,-51.26,492237.28,6090165.94,1371.42,0.09,40.05,242.93,8.86,0.2,0.05,730,513.0,523.84,iron
4,783500591,0,0,1,23.61,0.51,316.48,1.17,343.49,-11.45,268.52,-48.87,0.766,0.059,0.643,0.048,741.04,13.97,3499.59,7648.2,1.15,0.03,-31681.83,21.22,8226.09,45.02,53.15,445572.98,6107345.81,1534.47,0.08,42.21,222.21,10.33,0.27,0.05,619,530.8,541.47,iron
3,184361516,1,0,0,40.13,0.43,217.59,0.54,345.68,-17.47,278.24,-49.49,1.381,0.09,1.175,0.074,665.11,10.01,5727.78,13093.75,2.08,0.06,-5326.37,67.75,32969.22,31.8,49.57,471855.28,6132142.01,1530.85,0.15,22.68,223.33,7.08,0.29,0.05,1547,1179.64,1189.92,iron
2,199966404,1,1,1,29.93,0.21,255.95,0.76,328.73,-43.5,327.78,-63.52,2.617,0.178,2.256,0.15,790.81,8.15,3421.73,8003.5,3.79,0.05,20869.94,19.63,4129.19,19.19,-70.09,498103.51,6103383.2,1364.72,0.08,88.56,236.27,8.45,0.26,0.05,751,210.37,270.4,iron
2,453512187,1,0,1,28.69,0.46,175.54,1.06,9.22,-17.01,288.4,-28.4,1.698,0.128,1.454,0.108,812.53,13.37,3061.8,11488.5,2.61,0.07,12976.88,45.94,1336.86,38.85,-40.65,490221.99,6100572.39,1373.08,0.09,39.82,220.8,9.2,0.28,0.05,714,373.8,392.25,iron
3,837157552,0,0,1,32.82,0.48,3.64,0.85,36.7,-88.38,11.05,-27.01,0.789,0.06,0.662,0.049,628.56,21.37,5346.84,11352.55,1.16,0.04,-2224.02,47.95,24547.39,35.64,-45.13,474970.8,6123730.31,1400.17,0.07,72.72,225.76,10.5,0.26,0.05,1096,33.52,748.02,iron
1,973213829,1,0,1,28.78,0.42,327.08,0.78,265.26,-63.57,36.01,-46.21,1.442,0.097,1.23,0.08,749.62,8.13,3692.51,8422.96,2.15,0.04,-11088.41,45.53,-26854.65,18.36,-81.62,466242.66,6072337.43,1384.42,0.1,37.31,226.32,8.07,0.27,0.05,337,6.73,124.55,iron
2,647105176,0,0,1,33.05,0.53,205.75,0.98,358.27,-47.97,324.37,-42.66,0.891,0.068,0.75,0.056,734.5,19.25,4188.58,12768.57,1.27,0.05,10835.48,51.32,-3662.43,42.55,-30.54,488095.42,6095571.13,1378.47,0.11,37.14,233.78,11.03,0.25,0.06,679,93.37,668.09,proton
1,643820957,1,0,1,32.05,0.46,29.91,0.63,33.83,-38.97,318.88,-16.02,1.764,0.117,1.511,0.098,718.7,7.91,4308.28,9270.07,2.54,0.05,-13685.68,38.45,-21791.87,46.25,-59.62,463634.3,6077390.52,1392.39,0.14,30.66,235.48,7.86,0.26,0.05,344,298.36,298.4,iron
2,331779404,0,0,1,45.5,1.03,127.34,1.75,10.24,42.93,235.44,3.39,1.554,0.126,1.325,0.106,744.58,29.92,5536.51,22581.75,2.31,0.12,6069.07,142.64,4750.26,156.98,-17.21,483310.13,6103966.17,1387.32,0.14,29.7,227.63,10.31,0.25,0.05,1517,128.01,1073.18,iron
2,162821734,1,1,1,37.73,0.32,140.61,0.62,5.01,29.32,243.94,-8.06,5.663,0.379,4.903,0.323,796.14,6.63,4107.93,9084.46,8.38,0.11,14607.71,46.63,-6134.63,16.85,-48.44,491870.86,6093109.6,1371.22,0.12,34.18,232.12,5.44,0.26,0.04,760,31.51,41.86,proton
2,171637167,0,0,1,34.82,0.97,214.5,1.88,336.24,-63.7,351.71,-47.59,0.719,0.055,0.601,0.045,802.01,20.08,3746.49,12910.64,1.09,0.05,10471.55,69.42,-5777.59,70.32,-32.64,487736.49,6093456.13,1378.29,0.11,37.96,219.07,9.31,0.26,0.04,571,258.8,394.36,proton
3,848321867,1,1,1,44.02,0.16,58.98,0.69,30.73,13.64,269.71,4.26,3.482,0.244,3.004,0.206,708.05,10.22,5660.0,12353.75,5.39,0.09,-1417.6,48.79,20083.04,26.34,-32.14,475789.32,6119270.51,1399.37,0.08,102.34,221.51,8.56,0.23,0.05,1438,339.09,373.98,iron
2,786782626,0,0,1,30.96,0.51,147.88,0.9,75.51,-74.0,0.68,-15.8,0.712,0.052,0.596,0.042,787.08,16.03,3472.2,8934.45,1.03,0.03,14028.6,58.03,-5698.54,24.8,-48.44,491290.12,6093544.52,1371.26,0.13,38.81,229.53,10.01,0.26,0.05,760,438.62,612.56,iron
2,613431194,1,1,1,33.83,0.48,261.32,0.74,297.42,-48.47,22.75,-68.24,2.608,0.204,2.247,0.174,709.69,13.85,4516.07,11988.2,4.01,0.1,11518.15,37.66,2371.01,46.48,-34.82,488761.76,6101602.2,1376.04,0.05,69.27,222.21,9.94,0.26,0.05,723,410.62,568.37,iron
2,573997881,1,0,1,40.88,0.57,82.14,0.48,26.94,23.06,259.65,5.34,1.955,0.132,1.676,0.111,768.75,15.22,4617.53,14504.63,2.84,0.08,9208.62,40.11,-67.23,53.21,-27.63,486459.83,6099159.9,1379.28,0.08,44.11,234.59,7.75,0.24,0.04,691,388.71,390.08,iron
1,795668100,0,0,1,48.72,0.61,68.39,1.02,45.73,-1.15,289.81,10.83,1.265,0.093,1.072,0.077,678.64,17.68,6521.66,21993.12,1.85,0.09,-15104.22,102.32,-11965.32,152.57,-24.38,462191.87,6087207.72,1404.86,0.2,20.06,229.86,8.91,0.3,0.05,152,491.55,617.96,iron
2,887337229,0,0,1,50.23,0.76,168.78,1.63,17.91,-2.11,277.81,-14.32,1.193,0.1,1.009,0.084,739.05,23.92,6163.33,24632.85,1.69,0.11,3315.28,168.67,-2628.56,136.4,-12.76,480576.66,6096585.06,1388.52,0.19,23.5,236.34,8.97,0.26,0.05,382,446.98,448.35,iron
3,173506256,1,0,1,45.88,0.47,235.43,0.76,333.55,-23.26,281.75,-62.1,1.874,0.128,1.603,0.107,704.81,13.55,5900.87,18965.21,2.65,0.09,-1797.21,68.01,22081.64,114.86,-42.41,475404.05,6121265.69,1398.02,0.17,23.37,239.93,8.38,0.3,0.05,1303,297.51,455.94,proton
4,236810681,0,0,1,34.34,0.64,285.78,0.69,295.83,-49.64,24.6,-66.84,0.819,0.056,0.688,0.045,698.81,10.34,4737.22,9802.67,1.16,0.03,-31342.71,22.95,7877.33,81.96,53.15,445913.49,6106997.64,1534.47,0.13,27.3,234.45,8.55,0.26,0.05,619,244.31,438.73,iron
2,81079332,0,0,1,62.07,0.46,100.98,1.99,137.87,-35.44,26.36,25.86,0.706,0.059,0.586,0.048,747.82,36.26,8269.11,15643.39,1.01,0.05,11020.02,207.68,-12285.34,261.86,-47.85,488300.76,6086954.22,1373.84,0.06,41.73,231.01,10.71,0.26,0.05,566,75.52,262.73,iron
1,290724340,1,0,1,33.25,0.39,15.39,0.9,41.71,-67.1,348.44,-21.54,1.309,0.094,1.113,0.078,741.91,11.93,4241.74,13953.43,2.03,0.07,-6292.31,56.87,-28401.5,37.76,-93.62,471038.83,6070803.24,1371.23,0.11,32.56,217.04,8.98,0.28,0.05,430,307.15,543.57,iron
1,76660961,1,1,1,38.25,0.67,2.97,0.54,39.24,-78.72,0.43,-25.34,11.246,0.88,9.779,0.763,788.26,16.95,4257.68,21791.17,15.68,0.34,-7374.38,63.53,-10173.42,54.13,-12.44,469911.93,6089017.9,1399.32,0.09,42.82,247.64,8.15,0.24,0.04,105,31.91,302.75,proton
2,677227361,0,0,1,44.86,0.52,100.07,0.58,27.14,31.01,252.58,9.09,0.651,0.046,0.542,0.037,675.73,18.04,6219.5,13587.78,0.95,0.04,13525.53,56.82,-420.26,57.35,-37.43,490775.07,6098816.97,1376.14,0.12,26.49,226.87,9.8,0.26,0.06,724,480.19,557.45,iron
4,36556113,0,0,1,55.81,0.39,274.39,0.95,299.44,-29.21,68.0,-86.29,1.259,0.089,1.065,0.073,718.09,19.31,7426.37,14625.6,1.83,0.05,-19367.08,75.97,21162.43,133.3,29.41,457848.44,6120305.03,1493.55,0.05,50.89,230.32,8.98,0.26,0.05,931,8.36,291.86,iron
1,3130669,1,0,1,34.39,0.36,354.28,0.53,8.43,-77.75,359.76,-31.6,2.031,0.141,1.744,0.119,784.28,11.41,3851.42,10341.0,2.93,0.06,-18906.37,28.69,-17130.7,29.82,-48.15,458406.66,6082035.54,1405.36,0.07,59.11,235.89,8.56,0.26,0.05,369,271.36,630.0,iron
4,248132610,0,0,1,41.5,0.53,235.36,0.64,332.07,-17.12,268.56,-61.3,0.635,0.047,0.529,0.037,827.32,15.64,4182.96,9900.18,0.96,0.04,-30341.22,31.81,7381.86,52.33,48.15,446915.79,6106504.86,1524.27,0.11,30.0,219.13,11.03,0.26,0.06,611,88.45,301.21,proton
4,87921024,1,1,1,31.04,0.74,91.17,0.77,30.61,-4.26,285.6,-4.0,4.438,0.361,3.84,0.309,802.68,15.79,3361.53,15804.04,6.47,0.17,-19630.78,45.17,23753.7,49.27,7.77,457578.45,6122892.73,1481.12,0.07,46.61,235.98,9.21,0.22,0.04,1038,199.31,557.95,proton
2,803428871,0,0,1,45.24,0.47,279.29,0.62,306.63,-38.52,358.59,-78.2,0.747,0.051,0.624,0.04,781.1,16.28,5029.81,11820.88,1.07,0.03,12844.06,43.45,-8743.26,48.91,-45.77,490114.93,6090497.68,1373.63,0.09,36.14,231.16,8.27,0.25,0.05,580,48.3,265.12,proton
4,352696384,0,0,1,34.6,0.59,320.62,1.07,257.44,-42.34,68.3,-50.2,0.84,0.056,0.706,0.045,739.84,12.54,4288.81,12254.08,1.23,0.03,-21753.16,66.92,13330.45,40.56,69.62,455484.43,6112470.48,1522.19,0.1,35.84,228.04,7.09,0.26,0.04,657,85.92,325.19,iron
4,770536702,1,0,1,33.72,0.4,56.18,0.36,32.5,-11.99,293.37,-5.82,1.763,0.119,1.509,0.1,743.11,8.83,4302.1,8905.98,2.72,0.05,-24395.33,16.88,13555.19,23.69,84.89,452843.56,6112690.59,1548.62,0.1,42.71,220.31,9.11,0.28,0.06,643,161.09,675.6,iron
2,501782677,0,0,1,40.77,0.82,147.52,1.26,6.91,25.99,247.66,-8.7,1.159,0.104,0.981,0.088,835.94,28.7,4108.08,17484.29,1.67,0.1,6512.45,96.24,-3648.23,70.09,-23.25,483773.87,6095574.36,1381.7,0.14,37.16,233.25,10.68,0.25,0.05,642,198.58,569.34,proton
4,340950871,0,0,1,28.26,0.34,83.82,1.09,59.0,-52.44,339.37,-7.07,0.973,0.07,0.821,0.057,666.8,17.43,4708.2,9710.36,1.43,0.03,-27779.27,34.3,5140.99,26.9,45.35,449481.76,6104272.73,1509.92,0.07,84.08,227.2,9.5,0.26,0.05,632,102.66,620.92,iron
4,852992341,0,0,1,32.35,0.46,49.75,0.7,92.06,-68.97,2.12,-8.72,0.698,0.05,0.584,0.04,668.56,13.95,5011.29,8458.82,1.06,0.02,-26503.58,41.77,17165.85,24.42,93.77,450725.84,6116291.24,1569.95,0.16,32.02,218.42,9.61,0.25,0.05,698,25.04,611.35,iron
3,546504775,1,0,1,27.4,0.3,101.43,1.16,76.0,-63.76,353.82,-8.07,1.354,0.098,1.153,0.082,676.97,12.91,4531.52,10059.79,2.14,0.05,1133.76,35.93,24096.94,24.28,-56.44,478329.31,6123288.37,1388.7,0.07,84.71,214.15,10.6,0.25,0.05,1312,716.25,716.33,iron
2,380005897,0,0,1,66.13,0.37,57.0,2.61,64.62,-8.78,306.75,23.1,1.009,0.075,0.844,0.061,694.42,24.91,10026.34,19493.0,1.42,0.06,10291.81,175.36,-3529.05,365.12,-30.54,487550.67,6095702.15,1378.43,0.08,21.58,235.13,9.73,0.26,0.05,679,6.89,166.96,iron
4,710178807,0,0,1,36.92,0.44,63.82,0.73,35.86,-8.23,291.52,-1.16,0.852,0.065,0.716,0.053,676.43,20.55,5385.54,10496.98,1.25,0.04,-26016.2,44.82,5665.48,36.09,42.39,451243.16,6104802.0,1500.52,0.07,71.98,227.42,10.67,0.26,0.05,641,416.82,604.77,iron
2,636537014,1,0,1,26.31,0.25,265.33,1.24,333.45,-20.43,275.98,-61.36,1.428,0.106,1.218,0.089,715.04,13.61,4054.05,10714.92,2.15,0.06,19811.22,36.97,6831.67,23.48,-68.22,497038.63,6106081.92,1364.28,0.07,85.76,224.69,9.91,0.25,0.05,778,628.44,649.38,iron
4,175492092,1,1,1,27.47,0.36,282.63,0.71,321.93,-51.79,347.9,-61.5,4.126,0.289,3.57,0.246,726.22,7.91,4015.98,10465.2,6.26,0.1,-23220.58,43.15,11404.74,26.85,68.22,454021.96,6110542.66,1521.24,0.08,42.46,226.1,7.26,0.27,0.05,653,575.9,617.3,iron
4,730515236,1,1,1,58.95,0.37,97.02,0.72,51.52,16.15,276.1,23.54,3.137,0.211,2.694,0.177,799.95,20.48,7405.21,17831.78,4.33,0.1,-20579.46,51.84,18881.26,95.94,55.91,456642.76,6118020.62,1516.57,0.11,30.95,247.01,6.75,0.26,0.05,919,91.47,100.92,iron
4,535052974,0,0,1,18.24,0.52,352.47,1.49,8.7,-58.13,336.62,-35.46,0.647,0.048,0.541,0.038,714.22,13.15,3598.11,8460.7,0.95,0.02,-24600.19,52.72,12978.36,26.18,84.89,452640.29,6112111.98,1548.62,0.09,42.51,226.55,9.42,0.26,0.05,643,359.85,705.73,iron
4,210369673,0,0,1,26.9,0.42,297.79,0.84,324.07,-56.22,351.14,-57.2,0.811,0.058,0.681,0.047,735.84,11.95,3865.34,9365.1,1.19,0.03,-24012.7,46.24,12632.36,26.21,69.87,453227.34,6111767.59,1528.1,0.09,40.66,226.52,9.67,0.25,0.05,87,518.08,582.35,iron
2,62650431,0,0,1,53.71,0.42,334.38,0.84,245.38,-25.02,91.42,-38.73,2.284,0.169,1.957,0.143,707.64,21.44,7299.6,15319.14,3.42,0.09,14365.35,143.01,12946.35,97.69,-63.51,491579.48,6112178.77,1364.85,0.06,85.06,227.0,10.02,0.25,0.05,1503,43.95,750.21,iron
3,889298760,1,0,1,37.0,0.54,8.27,0.67,227.53,-23.34,87.32,-22.74,1.021,0.068,0.862,0.055,741.26,8.29,4669.35,9993.29,1.62,0.04,10401.16,69.79,32469.09,30.29,-65.61,487571.38,6131678.99,1427.72,0.18,26.89,211.83,7.39,0.24,0.05,1132,328.14,468.65,iron
4,288131286,0,0,1,35.15,0.52,281.24,0.96,281.52,-38.32,65.48,-68.87,0.754,0.055,0.631,0.044,713.78,15.69,4783.32,12993.67,1.11,0.04,-34735.67,45.01,4840.02,57.62,86.4,442530.61,6103952.88,1583.34,0.11,31.93,225.99,9.86,0.26,0.05,648,51.79,389.41,iron
4,820734678,0,0,1,42.04,0.52,228.62,0.63,329.96,-6.4,248.86,-57.0,0.765,0.052,0.64,0.042,728.03,12.26,5254.66,12339.96,1.14,0.04,-32313.39,39.17,6012.8,64.05,67.15,444947.44,6105130.56,1553.1,0.2,27.31,221.89,8.46,0.27,0.05,630,263.57,323.76,iron
4,675382228,0,0,1,48.15,0.51,320.34,0.77,260.13,-49.08,57.33,-50.56,0.783,0.057,0.655,0.046,746.84,18.74,5853.83,12601.96,1.13,0.04,-25079.44,69.4,23617.7,61.08,35.85,452134.66,6122742.9,1530.21,0.09,42.84,230.11,9.22,0.26,0.05,1023,142.69,268.95,iron
4,566609037,1,0,1,42.51,0.81,325.65,0.71,255.19,-49.2,58.47,-47.41,1.54,0.112,1.313,0.094,677.56,9.5,5961.24,11273.48,2.47,0.06,-28277.53,67.25,9533.95,97.16,65.06,448974.89,6108659.19,1537.61,0.25,20.18,211.09,8.7,0.2,0.05,599,424.21,477.96,iron
2,468842068,0,0,1,35.22,0.57,125.28,0.56,31.56,-8.31,289.65,-4.99,0.801,0.055,0.672,0.044,628.22,13.33,5728.0,11081.37,1.17,0.03,17142.58,49.28,843.5,58.49,-52.61,494386.89,6100089.39,1369.73,0.21,26.33,228.43,8.74,0.26,0.05,762,487.81,507.29,iron
1,224541124,0,0,1,34.05,1.15,40.66,1.2,195.65,-50.4,51.11,-10.54,0.641,0.059,0.534,0.049,670.73,37.64,5099.67,10925.4,0.95,0.05,-23005.25,73.25,-19093.0,57.66,-59.01,454313.35,6080064.04,1410.73,0.12,54.84,223.7,11.99,0.25,0.06,395,55.59,85.27,iron
3,834930478,1,1,1,25.97,0.39,245.38,0.61,339.65,-38.99,313.56,-57.29,3.753,0.261,3.246,0.222,765.97,9.69,3425.51,10207.65,5.25,0.08,13453.49,28.02,32483.09,25.58,-80.71,490620.01,6131699.74,1418.1,0.07,62.1,245.66,8.25,0.22,0.05,1135,314.27,465.09,iron
2,873750452,0,0,1,26.11,0.64,146.25,1.63,28.5,-35.13,313.52,-18.58,0.631,0.052,0.527,0.042,869.15,17.03,2427.54,7791.74,0.93,0.03,15498.6,58.63,-932.8,40.12,-49.01,492747.46,6098310.89,1371.44,0.1,39.09,225.9,10.28,0.25,0.05,783,342.76,584.93,proton
4,528887274,0,0,1,37.96,0.67,181.92,1.0,25.22,-74.96,355.91,-28.12,0.827,0.067,0.694,0.055,677.83,25.88,5352.88,11322.86,1.23,0.05,-26642.22,76.13,4655.81,47.41,41.51,450616.83,6103789.51,1501.83,0.05,68.27,224.43,10.82,0.26,0.05,626,639.26,639.5,iron
2,624141293,0,0,1,27.31,0.48,252.21,1.26,309.96,-56.33,4.98,-60.37,0.844,0.067,0.71,0.055,636.91,23.73,4969.84,9680.98,1.26,0.04,17470.38,43.01,4726.03,31.5,-59.11,494704.41,6103970.66,1366.73,0.08,78.92,224.23,10.62,0.26,0.05,788,17.26,442.65,iron
2,116076305,1,0,1,38.55,0.6,160.75,0.56,90.46,-77.57,5.94,-16.48,1.6,0.115,1.366,0.097,642.79,13.35,5861.81,11040.17,2.48,0.06,16523.03,62.29,-412.1,52.66,-49.01,493771.29,6098833.17,1371.44,0.22,25.22,218.56,9.58,0.24,0.06,783,617.32,627.19,iron
3,192289434,1,0,1,22.28,0.43,353.64,0.81,238.08,-32.93,79.95,-34.42,1.207,0.084,1.025,0.069,742.18,12.04,3453.98,8746.47,1.72,0.04,633.01,24.55,26706.04,25.99,-64.28,477821.89,6125894.99,1390.91,0.07,62.8,236.18,8.58,0.25,0.05,1289,177.44,342.94,iron
4,95353062,0,0,1,30.64,0.33,107.13,0.92,50.18,-40.72,326.2,-5.59,0.891,0.068,0.751,0.055,677.96,19.11,4742.86,8913.59,1.35,0.03,-24273.4,26.14,8668.68,28.07,54.43,452977.06,6107804.3,1503.51,0.08,84.39,220.89,10.73,0.25,0.05,662,121.41,710.54,iron
4,84382184,0,0,1,29.9,0.45,52.07,0.78,117.05,-72.93,11.11,-10.14,0.768,0.053,0.644,0.042,654.27,13.0,4926.07,9365.6,1.1,0.03,-27953.27,33.37,20649.99,42.99,76.7,449270.13,6119771.91,1574.33,0.16,31.17,231.84,9.32,0.25,0.05,924,509.01,655.89,iron
4,863791354,1,0,1,37.42,0.4,270.18,0.65,319.05,-38.07,325.86,-72.61,1.121,0.075,0.949,0.061,688.7,10.57,5162.08,12606.75,1.69,0.05,-34881.31,34.3,6013.55,59.61,78.48,442382.01,6105122.76,1580.52,0.17,24.58,222.88,7.68,0.27,0.05,610,610.07,786.7,iron
4,457985936,0,0,1,41.21,0.64,28.18,1.84,144.99,-71.91,19.67,-10.21,1.081,0.104,0.913,0.087,847.94,26.09,3981.34,15503.45,1.59,0.1,-20771.69,91.86,22077.79,75.45,32.9,456445.31,6121217.16,1508.68,0.15,32.66,227.17,9.87,0.26,0.05,965,722.42,735.5,proton
3,930597025,0,0,1,37.33,0.47,203.12,0.68,0.19,-54.36,332.63,-40.62,0.865,0.063,0.727,0.051,604.16,17.74,6098.86,14035.12,1.23,0.05,-3928.24,61.59,28518.48,55.57,-2.71,473257.57,6127693.81,1464.95,0.17,24.63,233.79,10.04,0.24,0.06,1548,478.27,543.24,iron
4,534460401,0,0,1,38.73,0.75,18.37,1.16,209.27,-45.87,59.37,-16.72,0.707,0.056,0.591,0.045,706.85,23.19,5079.14,13813.53,1.05,0.05,-21269.64,76.5,12904.67,57.81,61.26,455967.18,6112046.64,1508.89,0.17,33.71,222.7,10.91,0.25,0.05,906,652.62,722.73,iron
4,568757448,0,0,1,34.88,0.54,234.82,1.14,338.6,-32.73,301.93,-58.74,0.765,0.058,0.641,0.047,622.1,16.55,5790.44,13738.73,1.15,0.05,-35848.25,53.72,5584.34,72.71,78.48,441417.14,6104695.0,1580.48,0.13,30.49,221.1,10.24,0.27,0.05,610,139.52,217.27,iron
1,225452483,1,0,1,43.85,0.57,15.28,0.52,208.69,-43.93,61.08,-15.6,1.802,0.126,1.541,0.105,721.54,16.61,5635.36,15667.88,2.59,0.08,-12721.73,62.24,-16526.96,61.74,-37.1,464583.6,6082654.51,1396.22,0.11,28.95,235.98,8.36,0.25,0.05,197,174.72,223.87,iron
1,858725221,1,0,1,20.3,0.37,171.44,1.19,227.88,-52.79,55.36,-30.13,1.033,0.083,0.874,0.069,842.03,15.02,2333.37,7742.7,1.5,0.05,-11453.08,22.99,-22991.1,21.15,-64.42,465868.49,6076197.68,1387.67,0.06,74.59,230.56,9.63,0.25,0.05,343,174.75,235.2,proton
2,279854254,1,0,1,29.65,0.45,110.13,0.83,43.95,-34.96,318.71,-7.0,1.037,0.072,0.877,0.059,781.26,12.18,3581.96,8660.05,1.48,0.04,25214.48,29.59,1897.4,43.53,-87.55,502451.01,6101163.17,1362.14,0.11,38.61,235.79,8.93,0.26,0.05,911,37.56,222.77,proton
4,614442703,1,0,1,40.81,0.19,129.28,0.61,74.69,-54.2,346.98,-1.33,2.717,0.188,2.339,0.159,780.29,8.79,4692.6,9956.46,4.24,0.07,-27167.39,29.84,3880.05,21.99,41.51,450095.56,6103013.88,1501.81,0.08,98.14,218.89,8.74,0.24,0.05,626,6.8,439.88,iron
4,175989294,1,0,0,56.78,0.27,95.01,0.69,116.92,-41.17,8.0,21.47,2.44,0.163,2.091,0.137,700.16,13.89,7920.91,15733.89,3.62,0.09,-18097.66,39.12,11715.85,105.16,41.23,459140.45,6110870.41,1480.05,0.06,43.04,229.17,7.54,0.28,0.05,912,1036.84,1145.02,iron
4,606396151,0,0,1,40.53,0.42,274.61,0.62,296.08,-40.72,33.7,-75.28,0.996,0.067,0.84,0.054,883.28,12.34,3667.3,8985.94,1.43,0.03,-24928.94,42.76,11721.49,30.56,73.5,452313.78,6110855.77,1532.31,0.1,33.3,233.82,7.81,0.24,0.04,658,663.16,663.43,proton
1,347927944,0,0,1,35.02,1.05,146.8,0.92,69.88,-67.62,354.7,-12.59,1.138,0.088,0.964,0.073,701.92,24.75,4900.16,14121.0,1.68,0.06,-14567.78,102.13,-15044.49,56.05,-34.05,462735.43,6084131.81,1400.81,0.08,52.97,227.44,10.27,0.26,0.05,436,65.1,134.36,iron
2,529204722,0,0,1,40.92,0.5,256.58,0.62,305.35,-43.95,6.89,-73.07,0.861,0.058,0.723,0.047,651.52,13.77,6092.96,13767.09,1.26,0.04,11069.19,50.95,-6597.25,61.55,-36.38,488335.57,6092637.95,1377.12,0.09,35.54,228.14,7.98,0.27,0.04,578,317.45,620.86,iron
2,655725807,1,0,1,36.92,0.45,223.28,0.55,339.92,-51.91,334.9,-52.89,1.321,0.093,1.123,0.077,652.59,15.49,5636.26,13080.58,1.92,0.06,13025.49,41.74,3259.54,43.33,-37.31,490266.69,6102494.69,1375.45,0.09,49.36,231.95,9.5,0.26,0.05,1008,497.84,573.2,iron
4,81520396,0,0,1,40.15,0.62,29.13,1.22,202.49,-41.61,61.26,-10.5,0.653,0.054,0.545,0.044,871.7,21.11,3718.7,11236.82,0.96,0.04,-24782.45,69.25,20936.26,61.43,63.9,452438.9,6120065.64,1548.81,0.14,29.01,226.24,12.16,0.24,0.06,1028,461.76,465.14,proton
1,281329150,1,1,1,45.51,0.82,122.97,0.48,133.13,-57.71,18.3,4.73,9.889,0.841,8.583,0.728,808.81,24.71,4988.04,24273.72,14.38,0.46,20.27,82.68,-12623.81,97.71,-25.84,477308.78,6086587.59,1386.6,0.08,57.57,237.07,9.13,0.23,0.05,227,110.45,310.59,proton
2,281328636,1,1,1,45.29,0.76,123.5,0.41,132.79,-58.1,18.07,4.37,9.506,0.744,8.249,0.643,802.99,19.54,5014.94,24400.28,13.9,0.34,41.4,54.69,-12621.6,102.12,-25.84,477329.89,6086589.86,1386.6,0.08,52.0,235.57,7.26,0.25,0.04,227,37.6,290.08,proton
4,887060830,1,0,1,46.05,0.31,323.94,0.59,266.2,-4.33,129.35,-48.21,1.132,0.075,0.957,0.061,715.65,13.47,5980.27,11428.51,1.61,0.04,-25207.54,39.69,19765.77,35.58,81.83,452018.09,6118891.8,1565.58,0.12,33.84,234.91,8.55,0.28,0.05,1031,397.41,477.26,iron
4,143422529,1,0,1,28.45,0.39,26.75,0.61,206.39,-57.72,47.07,-19.35,1.157,0.082,0.981,0.067,704.6,13.08,4261.0,10968.92,1.69,0.04,-25278.91,31.01,7235.31,32.14,53.06,451976.27,6106371.48,1509.35,0.08,50.1,230.92,8.91,0.25,0.05,640,532.73,561.8,iron
1,839055786,1,0,1,38.46,0.55,104.14,1.04,195.47,-26.21,71.78,2.19,1.543,0.11,1.316,0.092,725.09,15.1,4923.47,14629.72,2.3,0.08,-16559.87,57.8,-15836.85,66.71,-34.21,460747.35,6083332.66,1404.3,0.15,30.2,227.43,8.91,0.26,0.05,448,270.48,724.83,iron
3,896868682,1,0,1,37.95,0.4,127.63,0.54,84.23,-60.46,354.88,-3.11,2.413,0.168,2.076,0.142,753.66,12.47,4582.51,14299.77,3.48,0.09,-2602.79,47.09,21261.03,31.57,-35.47,474602.12,6120445.08,1400.56,0.06,70.08,236.77,8.51,0.25,0.05,1200,23.86,24.39,iron
3,145207673,0,0,1,20.38,0.46,18.85,1.29,181.33,-88.65,14.15,-26.42,0.802,0.054,0.674,0.044,686.97,10.35,3963.16,9499.9,1.19,0.03,11563.39,42.31,32294.94,27.64,-73.05,488733.09,6131508.1,1422.89,0.09,43.85,225.01,8.04,0.25,0.04,1129,615.4,621.0,iron
3,939965029,1,0,1,35.94,0.47,233.52,0.79,332.9,-48.8,334.08,-58.31,1.275,0.085,1.083,0.07,698.74,9.77,4974.26,12933.43,1.9,0.05,-3821.22,65.84,28245.24,61.14,-25.75,473368.0,6127423.3,1435.69,0.14,26.43,226.55,7.55,0.26,0.05,1382,702.15,708.13,iron
3,595695268,1,1,1,45.84,0.37,302.63,0.44,272.89,-28.34,93.2,-63.45,2.986,0.197,2.572,0.166,680.53,12.16,6304.28,15638.16,4.46,0.1,-5230.15,47.93,25540.61,46.6,-43.82,471964.62,6124717.05,1407.81,0.1,37.25,228.24,5.75,0.29,0.04,1230,394.93,401.11,iron
2,239571219,0,0,1,47.92,0.81,49.37,1.13,198.7,-17.25,81.02,4.22,0.665,0.05,0.554,0.04,726.68,25.89,6101.99,13204.06,0.98,0.04,16394.79,107.94,3544.71,84.77,-53.28,493633.22,6102788.32,1369.77,0.09,34.79,225.01,10.34,0.26,0.05,756,78.27,732.77,iron
3,231175813,1,1,1,33.45,0.27,205.93,0.75,334.14,-71.35,359.87,-42.49,3.127,0.213,2.699,0.18,716.95,8.84,4588.97,12174.71,4.58,0.08,16983.88,23.08,33403.88,37.07,-89.24,494143.75,6132628.33,1425.27,0.07,86.99,233.69,7.89,0.26,0.05,1147,737.42,767.98,iron
1,500386063,0,0,1,33.09,1.14,87.59,1.84,186.21,-45.15,51.94,-2.35,0.715,0.063,0.598,0.051,761.96,38.62,4072.07,12422.11,1.05,0.05,-10868.9,57.08,-19379.61,57.32,-46.02,466443.25,6079807.86,1391.82,0.13,47.94,225.99,10.67,0.26,0.05,308,267.15,306.16,iron
3,518822222,1,0,1,35.29,0.35,342.34,0.54,241.27,-57.37,49.72,-37.72,1.166,0.08,0.988,0.066,768.77,12.0,4208.15,9952.09,1.72,0.04,-920.62,28.9,26262.93,28.16,-56.0,476271.39,6125447.97,1399.34,0.08,58.41,228.23,9.0,0.25,0.05,1293,257.11,284.36,iron
4,712965699,0,0,1,44.48,0.62,284.99,0.64,285.56,-27.97,95.71,-74.59,1.193,0.083,1.01,0.069,672.01,16.44,6270.85,15217.84,1.85,0.06,-19104.25,43.65,15759.87,84.99,51.21,458124.93,6114904.97,1500.15,0.09,42.86,216.16,8.83,0.26,0.05,903,239.64,245.13,iron
4,348862800,1,0,1,42.45,0.48,333.52,0.52,256.71,-7.46,118.27,-42.05,2.546,0.172,2.19,0.145,692.55,11.98,5789.34,15413.49,3.84,0.09,-25282.3,59.64,27644.25,44.99,4.48,451916.02,6126769.75,1508.89,0.07,48.25,226.53,6.39,0.26,0.04,1047,553.91,1094.43,iron
1,596247532,0,0,1,45.41,0.8,89.51,1.02,193.88,-13.79,81.63,9.99,0.678,0.057,0.566,0.046,943.12,25.36,3659.92,11834.91,1.02,0.05,-21767.44,57.92,-18548.97,103.98,-57.04,455549.21,6080611.31,1407.38,0.24,28.67,220.56,12.62,0.26,0.06,366,114.81,456.34,proton
3,848366123,0,0,1,36.56,0.66,199.3,1.15,318.15,-78.19,8.93,-38.47,0.854,0.061,0.718,0.05,719.44,17.03,4686.31,14111.2,1.24,0.04,-4500.01,63.72,26645.5,64.12,-36.57,472693.35,6125821.76,1419.74,0.12,34.25,228.94,8.84,0.26,0.05,1092,419.89,423.31,iron
1,123838298,0,0,1,32.13,0.55,348.85,1.38,237.9,-63.69,42.28,-35.12,1.069,0.075,0.904,0.062,660.63,15.23,4993.25,15073.47,1.58,0.05,-5829.79,65.76,-25034.05,57.56,-72.5,471494.81,6074169.93,1381.39,0.11,36.97,227.14,9.0,0.26,0.05,294,515.24,515.9,iron
3,249024538,0,0,1,37.51,0.62,221.04,1.23,330.62,-60.79,351.5,-51.5,0.674,0.056,0.563,0.046,668.59,20.39,5403.09,15065.95,0.99,0.06,-3042.61,78.52,25407.99,82.81,-48.38,474152.68,6124588.9,1402.21,0.12,26.24,225.83,10.77,0.26,0.06,1094,72.3,303.78,iron
2,206285515,0,0,1,51.28,0.63,169.36,1.32,153.02,-75.11,20.49,-14.06,0.744,0.057,0.621,0.046,681.29,28.56,7000.81,13578.13,1.09,0.04,27263.83,152.19,6295.24,95.81,-104.18,504490.33,6105563.22,1355.23,0.06,51.87,225.94,9.84,0.25,0.05,740,510.11,625.36,iron
4,22598223,1,0,1,30.0,0.42,24.2,0.66,185.87,-74.53,27.44,-19.36,1.309,0.093,1.113,0.077,732.34,11.58,4046.91,7736.42,1.91,0.03,-30565.5,24.69,7544.94,23.71,48.15,446690.35,6106666.76,1524.29,0.08,62.97,230.85,10.25,0.25,0.05,611,74.11,562.68,iron
1,804487457,1,0,1,27.13,0.34,291.69,0.86,283.2,-54.04,35.81,-59.43,1.176,0.085,0.998,0.071,730.4,13.88,3864.16,9788.28,1.74,0.05,-14317.89,28.97,-17675.49,25.31,-43.61,462992.25,6081502.39,1397.97,0.07,78.63,226.95,10.61,0.26,0.05,410,307.59,367.72,iron
1,331617456,0,0,1,34.27,0.73,354.47,0.68,236.98,-25.34,88.4,-31.53,0.965,0.076,0.814,0.063,733.84,21.97,4427.35,12802.82,1.44,0.06,-13185.05,48.14,-16820.56,40.95,-37.1,464120.39,6082360.29,1396.27,0.09,51.46,224.64,11.44,0.26,0.06,197,433.34,752.9,iron
4,485272377,1,0,1,26.86,0.35,7.91,0.94,234.7,-19.24,94.19,-27.51,1.21,0.086,1.028,0.072,780.88,12.37,3341.97,9416.05,1.72,0.04,-24154.93,41.28,18263.89,26.05,74.85,453070.61,6117395.44,1545.97,0.1,34.46,237.82,8.36,0.23,0.04,689,184.64,650.76,iron
4,767923362,0,0,1,32.04,0.44,13.71,0.71,232.86,-10.91,101.87,-22.59,0.665,0.047,0.556,0.037,678.35,13.0,4831.78,8749.23,0.98,0.03,-27731.25,33.03,19932.97,36.69,89.44,449491.98,6119054.31,1579.49,0.13,33.65,224.76,9.13,0.26,0.05,1029,225.4,334.94,iron
4,811190849,1,0,1,53.34,0.58,67.01,0.54,189.89,-10.3,82.57,15.14,1.516,0.11,1.289,0.091,831.16,24.86,5963.77,16951.52,2.17,0.09,-21118.15,86.58,19409.66,73.51,53.23,456104.28,6118551.36,1520.3,0.16,22.17,235.68,9.14,0.27,0.06,921,450.96,499.0,proton
4,237797063,0,0,1,43.16,0.45,319.71,0.59,270.83,-3.71,134.58,-51.43,0.726,0.051,0.607,0.041,803.58,14.2,4696.87,10473.16,1.08,0.04,-30977.52,27.44,7422.12,57.45,48.15,446277.29,6106545.31,1524.3,0.14,24.74,223.07,9.01,0.26,0.05,611,458.02,533.8,proton
4,653343315,0,0,1,33.07,0.4,226.47,0.62,273.8,-56.96,39.51,-53.72,0.969,0.065,0.817,0.053,654.69,10.21,5218.36,10099.09,1.46,0.03,-33048.41,23.66,7715.18,45.35,59.38,444208.94,6106830.52,1550.55,0.13,31.98,222.66,8.23,0.25,0.05,600,202.88,654.38,iron
1,264009884,0,0,1,37.57,0.47,54.58,0.66,220.82,8.34,113.89,-3.14,0.778,0.055,0.652,0.044,767.73,15.05,4407.03,10021.49,1.13,0.03,-23691.91,35.87,-20609.45,36.22,-66.73,453630.68,6078546.29,1409.65,0.1,43.24,228.99,9.14,0.26,0.05,401,156.15,267.62,iron
3,931850312,0,0,1,38.86,0.5,337.12,1.19,268.66,9.87,146.21,-40.27,0.787,0.063,0.66,0.052,724.52,23.12,5015.2,16431.69,1.11,0.06,15143.95,80.87,28689.33,61.83,-114.7,492320.9,6127912.85,1370.08,0.14,29.72,236.27,10.56,0.27,0.06,1488,405.32,413.78,iron
4,874071552,0,0,1,62.11,0.57,128.27,1.49,126.6,-45.38,15.56,17.42,4.467,0.347,3.839,0.295,700.8,30.92,9037.93,22907.75,6.35,0.2,-9789.47,168.82,20982.78,378.59,-15.85,467418.97,6120150.95,1427.61,0.05,58.08,239.95,9.74,0.27,0.05,1192,165.02,185.83,iron
3,614329864,0,0,1,31.43,0.71,313.23,1.09,261.65,-25.58,95.65,-53.14,0.871,0.065,0.733,0.053,846.47,14.6,3103.27,9869.51,1.33,0.04,12576.44,52.44,34767.69,35.53,-70.96,489736.71,6133982.84,1433.17,0.11,44.21,219.03,9.22,0.26,0.04,1136,530.47,560.27,proton
2,172234756,1,0,1,47.74,0.5,123.33,0.81,190.56,-24.85,70.51,6.65,1.105,0.078,0.933,0.064,680.82,19.68,6580.25,12918.53,1.57,0.04,13237.19,49.43,-6892.03,71.74,-46.99,490501.9,6092351.01,1372.42,0.1,31.21,235.66,8.7,0.27,0.05,766,449.28,574.27,iron
4,103735858,1,0,1,33.15,0.55,103.61,0.63,214.52,-2.68,101.2,-2.63,1.283,0.09,1.091,0.074,740.12,8.54,4280.09,10058.38,2.25,0.06,-25383.91,36.36,20875.9,36.2,63.9,451836.21,6120002.96,1548.81,0.1,40.6,192.11,8.72,0.29,0.05,1028,89.34,501.32,iron
4,358982272,0,0,1,45.07,0.44,16.08,1.14,215.1,-28.25,78.1,-14.21,1.724,0.128,1.473,0.107,737.1,15.62,5638.19,20535.3,2.55,0.11,-16310.23,105.44,18560.38,75.02,22.13,460909.76,6117711.57,1469.86,0.16,25.76,228.82,10.0,0.27,0.05,901,70.24,176.1,iron
3,803322205,0,0,1,45.41,1.07,73.67,1.2,193.41,-16.3,79.22,9.06,1.251,0.096,1.061,0.08,670.42,30.35,6392.24,17159.76,1.86,0.07,18567.99,82.11,29823.65,183.24,-127.8,495737.25,6129051.66,1364.96,0.06,56.11,225.85,9.19,0.26,0.04,1595,586.13,603.38,iron
4,827039232,0,0,1,35.33,0.57,223.01,0.67,262.03,-46.87,60.11,-52.43,0.745,0.055,0.624,0.045,764.8,15.9,4227.46,11629.85,1.1,0.04,-30198.77,37.74,4985.32,43.8,57.78,447063.88,6104109.76,1531.53,0.09,40.85,224.14,9.57,0.26,0.05,624,222.2,524.16,iron
4,71738064,0,0,1,41.52,0.45,228.23,0.54,267.38,-44.69,61.65,-56.66,0.905,0.059,0.761,0.047,667.98,9.67,5927.21,11702.77,1.39,0.03,-33085.95,30.43,7677.28,59.15,59.38,444171.47,6106792.47,1550.54,0.16,23.73,218.09,6.68,0.25,0.04,600,163.68,554.06,iron
4,785793569,1,0,1,44.25,0.18,235.85,0.64,318.84,-52.34,351.88,-62.12,5.634,0.394,4.873,0.336,731.31,10.14,5559.21,17430.86,8.05,0.18,-15667.88,42.15,27966.37,49.36,-14.75,461529.27,6127114.91,1464.23,0.07,100.88,240.25,8.01,0.26,0.05,1001,375.65,437.54,iron
4,130724421,0,0,1,30.63,0.55,359.96,0.98,244.41,-3.93,114.58,-29.66,0.679,0.048,0.568,0.038,749.75,13.44,3942.68,9642.28,0.98,0.03,-24803.83,56.79,18984.97,39.4,84.12,452420.93,6118114.47,1560.93,0.1,32.61,229.61,8.87,0.25,0.05,693,107.24,384.29,iron
3,603987483,0,0,1,45.38,0.43,254.08,0.56,291.96,-39.66,46.13,-74.5,0.964,0.069,0.812,0.057,698.74,17.3,6045.69,16363.04,1.36,0.06,-3040.12,59.42,25813.07,71.93,-48.38,474154.32,6124995.72,1402.24,0.18,17.28,237.53,9.3,0.27,0.05,1094,160.99,514.6,iron
3,474413188,1,1,1,56.05,0.46,165.04,0.42,187.15,-54.36,44.88,-8.34,3.319,0.231,2.854,0.195,717.62,23.08,7527.99,22360.12,4.63,0.15,-8441.23,80.3,26735.48,83.84,-4.86,468754.93,6125901.06,1456.0,0.16,21.81,244.45,7.09,0.28,0.04,987,98.3,289.61,iron
2,689041874,1,0,1,43.15,0.54,51.41,0.63,224.1,22.64,127.96,0.94,1.202,0.085,1.018,0.07,700.9,17.9,5793.25,16025.26,1.88,0.08,22300.23,51.63,7134.61,77.3,-83.17,499524.84,6106389.43,1358.97,0.18,28.45,214.74,9.0,0.26,0.05,741,120.63,212.96,iron
2,948186625,1,1,1,27.04,0.42,146.12,0.81,190.83,-69.27,33.02,-17.94,4.266,0.318,3.692,0.272,748.71,11.96,3741.27,15358.3,6.08,0.14,7520.07,44.7,-6600.95,38.49,-27.39,484789.14,6092625.46,1379.5,0.1,41.04,241.41,7.99,0.22,0.04,549,542.46,599.45,iron
2,900171779,0,0,1,33.49,0.57,86.08,0.85,200.45,-26.51,73.8,-1.8,0.657,0.049,0.549,0.039,649.59,18.67,5391.78,10712.81,0.95,0.03,17541.11,45.0,1796.12,53.98,-54.08,494782.5,6101042.99,1370.49,0.14,32.3,229.91,9.78,0.26,0.05,772,22.67,126.66,iron
1,248220854,0,0,1,32.97,1.06,109.62,1.51,198.33,-34.06,66.34,-3.98,0.741,0.057,0.621,0.046,692.82,23.58,4840.15,10792.36,1.09,0.04,-7866.17,49.68,-25631.78,110.95,-74.26,469459.81,6073568.12,1383.04,0.07,61.19,225.35,8.89,0.26,0.04,329,187.85,819.83,iron
3,797354319,0,0,1,42.57,0.56,209.83,0.78,252.88,-55.86,49.8,-44.28,0.667,0.049,0.556,0.039,688.78,19.92,5888.08,11494.64,0.97,0.03,6424.01,65.91,26338.2,44.31,-78.08,483610.38,6125541.73,1380.03,0.09,40.32,226.62,9.9,0.26,0.05,1113,29.32,66.69,iron
2,632453941,1,0,1,58.43,0.67,207.23,1.05,255.09,-71.71,30.12,-38.35,1.295,0.092,1.095,0.076,747.95,35.03,7768.22,19725.55,1.93,0.08,12272.6,119.02,1478.21,144.62,-34.82,489519.6,6100712.69,1376.04,0.18,19.24,225.79,7.54,0.23,0.04,723,91.87,557.58,proton
4,435079288,1,0,1,58.59,0.49,35.91,0.86,235.18,47.51,153.89,6.24,2.496,0.18,2.139,0.151,738.5,26.08,7893.15,20249.55,3.52,0.12,-21519.96,109.98,4891.33,117.85,31.17,455736.49,6104037.0,1468.42,0.08,29.55,240.97,8.3,0.26,0.05,592,161.78,554.2,iron
2,135429702,0,0,1,22.75,0.47,36.23,0.93,228.98,-13.47,97.68,-20.21,0.733,0.054,0.615,0.043,728.5,14.14,3652.23,8909.65,1.11,0.03,15451.86,28.38,1448.51,28.34,-49.87,492696.0,6100690.63,1370.77,0.07,62.31,219.9,10.34,0.26,0.05,735,603.71,671.2,iron
4,285435392,1,0,1,38.28,0.41,32.5,0.54,231.3,11.98,122.17,-10.35,1.205,0.084,1.022,0.069,798.39,13.16,4213.26,10602.43,1.78,0.05,-23606.63,43.06,11728.42,30.34,71.21,453634.13,6110864.72,1523.91,0.13,33.15,227.67,8.89,0.26,0.05,664,589.06,684.23,iron
4,429857490,1,0,1,29.4,0.59,105.01,0.74,208.24,-23.13,80.13,-6.44,1.273,0.095,1.082,0.079,751.39,15.98,3884.86,11474.4,1.81,0.06,-24463.49,38.83,22505.71,38.92,48.31,452751.99,6121633.92,1534.87,0.1,44.39,236.66,9.22,0.24,0.05,1027,17.59,155.3,iron
4,512469677,0,0,1,34.84,0.42,53.52,1.78,220.46,2.8,108.81,-5.41,4.587,0.368,3.968,0.315,716.66,13.9,4792.93,23084.27,6.8,0.23,-17338.8,82.23,29623.61,82.24,23.44,459853.64,6128764.28,1514.09,0.11,37.28,231.49,8.87,0.27,0.05,1051,225.92,501.25,iron
4,385297617,0,0,1,47.86,0.47,28.21,0.83,231.58,21.12,130.19,-5.8,1.967,0.153,1.684,0.13,690.02,21.4,6640.56,14371.46,2.87,0.09,-34229.85,117.21,-886.37,53.82,68.57,443053.91,6098233.65,1564.05,0.04,74.36,232.56,10.71,0.25,0.05,1058,515.54,559.23,iron
3,422546060,1,0,1,41.57,0.12,12.19,0.52,251.16,24.32,143.92,-18.3,12.669,0.891,11.021,0.772,759.07,6.44,5068.73,10862.53,18.97,0.21,-8793.46,19.49,29957.86,28.96,78.33,468395.92,6129120.99,1557.57,0.09,101.06,230.22,7.21,0.28,0.05,966,548.47,588.88,proton
4,422616553,0,0,1,42.91,0.7,12.7,1.54,251.04,25.69,144.9,-17.29,11.019,0.991,9.575,0.86,745.78,20.71,5372.51,31036.36,16.36,0.72,-8856.9,106.49,29966.04,116.0,78.33,468332.49,6129129.02,1557.57,0.11,30.14,232.32,9.56,0.24,0.05,966,543.86,544.87,proton
3,177340834,1,1,1,39.19,0.37,218.41,0.49,258.19,-46.4,61.92,-50.01,4.412,0.297,3.814,0.252,705.74,7.91,5359.1,12573.9,6.58,0.1,499.19,29.64,26317.8,60.94,-64.28,477689.06,6125506.26,1390.9,0.14,25.82,229.75,6.58,0.28,0.05,1289,180.42,224.31,iron
2,410731291,0,0,1,51.18,0.54,267.03,1.02,301.28,-31.11,32.37,-85.77,0.742,0.056,0.62,0.045,665.46,23.26,7449.01,13933.37,1.09,0.04,13893.09,57.43,-6701.93,92.08,-46.99,491158.06,6092539.92,1372.41,0.15,27.18,224.76,10.06,0.25,0.05,766,429.58,436.45,iron
2,77215441,0,0,1,35.86,0.64,134.33,0.96,183.12,-55.57,42.49,-7.24,1.055,0.08,0.892,0.066,727.39,19.35,4758.69,15642.83,1.52,0.06,8534.75,62.06,-2716.93,55.47,-26.14,485792.75,6096510.17,1380.65,0.11,35.85,232.43,10.02,0.26,0.05,674,666.94,667.64,iron
2,139636780,0,0,1,46.64,0.58,176.07,0.89,213.65,-49.83,56.5,-20.83,0.991,0.077,0.835,0.063,741.51,20.68,5901.75,18958.86,1.42,0.08,8537.87,117.44,-632.68,77.65,-25.69,485790.72,6098592.89,1380.2,0.21,21.28,232.47,10.53,0.25,0.06,704,204.36,250.38,iron
1,264435284,1,0,1,32.3,0.69,25.43,0.73,228.96,-7.41,103.47,-17.6,1.412,0.105,1.203,0.088,749.3,19.68,4151.02,13433.08,2.15,0.07,-17629.23,45.17,-15064.79,43.09,-36.01,459676.29,6084103.68,1406.41,0.09,48.62,221.66,10.8,0.27,0.05,400,39.69,58.82,iron
4,291197823,0,0,1,42.83,0.67,294.95,0.66,287.85,-10.08,150.16,-67.8,1.372,0.1,1.166,0.083,681.83,18.77,6015.03,16269.93,2.03,0.08,-18111.84,51.7,20785.39,97.9,19.01,459103.93,6119930.59,1478.84,0.07,49.78,227.84,9.6,0.27,0.05,955,188.26,711.4,iron
3,848010129,0,0,1,35.46,0.68,206.75,1.76,257.24,-64.17,38.07,-42.95,1.277,0.102,1.085,0.086,803.85,18.31,3838.35,15949.08,1.97,0.08,-6290.93,71.54,24759.24,71.97,-40.09,470906.43,6123931.41,1412.84,0.12,38.64,218.51,10.41,0.27,0.05,1086,299.46,393.81,iron
4,622939646,0,0,1,46.99,0.42,8.56,0.68,251.51,25.54,145.08,-17.71,0.772,0.054,0.646,0.043,744.96,16.83,5775.96,11244.81,1.11,0.03,-28829.41,52.56,7088.35,41.15,46.2,448427.46,6106215.19,1515.4,0.09,35.51,230.34,9.21,0.25,0.05,622,49.03,63.56,iron
1,188101706,0,0,1,46.32,0.7,155.91,0.78,208.39,-29.03,74.86,-9.19,0.688,0.055,0.574,0.044,665.79,25.73,6558.21,13813.39,1.04,0.05,-19232.27,88.24,-18181.72,67.4,-48.15,458083.34,6080983.88,1405.35,0.11,29.46,219.9,11.43,0.26,0.06,369,73.38,463.41,iron
4,283346956,0,0,1,34.59,0.71,343.36,0.55,308.17,25.28,198.82,-37.35,0.969,0.066,0.817,0.054,766.53,6.5,4141.49,7878.5,1.52,0.03,-26494.0,70.77,13157.02,27.87,91.3,450747.03,6112285.66,1561.08,0.15,26.43,213.82,7.74,0.24,0.04,651,284.04,341.31,iron
4,496892214,1,0,1,37.25,1.01,267.63,0.49,285.54,-19.52,124.69,-72.34,18.043,1.562,15.743,1.365,745.42,18.22,4691.68,25371.97,27.13,0.78,-7881.64,45.81,9592.96,108.33,3.97,469355.76,6108770.97,1415.99,0.07,61.13,230.14,8.38,0.27,0.04,1213,25.54,37.36,iron
4,406618593,0,0,1,37.93,0.52,309.08,0.76,304.03,5.22,194.91,-57.63,0.934,0.067,0.787,0.055,674.1,15.29,5555.34,13979.75,1.37,0.05,-30496.31,43.49,4447.11,67.68,57.78,446767.76,6103571.72,1531.5,0.17,30.28,227.88,8.57,0.26,0.04,624,112.94,116.13,iron
2,162814969,0,0,1,52.84,0.96,62.84,0.52,229.15,55.28,158.64,13.49,7.044,0.562,6.091,0.483,749.41,36.16,6777.93,32163.86,10.51,0.39,10181.81,184.95,19595.43,129.66,-66.74,487383.59,6118813.8,1372.53,0.11,36.62,230.22,7.64,0.23,0.04,1380,86.64,220.22,proton
4,86154323,0,0,1,61.57,0.57,208.64,1.01,241.21,-42.57,68.52,-38.24,5.011,0.369,4.311,0.314,692.43,37.67,9097.5,26602.1,7.22,0.22,-28407.46,228.74,-2206.12,87.31,30.07,448874.14,6096928.45,1492.47,0.1,31.76,237.19,8.0,0.24,0.05,1081,133.9,134.0,iron
4,918193277,0,0,1,43.83,0.95,357.7,0.81,302.66,36.86,192.62,-26.01,0.709,0.056,0.593,0.046,697.93,26.8,5899.75,15299.24,1.02,0.05,-24356.49,92.47,6351.55,90.06,42.78,452896.15,6105490.17,1489.14,0.11,31.75,230.08,10.09,0.25,0.05,588,84.38,828.25,iron
4,663785436,1,0,1,53.36,0.95,327.48,0.86,327.09,12.34,226.68,-44.1,1.822,0.16,1.556,0.136,663.79,41.48,7662.44,20087.31,2.72,0.13,-19765.97,114.71,21077.47,160.18,40.21,457453.93,6120216.0,1509.11,0.13,35.61,227.29,10.22,0.25,0.05,923,363.96,552.24,iron
2,760442855,1,0,1,48.19,0.55,89.2,0.49,231.18,56.23,160.06,12.96,1.664,0.118,1.42,0.099,798.59,21.14,5465.04,16563.05,2.34,0.09,10897.53,62.44,2731.06,65.48,-32.89,488140.62,6101960.6,1377.1,0.13,32.17,240.33,9.5,0.28,0.06,1236,160.19,186.28,proton
2,811999291,1,0,1,25.59,0.21,336.02,1.19,329.74,13.7,228.72,-41.58,1.599,0.115,1.367,0.097,704.01,12.92,4132.32,10839.85,2.35,0.06,11929.56,26.09,1977.08,30.0,-34.82,489173.64,6101209.68,1376.01,0.07,85.74,230.59,9.76,0.25,0.05,723,388.53,395.43,iron
2,304330904,1,0,1,19.93,0.43,189.03,1.05,285.46,24.3,173.12,-35.88,1.082,0.075,0.917,0.062,700.69,11.17,3837.18,8396.52,1.61,0.03,17526.51,25.92,1737.49,31.38,-54.08,494767.94,6100984.19,1370.49,0.09,51.51,225.55,9.43,0.25,0.05,772,63.82,110.08,iron
4,836854690,1,1,1,54.69,0.16,299.05,0.46,302.65,-3.47,192.15,-66.34,4.821,0.324,4.157,0.275,774.18,11.8,6878.22,12005.73,6.72,0.1,-24745.89,28.14,20991.36,31.55,63.9,452475.18,6120116.97,1548.81,0.12,40.26,244.92,6.67,0.31,0.05,1028,262.16,281.18,proton
2,83677722,0,0,1,42.37,0.53,355.44,0.72,324.99,31.2,214.19,-27.99,1.255,0.091,1.064,0.075,646.15,18.62,6387.64,14347.39,1.83,0.06,21283.23,86.78,8464.14,37.69,-81.97,498505.61,6107716.16,1359.15,0.08,53.47,230.82,9.45,0.25,0.05,782,82.22,297.89,iron
4,594178837,1,0,1,52.52,0.54,308.6,0.71,324.59,-4.03,238.48,-59.0,2.009,0.147,1.719,0.124,794.94,23.68,6273.52,16311.64,2.93,0.1,-20488.55,69.41,23209.82,91.62,25.57,456719.1,6122352.04,1496.51,0.11,47.74,232.72,9.73,0.26,0.05,1020,549.03,565.98,proton
3,498587089,0,0,1,40.43,1.37,326.43,0.48,321.79,11.89,220.43,-46.9,0.645,0.055,0.538,0.045,689.85,18.43,5649.06,11460.46,0.86,0.04,9272.08,157.01,30676.94,115.71,-63.41,486448.18,6129883.53,1420.34,0.27,20.39,248.36,11.46,0.26,0.06,1128,30.16,1235.96,iron
4,863655153,0,0,1,39.44,0.67,4.25,1.2,271.37,31.7,163.71,-23.93,0.662,0.05,0.552,0.04,710.84,15.55,5280.57,13853.9,0.97,0.04,-21656.48,102.93,16158.99,57.04,73.02,455574.27,6115298.26,1531.65,0.17,26.78,225.26,8.56,0.25,0.04,824,22.25,352.66,iron
4,986373041,1,0,1,37.1,0.5,285.0,0.74,292.15,-9.14,161.3,-69.33,1.1,0.074,0.931,0.06,668.38,10.8,5510.43,10567.8,1.61,0.04,-26047.6,57.65,10627.3,46.33,77.8,451199.2,6109756.8,1542.66,0.15,29.34,228.74,8.22,0.26,0.05,650,114.73,584.92,iron
4,819001136,1,0,1,39.32,0.58,320.44,0.59,314.78,10.29,211.52,-50.85,1.067,0.074,0.901,0.06,702.37,11.7,5349.3,11821.89,1.47,0.04,-27389.3,55.3,8153.66,78.17,59.27,449866.06,6107281.64,1526.66,0.22,22.72,242.84,8.0,0.24,0.05,591,512.48,623.08,iron
1,455581422,1,0,1,30.51,0.75,75.96,1.52,339.11,51.1,214.72,-5.52,13.571,1.21,11.828,1.055,782.11,15.51,3652.54,22747.47,20.78,0.55,-26385.69,70.56,-7370.48,56.46,-9.9,450905.8,6091771.85,1449.98,0.11,46.93,225.53,9.18,0.28,0.04,951,223.45,288.69,proton
2,873822623,1,0,1,28.33,0.5,212.37,0.62,278.97,10.63,158.03,-45.66,1.212,0.085,1.03,0.071,641.31,14.24,5036.23,11745.26,1.79,0.05,14435.91,36.05,3137.8,35.6,-43.4,491676.38,6102376.23,1372.43,0.1,52.28,227.91,9.16,0.26,0.05,773,443.7,508.72,iron
4,779152168,0,0,1,34.79,0.56,91.65,0.7,338.27,57.52,210.96,-0.3,0.738,0.053,0.618,0.043,686.55,14.72,5042.05,10415.47,1.12,0.03,-24606.11,42.34,19334.16,43.44,72.53,452617.41,6118464.72,1550.41,0.11,38.38,219.71,9.71,0.26,0.05,684,367.43,607.65,iron
4,685718519,1,0,1,43.35,0.33,55.57,0.55,13.62,37.5,241.41,2.53,1.443,0.097,1.228,0.08,801.89,12.14,4758.4,9058.56,2.11,0.04,-25551.47,29.53,9718.31,30.4,68.6,451697.28,6108852.61,1528.28,0.1,50.84,230.41,8.26,0.25,0.05,661,208.77,283.91,proton
2,752934018,0,0,1,37.44,0.48,19.84,0.53,268.68,38.7,165.55,-16.8,0.86,0.061,0.723,0.05,700.75,15.78,5166.08,12567.31,1.25,0.04,20374.65,46.0,6228.12,35.11,-75.84,497604.32,6105479.65,1361.29,0.09,44.28,229.16,8.8,0.26,0.05,789,271.97,651.8,iron
2,153895004,1,0,1,57.1,0.55,139.1,1.25,233.29,48.25,153.81,7.71,1.541,0.112,1.31,0.093,660.24,27.64,8400.39,18529.73,2.2,0.08,12670.51,115.77,-11806.75,140.33,-45.85,489952.39,6087433.3,1374.9,0.1,26.59,236.5,9.29,0.24,0.06,544,574.43,678.21,iron
4,241991735,0,0,1,33.57,0.52,295.87,0.75,328.23,-12.85,256.76,-62.36,0.653,0.049,0.545,0.039,723.25,20.78,4538.3,9074.55,0.96,0.03,-25209.1,31.59,20958.53,32.69,63.9,452010.91,6120085.49,1548.8,0.08,62.62,225.94,10.32,0.26,0.05,1028,143.17,350.25,iron
1,911642585,0,0,1,42.95,0.57,50.23,0.68,318.46,62.13,200.05,0.13,0.732,0.052,0.612,0.041,738.79,13.93,5428.23,10609.43,1.05,0.03,-17172.08,22.66,-20961.01,75.26,-62.35,460148.86,6078213.23,1396.92,0.27,22.36,231.43,8.63,0.28,0.05,375,289.66,649.71,iron
4,180501272,0,0,1,43.19,0.86,309.95,0.88,331.07,-9.37,254.43,-58.06,0.975,0.076,0.821,0.062,673.4,23.95,6174.25,15724.27,1.41,0.07,-20130.87,85.61,14561.58,93.79,59.22,457101.54,6113705.87,1507.26,0.13,32.3,230.39,10.4,0.26,0.05,920,187.77,348.54,iron
1,681324822,0,0,1,39.24,1.01,335.51,0.85,343.36,1.83,252.79,-41.5,1.154,0.095,0.977,0.079,655.1,26.83,5926.67,14920.83,1.71,0.07,-8479.88,87.7,-20062.66,102.66,-50.88,468833.42,6079131.48,1387.56,0.08,38.69,226.18,10.21,0.26,0.05,307,76.81,339.38,iron
2,326011962,1,0,1,52.02,0.45,140.7,0.59,258.86,58.4,171.45,3.06,2.477,0.168,2.127,0.141,739.25,17.88,6741.3,16486.29,3.83,0.11,26134.29,81.75,6502.06,49.74,-104.18,503356.08,6105769.61,1355.21,0.12,28.54,220.65,6.73,0.23,0.05,740,228.86,624.92,iron
2,318853269,1,0,1,31.48,0.41,108.89,0.69,355.97,42.32,229.24,-5.09,1.667,0.113,1.426,0.094,795.04,10.14,3630.8,9980.09,2.44,0.05,14388.71,38.18,-56.56,30.37,-41.03,491636.89,6099182.74,1374.09,0.14,34.65,232.17,7.54,0.24,0.04,719,97.25,613.08,proton
1,129175779,0,0,1,40.77,0.77,53.66,0.92,1.14,44.83,229.93,-0.63,0.771,0.085,0.646,0.071,640.09,41.39,6289.3,14802.27,1.17,0.09,-8405.45,75.98,-23942.14,73.75,-67.15,468917.05,6075255.3,1384.03,0.21,33.81,219.9,12.35,0.24,0.06,340,390.6,548.22,iron
2,226647568,0,0,1,24.17,0.49,196.69,1.28,297.72,24.1,186.77,-38.52,0.969,0.07,0.819,0.057,694.38,12.35,4175.42,11498.92,1.5,0.05,11817.26,53.77,-2661.23,36.61,-36.21,489072.96,6096573.72,1376.21,0.12,39.2,216.97,9.01,0.28,0.05,722,563.32,683.31,iron
2,71496750,1,0,1,58.8,0.44,33.15,0.98,29.0,18.08,264.98,4.79,2.067,0.14,1.766,0.117,776.79,25.39,7656.16,17420.28,3.19,0.09,18617.16,116.25,4908.12,59.0,-59.11,495845.76,6104152.82,1366.81,0.14,23.28,220.25,6.23,0.22,0.04,788,589.33,594.51,iron
4,908358352,1,1,1,32.62,0.27,179.58,0.81,293.92,33.55,184.3,-28.72,3.202,0.238,2.765,0.202,717.88,10.65,4508.77,12240.55,4.9,0.12,-20002.39,27.58,21533.34,35.57,40.21,457211.99,6120673.42,1509.08,0.06,86.93,224.0,9.31,0.26,0.05,923,68.48,551.63,iron
4,562617063,0,0,1,45.33,0.67,242.06,1.34,297.08,-4.56,177.95,-66.75,1.066,0.084,0.899,0.07,676.15,19.58,6373.86,19566.1,1.6,0.09,-36912.61,98.61,1744.13,127.05,92.68,440364.13,6100856.46,1596.66,0.19,22.33,223.2,10.29,0.26,0.05,945,450.93,473.3,iron
1,572150023,1,0,1,40.24,0.57,153.21,0.63,250.77,33.39,150.51,-11.82,2.168,0.165,1.862,0.14,791.6,15.81,4508.32,14191.46,3.24,0.11,-8408.96,52.83,-16763.02,49.76,-35.21,468896.26,6082429.13,1390.9,0.07,64.08,228.05,9.08,0.24,0.05,193,162.12,608.82,iron
1,824612904,0,0,1,29.01,0.53,2.67,0.84,354.59,7.36,255.96,-29.29,0.996,0.07,0.841,0.057,788.15,10.89,3452.22,8099.72,1.5,0.03,-11658.29,55.44,-25494.34,23.31,-75.43,465669.94,6073695.4,1386.54,0.15,32.53,223.04,9.38,0.26,0.05,300,19.65,53.04,iron
4,565905034,1,0,1,26.83,0.34,46.45,0.83,13.49,6.01,268.27,-14.29,1.827,0.134,1.567,0.113,707.1,13.65,4182.37,7389.4,2.73,0.04,-31500.45,21.57,7215.65,22.24,56.43,445758.2,6106336.29,1539.89,0.08,76.21,227.81,10.9,0.26,0.05,617,369.34,389.42,iron
1,981986600,0,0,1,40.4,1.09,48.03,1.07,266.57,54.26,172.57,-2.78,0.661,0.055,0.551,0.045,652.38,29.52,6083.4,13359.19,0.98,0.05,-18284.08,117.02,-18004.62,96.17,-46.13,459027.69,6081162.29,1403.03,0.13,30.5,223.58,9.41,0.26,0.05,416,533.73,544.14,iron
1,930862622,1,0,1,23.48,0.45,57.69,0.99,335.15,41.78,217.15,-14.93,1.957,0.139,1.681,0.117,788.61,10.88,3093.2,8458.23,2.82,0.05,-23618.18,32.0,-21387.94,33.33,-70.85,453706.38,6077768.45,1407.16,0.09,53.17,236.39,8.65,0.25,0.05,371,310.88,698.43,iron
2,948105883,0,0,1,15.81,0.44,215.25,1.83,256.25,-10.65,114.17,-43.18,0.782,0.057,0.658,0.046,734.28,11.94,3304.18,9167.22,1.17,0.03,13224.98,39.06,-5708.67,24.73,-41.0,490487.87,6093531.8,1375.38,0.1,46.59,222.4,8.44,0.27,0.04,747,361.11,389.58,iron
4,694845259,1,0,1,41.15,0.43,32.27,0.57,326.94,51.8,207.59,-8.3,1.84,0.122,1.575,0.102,730.82,11.58,5304.32,14787.3,2.58,0.06,-26767.84,47.49,25217.68,64.63,22.11,450439.32,6124336.76,1524.31,0.16,24.0,242.4,7.04,0.24,0.04,917,770.86,780.65,iron
2,134040729,1,0,1,29.76,0.28,294.47,1.23,335.44,-23.28,282.68,-60.42,1.142,0.085,0.968,0.071,707.17,19.12,4430.76,10281.2,1.69,0.05,14806.95,36.72,4590.98,31.92,-48.11,492042.84,6103829.38,1370.15,0.08,89.33,227.37,10.44,0.26,0.05,1321,303.6,322.81,iron
1,120656751,0,1,1,42.72,0.32,143.17,0.59,245.3,37.96,150.88,-5.46,2.652,0.191,2.282,0.161,674.21,13.01,6073.99,15067.32,3.9,0.1,-1453.33,33.68,-24354.16,68.18,-69.7,475865.85,6074860.6,1376.89,0.07,81.91,231.94,9.27,0.26,0.05,358,150.3,396.01,iron
2,25948336,0,0,1,28.18,0.43,45.76,0.81,321.89,47.53,205.89,-13.41,0.963,0.064,0.813,0.052,662.05,9.05,4795.11,9856.68,1.45,0.03,22294.0,22.38,3047.27,48.21,-80.23,499530.14,6102305.98,1361.5,0.12,37.45,223.12,7.21,0.26,0.04,890,565.05,572.75,iron
4,377770411,0,0,1,47.54,0.86,235.09,0.79,288.35,-2.94,160.38,-62.08,0.861,0.07,0.723,0.057,684.48,29.9,6575.66,16637.27,1.23,0.06,-27815.66,116.03,3694.21,91.73,46.7,449448.21,6102824.61,1509.49,0.1,30.35,233.14,11.08,0.25,0.06,1070,372.19,452.91,iron
4,817080228,1,0,1,37.63,0.55,333.69,0.53,322.29,16.32,218.5,-42.67,1.178,0.086,0.998,0.071,826.99,15.79,3832.25,11486.89,1.69,0.05,-36241.82,39.62,4848.44,32.44,91.89,441025.72,6103957.75,1597.15,0.08,55.47,233.71,8.66,0.25,0.05,644,15.84,443.16,proton
2,433138907,0,0,1,30.48,0.45,60.93,0.83,319.64,53.82,202.72,-7.76,0.733,0.053,0.614,0.043,663.16,16.63,4907.21,9532.66,1.07,0.03,16972.15,33.95,1568.59,38.09,-54.08,494214.98,6100814.97,1370.53,0.12,44.53,227.31,9.98,0.26,0.05,772,533.56,636.05,iron
2,674819008,1,0,1,26.39,0.4,107.74,0.8,298.44,52.89,190.11,-9.89,1.291,0.09,1.098,0.075,752.04,9.61,3611.63,9077.34,2.03,0.04,13675.84,39.53,-2832.39,22.29,-41.86,490931.2,6096407.57,1373.65,0.1,45.55,214.92,8.63,0.28,0.05,729,610.8,621.1,iron
2,214726940,1,1,1,30.85,0.34,115.17,0.54,243.34,34.17,146.93,-6.7,10.941,0.782,9.521,0.678,782.86,7.08,3652.53,14004.71,15.95,0.18,9647.7,41.71,-184.53,30.02,-27.63,486898.98,6099043.35,1379.29,0.1,36.8,236.84,6.09,0.25,0.03,691,428.6,566.06,iron
2,912128253,1,0,1,53.18,0.54,224.69,0.86,268.64,-10.43,123.55,-53.67,1.013,0.072,0.852,0.058,733.92,23.3,6939.54,15149.65,1.56,0.06,12830.53,66.43,392.48,93.92,-37.21,490079.16,6099629.04,1374.81,0.12,29.22,217.19,8.93,0.24,0.05,726,128.83,384.71,iron
4,390923744,0,0,1,40.4,0.58,54.46,0.58,19.42,23.82,255.67,-0.35,0.794,0.055,0.666,0.044,850.94,12.08,3949.38,8497.04,1.07,0.03,-27004.08,57.69,18903.35,47.63,95.35,450221.02,6118025.78,1578.27,0.16,21.49,246.99,8.99,0.23,0.05,703,399.67,448.58,iron
4,348476257,1,0,1,39.83,0.52,344.46,0.44,331.86,19.58,226.91,-35.53,2.554,0.176,2.198,0.148,708.01,12.18,5347.01,15913.58,3.9,0.09,-23938.12,52.2,26733.82,46.68,3.41,453264.47,6125861.45,1502.18,0.08,41.92,223.68,7.08,0.25,0.04,1046,334.07,338.73,iron
4,822272827,0,0,1,29.47,0.41,244.64,0.66,289.37,0.02,165.0,-59.88,0.949,0.069,0.801,0.056,682.17,16.47,4654.04,11196.22,1.33,0.04,-25761.94,32.92,7266.13,35.26,53.06,451492.4,6106400.46,1509.33,0.08,43.46,238.72,9.58,0.23,0.05,640,221.94,249.13,iron
4,37151179,0,0,1,29.89,0.44,16.01,0.77,345.87,26.01,234.43,-22.68,0.633,0.043,0.529,0.034,657.94,11.0,4971.17,9250.05,0.94,0.02,-27805.09,31.74,20750.86,37.97,76.7,449418.72,6119872.28,1574.32,0.12,35.54,222.4,7.67,0.25,0.04,924,545.22,645.14,iron
4,616923734,1,1,1,33.51,0.15,87.57,0.95,9.77,34.44,242.2,-1.77,4.032,0.302,3.485,0.257,713.43,10.07,4627.3,14155.67,6.21,0.14,-30573.24,44.24,-804.88,21.36,49.69,446704.35,6098321.81,1522.11,0.06,93.68,222.54,9.28,0.28,0.05,1055,168.78,168.78,iron
2,765600781,0,0,1,42.6,0.52,266.47,0.69,297.88,-15.65,169.58,-77.6,0.759,0.056,0.636,0.045,753.56,18.57,5157.4,11436.01,1.1,0.04,11356.93,34.59,-3726.73,59.82,-35.08,488615.98,6095507.51,1376.46,0.08,49.6,228.6,10.18,0.27,0.05,718,196.03,316.29,iron
4,523814520,0,0,1,23.75,0.42,89.14,0.98,331.6,47.14,212.3,-11.35,0.858,0.062,0.723,0.051,709.18,13.22,3899.73,7651.39,1.27,0.03,-25132.74,33.92,16797.82,20.55,90.94,452097.53,6115927.04,1560.74,0.08,51.86,225.71,10.36,0.25,0.05,80,622.62,636.44,iron
4,28631800,0,0,1,23.74,0.45,278.94,0.98,323.75,-2.69,235.61,-58.48,0.923,0.066,0.779,0.054,610.01,13.21,5091.49,9113.07,1.37,0.03,-34245.27,24.94,8365.39,44.48,57.02,443011.57,6107478.11,1553.63,0.11,39.38,225.42,9.36,0.25,0.05,585,125.34,125.77,iron
4,436656134,1,0,1,51.59,1.11,284.51,1.08,315.36,-32.57,312.64,-77.94,1.09,0.087,0.92,0.072,746.52,36.77,6467.02,15827.49,1.59,0.07,-20979.45,96.88,12604.93,174.28,61.26,456258.83,6111747.21,1508.9,0.08,31.21,229.7,9.47,0.25,0.05,906,635.1,751.05,iron
4,650727337,1,0,1,30.27,0.39,220.75,0.66,282.38,7.53,160.05,-50.03,1.398,0.099,1.191,0.083,806.7,10.39,3292.21,6864.39,2.09,0.03,-28109.66,21.91,9735.07,24.34,67.79,449141.53,6108863.34,1533.72,0.07,52.38,226.34,8.92,0.26,0.05,612,468.06,713.95,proton
1,312479139,0,0,1,50.27,1.11,105.21,0.98,14.74,57.53,224.51,13.63,2.213,0.176,1.898,0.149,942.66,41.16,4374.03,21113.74,3.2,0.14,-11063.16,106.11,-10766.18,100.63,-16.17,466227.21,6088416.9,1403.12,0.14,35.26,235.32,9.34,0.25,0.05,158,255.35,316.13,proton
1,665343821,0,0,1,45.83,0.84,30.93,1.3,16.9,16.76,260.57,-5.96,0.697,0.061,0.581,0.05,664.85,21.56,6468.19,17115.33,1.03,0.07,-8083.85,152.07,-22495.71,123.33,-60.18,469236.65,6076702.58,1387.17,0.18,19.24,224.15,11.06,0.26,0.06,313,135.47,530.6,iron
2,60258228,0,0,1,50.08,0.68,157.13,0.89,301.68,55.5,192.14,-7.36,0.975,0.069,0.82,0.056,718.71,24.19,6495.85,14391.06,1.39,0.05,14237.97,83.61,-10419.38,92.06,-48.82,491513.79,6088825.88,1374.09,0.11,23.58,235.02,7.75,0.25,0.04,581,396.13,411.06,iron
4,890631076,1,0,1,52.52,0.38,213.31,0.81,285.83,14.72,169.16,-44.98,1.233,0.088,1.043,0.073,744.47,18.89,6615.92,11934.19,1.88,0.05,-24354.72,65.23,8003.66,66.36,54.43,452899.53,6107142.87,1503.51,0.07,48.81,220.62,9.31,0.25,0.05,662,444.36,503.24,iron
1,465928374,0,0,1,44.52,0.51,145.04,0.9,229.6,19.77,128.05,-4.93,0.677,0.054,0.564,0.043,633.72,24.73,6583.43,11697.28,0.97,0.04,-15754.43,58.19,-19883.84,49.34,-56.34,461559.96,6079293.57,1396.68,0.12,35.63,231.09,9.71,0.27,0.05,394,205.27,611.95,iron
2,349687962,0,0,1,36.09,0.64,50.8,1.17,344.0,49.23,218.38,-5.33,0.641,0.049,0.535,0.04,760.52,18.75,4313.97,13423.73,0.94,0.04,25053.93,48.85,5851.23,77.18,-91.02,502279.29,6105112.82,1358.09,0.12,33.38,226.61,9.8,0.25,0.05,732,513.36,600.33,proton
1,552917500,0,0,1,31.98,0.52,89.99,0.76,288.95,58.63,185.62,-3.45,0.835,0.063,0.702,0.052,686.88,17.67,4737.31,12431.92,1.23,0.05,-10060.92,44.49,-20537.46,42.55,-50.19,467253.69,6078653.11,1390.5,0.11,40.62,225.47,10.49,0.27,0.05,306,209.27,209.74,iron
4,102450277,1,0,1,39.59,0.4,291.62,1.46,327.1,-33.6,306.04,-68.23,3.313,0.246,2.858,0.209,709.6,12.75,5228.47,20505.52,4.96,0.17,-27306.87,81.87,-1463.09,80.96,23.5,449969.49,6097674.69,1479.52,0.12,31.05,228.44,8.5,0.28,0.05,1083,459.3,746.22,iron
4,158694005,1,0,1,36.95,0.35,167.69,0.89,245.07,13.28,130.99,-20.85,2.162,0.156,1.857,0.132,709.43,13.07,5007.98,11966.88,3.26,0.08,-22119.34,41.8,5483.95,42.18,38.09,455137.06,6104628.64,1478.94,0.07,89.26,226.29,9.95,0.26,0.05,652,133.84,202.91,iron
1,86769536,1,0,1,25.9,0.29,207.37,1.22,266.99,4.21,139.38,-43.25,1.211,0.089,1.029,0.074,786.42,12.61,3255.11,8849.55,1.81,0.04,-11781.25,25.92,-20239.13,25.23,-52.49,465533.6,6078947.13,1390.7,0.07,84.37,225.26,9.27,0.26,0.05,332,124.95,125.57,iron
4,977382895,0,0,1,33.11,0.6,345.49,0.72,2.91,-24.35,294.26,-36.42,0.981,0.068,0.828,0.056,684.63,10.3,4910.32,8740.67,1.49,0.03,-25876.26,63.94,15419.42,19.41,93.48,451356.98,6114548.67,1563.08,0.14,29.04,220.41,9.21,0.26,0.05,734,608.88,614.16,iron
4,574319964,0,0,1,46.26,0.7,280.15,0.63,314.29,-33.33,317.92,-78.4,0.782,0.054,0.654,0.043,656.29,14.89,6680.54,14470.92,1.21,0.04,-25316.11,80.45,9030.34,80.15,58.94,451933.25,6108166.55,1513.79,0.14,21.11,213.97,8.09,0.24,0.05,671,333.12,522.23,iron
1,151109444,0,0,1,27.68,0.42,183.24,1.12,282.28,27.01,171.02,-32.33,0.815,0.068,0.685,0.056,781.91,19.97,3395.75,9761.52,1.21,0.05,-10421.6,30.06,-20385.22,30.99,-50.19,466893.1,6078804.61,1390.5,0.07,80.48,224.01,10.31,0.26,0.05,306,117.06,204.78,iron
2,549367217,0,0,1,65.56,0.43,28.34,1.05,54.23,-23.55,313.58,6.55,4.928,0.393,4.231,0.333,767.57,25.87,9155.15,20441.65,7.07,0.21,-8680.94,335.62,-1788.73,374.77,5.21,468590.42,6097396.84,1413.88,0.03,87.71,237.56,10.59,0.24,0.06,582,373.19,700.97,proton
4,913746933,0,0,1,33.35,0.5,319.45,0.78,315.49,10.28,212.58,-50.66,0.733,0.05,0.614,0.04,718.55,11.97,4519.95,9386.07,1.05,0.03,-29972.34,27.26,8025.17,59.08,53.96,447282.13,6107149.04,1528.14,0.12,31.66,232.15,8.64,0.27,0.05,623,385.03,447.1,iron
2,987246804,0,0,1,45.63,0.67,232.23,0.89,280.9,-5.51,144.78,-59.87,1.122,0.082,0.949,0.067,726.98,19.74,5784.53,13497.43,1.62,0.05,12267.2,74.25,2801.96,88.08,-37.31,489509.07,6102034.53,1375.41,0.07,46.59,232.01,8.89,0.26,0.05,1008,162.53,166.09,iron
1,74758555,0,0,1,46.13,0.5,56.33,0.76,43.72,-9.74,296.48,4.99,0.87,0.066,0.731,0.054,686.97,20.13,6252.26,10882.25,1.3,0.04,-19086.92,28.19,-21931.69,57.54,-64.23,458234.99,6077234.57,1399.18,0.23,22.21,222.77,9.93,0.25,0.05,376,558.86,559.92,iron
1,979231096,1,0,1,45.39,0.55,190.34,0.74,343.1,17.58,238.52,-30.71,2.35,0.173,2.018,0.146,706.92,16.88,5906.27,15006.85,3.69,0.14,-17505.25,101.83,-12691.16,34.44,-24.75,459793.97,6086476.12,1412.01,0.08,56.74,216.92,9.6,0.26,0.06,449,121.71,222.69,iron
1,948053646,1,0,1,17.89,0.27,221.46,1.56,313.37,15.84,207.36,-45.86,1.374,0.102,1.172,0.085,738.37,12.86,3284.68,7835.49,2.06,0.04,-12287.88,22.36,-21520.43,22.35,-58.01,465030.41,6077665.19,1390.9,0.07,78.53,225.51,10.38,0.26,0.05,342,32.71,179.8,iron
1,652310087,0,0,1,37.5,0.55,153.28,0.75,306.36,49.11,195.17,-13.7,0.823,0.058,0.691,0.046,659.94,13.35,5555.62,12921.46,1.22,0.04,-23217.83,54.38,-19412.47,71.78,-66.73,454098.69,6079745.93,1409.72,0.17,26.91,223.92,8.74,0.28,0.05,401,821.4,1009.51,iron
1,17467746,1,0,1,46.54,0.58,63.36,0.43,34.7,12.97,272.04,7.42,3.939,0.279,3.399,0.237,744.42,17.27,5715.83,18315.12,5.83,0.16,-3270.69,53.38,-25833.79,76.75,-75.6,474052.45,6073375.94,1376.19,0.13,34.39,231.97,7.0,0.19,0.05,349,194.97,546.05,iron
4,537705422,1,1,1,47.39,0.27,266.71,0.45,296.16,-22.19,140.2,-82.11,3.723,0.244,3.211,0.206,734.73,10.64,5941.55,12265.68,5.32,0.09,-23671.05,35.16,11505.63,31.83,68.22,453571.53,6110644.01,1521.24,0.12,32.22,239.6,5.92,0.26,0.05,653,376.39,421.99,iron
2,483802232,0,0,1,46.41,0.6,263.71,0.9,300.0,-17.9,175.93,-80.38,0.984,0.074,0.829,0.061,657.5,21.77,6635.79,14016.79,1.43,0.05,10008.16,44.18,-3569.03,109.64,-30.54,487267.64,6095661.9,1378.43,0.07,45.34,229.39,9.97,0.27,0.05,679,57.7,116.18,iron
4,381656360,1,1,1,34.76,0.36,155.82,0.58,326.18,43.25,210.31,-16.45,2.876,0.206,2.48,0.175,689.12,10.64,4968.53,12854.46,4.44,0.1,-29846.4,42.55,1625.09,24.92,60.46,447422.97,6100753.43,1533.12,0.06,72.65,221.7,8.26,0.26,0.05,939,452.21,484.36,iron
4,701706091,0,0,1,51.35,0.83,60.73,1.38,44.52,2.63,285.82,11.51,1.615,0.12,1.376,0.101,923.32,25.14,4811.45,19247.78,2.46,0.11,-21178.64,125.15,25495.36,124.8,8.09,456026.73,6124629.32,1493.57,0.21,24.91,221.47,10.08,0.27,0.05,1032,113.24,218.28,proton
4,593682848,1,0,1,27.55,0.41,75.75,0.64,24.05,-0.77,279.48,-8.25,1.106,0.085,0.937,0.071,809.93,13.96,3087.17,7999.69,1.64,0.04,-24231.86,26.83,13684.63,21.72,78.27,453005.25,6112817.51,1536.26,0.07,54.59,227.33,10.09,0.26,0.05,635,78.13,649.63,proton
2,379454217,0,0,1,15.88,0.44,232.12,1.68,349.71,-20.96,285.11,-47.08,0.744,0.054,0.625,0.044,719.61,14.24,3383.37,7527.71,1.08,0.03,15972.72,34.58,-8294.48,26.44,-55.33,493240.32,6090954.32,1370.95,0.1,45.71,228.6,10.29,0.26,0.05,1173,413.24,422.01,iron
4,246261350,1,0,1,41.94,0.48,63.36,0.71,18.4,32.83,247.43,3.42,1.454,0.107,1.238,0.089,621.18,17.19,6508.48,12181.41,2.24,0.06,-23571.58,55.17,6691.45,56.7,42.78,453682.58,6105831.2,1489.15,0.07,60.38,218.86,10.48,0.24,0.05,588,577.02,785.76,iron
4,632311571,0,0,1,50.3,0.89,22.97,1.7,43.8,-34.64,318.37,-6.96,1.484,0.119,1.262,0.1,687.81,20.06,6862.78,23717.5,2.22,0.12,-16220.96,214.48,20701.43,174.2,22.85,460993.06,6119851.24,1476.48,0.19,21.61,225.68,9.51,0.25,0.05,935,474.09,692.65,iron
4,540362303,0,0,1,62.94,0.26,290.8,1.18,286.85,-41.47,51.35,-70.52,2.018,0.138,1.72,0.115,734.17,20.92,8761.44,17912.2,2.99,0.08,-22635.34,75.29,20047.52,133.24,63.89,454585.56,6119180.8,1536.18,0.09,22.83,228.19,6.57,0.27,0.04,690,22.07,210.79,iron
2,588060472,1,0,1,23.98,0.5,149.81,0.72,344.33,29.23,231.06,-21.09,1.095,0.08,0.928,0.066,704.36,13.41,3989.42,10202.18,1.67,0.05,26393.4,31.6,3853.92,29.71,-100.42,503623.73,6103121.95,1356.63,0.08,56.68,220.89,9.77,0.26,0.05,677,13.86,495.87,iron
2,667649159,0,0,1,38.94,0.67,147.54,0.75,20.27,2.78,274.51,-9.95,0.729,0.055,0.61,0.044,660.69,19.92,5732.51,13185.12,1.09,0.05,20168.78,61.38,5042.03,57.21,-68.75,497400.63,6104293.21,1364.76,0.13,31.48,222.84,10.82,0.27,0.06,750,149.94,510.54,iron
2,52420735,0,0,1,50.48,0.16,279.16,0.96,305.52,-35.38,358.54,-81.46,6.908,0.556,5.976,0.478,710.75,11.45,6721.85,20847.47,10.64,0.32,19032.48,133.06,21800.1,45.39,-99.47,496222.01,6121042.77,1362.49,0.06,111.17,222.93,9.18,0.26,0.05,1511,653.11,762.45,iron
4,724148076,0,0,1,36.63,0.68,30.19,0.81,49.15,-53.4,336.94,-12.59,1.004,0.077,0.848,0.063,682.44,18.03,5274.22,14135.94,1.49,0.07,-27553.83,77.86,1720.59,43.22,39.93,449715.09,6100853.63,1498.92,0.06,61.05,225.43,9.36,0.25,0.05,1071,140.92,140.93,iron
2,997300333,1,1,1,49.12,0.86,233.18,0.68,307.26,1.85,201.73,-60.72,3.809,0.287,3.284,0.244,778.16,26.23,5648.93,22514.27,5.86,0.23,3968.03,96.63,-8686.12,115.13,-23.63,481244.09,6090532.83,1383.61,0.14,31.08,222.61,8.01,0.24,0.05,459,15.24,116.54,proton
1,486008707,1,0,1,40.92,0.36,313.2,0.66,322.38,1.52,229.13,-55.77,1.816,0.125,1.554,0.105,740.94,11.06,5038.04,11467.91,2.85,0.06,-17873.07,51.19,-14407.09,26.44,-36.01,459431.47,6084759.58,1406.45,0.07,82.71,216.27,8.81,0.25,0.05,400,179.28,596.88,proton
1,880701634,1,0,1,21.59,0.45,308.67,0.85,335.14,-2.63,249.95,-50.64,1.14,0.082,0.968,0.068,702.09,13.26,3861.63,10069.02,1.68,0.04,-11396.77,29.4,-20102.88,29.62,-52.49,465917.86,6079083.91,1390.71,0.07,61.62,229.15,10.08,0.26,0.05,332,56.99,368.76,iron
1,274365413,1,1,1,24.29,0.38,71.28,0.83,3.49,24.27,247.17,-12.2,2.652,0.179,2.288,0.151,703.14,7.24,4005.67,9233.63,3.9,0.06,-11677.2,38.54,-22775.05,29.86,-64.42,465644.13,6076413.27,1387.66,0.11,40.92,232.9,7.94,0.26,0.05,343,115.21,147.65,iron
4,184799272,0,0,1,37.92,0.4,201.88,0.96,306.95,22.83,197.68,-39.89,1.051,0.081,0.888,0.067,662.0,21.33,5576.0,10878.37,1.61,0.05,-19486.66,33.55,12498.89,58.5,52.08,457750.01,6111645.55,1495.06,0.06,88.66,219.63,11.19,0.25,0.05,914,951.3,953.97,iron
4,275367828,0,0,1,24.5,0.54,27.68,1.04,18.82,-21.07,296.3,-21.49,0.685,0.058,0.573,0.048,767.65,17.89,3316.42,8912.44,1.01,0.04,-24723.76,39.67,10828.39,30.93,73.5,452521.8,6109963.54,1532.26,0.07,47.14,225.23,9.93,0.26,0.05,658,127.14,381.61,iron
4,671830528,0,0,1,39.48,0.68,343.14,1.08,5.64,-61.44,340.93,-36.56,1.643,0.12,1.404,0.101,761.3,17.0,4665.33,16482.05,2.46,0.08,-22440.55,68.39,4846.49,68.45,35.22,454818.8,6103990.43,1477.8,0.11,34.46,226.47,9.69,0.24,0.05,595,584.18,601.51,proton
4,904360500,0,0,1,63.49,0.33,68.85,1.0,44.76,38.03,251.24,25.13,3.459,0.244,2.966,0.205,773.86,22.68,8443.21,20875.11,4.88,0.13,-17361.79,121.03,4750.76,174.94,23.58,459894.73,6103910.75,1450.5,0.07,37.38,241.27,7.2,0.26,0.05,1727,286.21,674.54,iron
4,732513362,1,0,1,40.98,0.46,317.98,1.4,345.42,-28.48,295.09,-52.59,6.356,0.494,5.504,0.424,754.22,13.03,4862.79,24155.48,9.63,0.3,-20108.87,88.18,-2420.76,93.12,14.41,457167.31,6096732.83,1448.18,0.11,32.47,226.68,8.36,0.26,0.05,1349,272.71,477.18,iron
4,903088192,1,0,1,47.17,0.34,342.69,0.48,343.87,11.27,244.33,-34.77,2.122,0.139,1.819,0.116,788.74,11.78,5289.75,12294.35,3.26,0.07,-35618.51,45.13,4440.03,31.7,86.4,441645.21,6103552.59,1583.36,0.08,44.47,221.59,6.14,0.25,0.04,648,464.8,509.67,iron
4,294925750,0,0,1,69.43,0.25,36.9,1.67,99.7,-44.97,356.08,14.85,2.93,0.196,2.5,0.163,806.6,19.69,9557.1,20334.04,4.06,0.1,-30224.26,293.49,332.73,149.38,50.67,447044.58,6099455.81,1519.51,0.07,23.67,244.65,6.92,0.21,0.05,1078,239.44,293.45,proton
2,216868964,0,0,1,28.81,0.38,189.58,0.76,319.52,25.69,211.12,-34.82,0.966,0.065,0.815,0.053,765.69,10.34,3609.74,7604.69,1.43,0.03,18841.1,21.55,1579.05,30.64,-61.12,496081.72,6100829.09,1367.82,0.09,49.78,225.93,8.69,0.25,0.05,758,289.81,289.82,proton
2,957107349,0,0,1,42.61,0.61,53.77,0.81,34.96,-1.2,284.86,1.25,0.809,0.057,0.678,0.046,704.1,13.73,5556.02,14241.58,1.2,0.04,24383.99,53.85,4869.94,99.46,-85.3,501611.77,6104129.66,1359.98,0.19,24.25,224.74,8.0,0.27,0.04,776,518.25,713.27,iron
4,302357422,1,0,1,36.06,0.44,2.6,0.67,9.73,-12.94,284.41,-26.35,1.065,0.072,0.9,0.058,707.07,12.14,4867.78,9929.38,1.56,0.04,-27516.44,35.28,8409.72,41.37,59.27,449738.02,6107539.1,1526.65,0.1,37.23,229.01,9.09,0.26,0.05,591,475.8,501.23,iron
2,384817079,0,0,1,36.46,0.36,250.8,0.72,315.11,-7.51,225.57,-67.24,0.745,0.055,0.624,0.044,750.83,18.13,4442.29,11250.86,1.07,0.04,16798.33,39.81,6725.49,27.74,-58.26,494028.13,6105968.32,1365.93,0.07,82.71,231.28,9.57,0.25,0.05,1003,478.16,672.99,iron
2,681567592,0,0,1,23.72,0.46,195.99,0.89,330.67,17.1,227.35,-38.23,0.916,0.062,0.773,0.05,705.16,10.38,3924.6,10075.67,1.37,0.03,14367.28,34.82,648.61,31.58,-41.03,491613.94,6099888.18,1374.07,0.09,44.85,223.2,8.31,0.26,0.04,719,468.05,510.23,iron
1,764482472,1,0,1,43.42,0.39,101.93,0.5,68.36,-37.95,332.49,7.26,1.809,0.12,1.547,0.1,893.16,13.08,3863.05,10271.87,2.69,0.06,-9394.39,34.68,-23986.78,32.78,-68.91,467928.33,6075208.71,1384.24,0.09,44.56,227.71,7.8,0.27,0.05,339,150.8,192.97,proton
4,657784491,0,0,1,20.11,0.38,270.49,1.05,313.19,6.14,210.97,-55.28,0.715,0.051,0.6,0.041,615.93,13.54,4839.14,9374.89,1.07,0.02,-27066.96,28.04,8847.95,30.77,60.73,450184.27,6107979.02,1521.71,0.1,44.11,222.46,9.87,0.25,0.05,613,15.13,671.28,iron
1,66276624,0,0,1,36.75,0.54,165.87,1.1,300.97,42.63,191.32,-20.22,0.847,0.066,0.712,0.054,728.65,16.28,4769.16,11762.86,1.31,0.05,-6634.3,44.59,-21189.29,64.2,-55.8,470678.88,6078010.82,1384.32,0.06,82.64,214.84,11.22,0.26,0.05,296,443.46,464.45,iron
4,228928636,1,0,1,29.85,0.2,123.16,0.88,16.73,10.72,265.74,-9.16,2.348,0.166,2.022,0.14,750.29,8.97,3923.0,10058.29,3.51,0.06,-23732.4,23.87,7424.41,24.36,54.43,453520.12,6106564.13,1503.52,0.07,89.11,228.31,9.07,0.26,0.05,662,709.01,807.0,iron
2,468248566,1,1,1,42.86,0.28,43.71,0.43,53.5,-38.46,325.66,-2.23,3.12,0.208,2.689,0.175,684.65,9.96,5927.77,12703.8,4.64,0.08,11823.3,32.43,2148.22,38.07,-34.82,489066.97,6101380.02,1376.02,0.09,56.5,229.71,6.78,0.26,0.04,723,347.47,372.06,iron
1,131917465,1,0,1,23.51,0.47,357.51,0.78,345.55,12.05,245.04,-33.04,12.234,0.906,10.663,0.787,769.56,8.07,3288.09,14755.59,17.91,0.22,-9304.4,37.17,-16264.06,38.42,-34.55,467999.19,6082926.09,1393.57,0.08,45.32,236.34,7.0,0.24,0.03,121,3.79,180.88,proton
4,407200093,1,1,1,43.34,0.2,223.1,0.41,293.34,8.32,176.82,-53.35,10.899,0.73,9.469,0.63,756.72,7.71,5263.26,11165.11,15.64,0.17,-27571.28,22.76,7012.24,29.84,51.32,449685.4,6106142.79,1513.87,0.11,39.48,239.63,4.55,0.31,0.05,628,125.31,167.22,iron
2,205673761,1,0,1,37.29,0.48,140.06,0.55,353.87,39.51,230.1,-8.19,2.011,0.135,1.726,0.113,790.14,10.96,4220.08,13311.59,3.11,0.07,10332.07,52.68,-7033.85,38.68,-37.99,487599.34,6092200.81,1375.56,0.11,38.73,220.14,7.17,0.27,0.04,555,390.84,506.55,iron
4,900567455,0,0,1,24.43,0.44,285.6,0.95,339.04,-28.92,294.68,-58.2,0.751,0.051,0.63,0.041,662.89,10.74,4553.54,8336.65,1.13,0.02,-26746.0,35.81,10780.6,31.44,77.8,450500.24,6109910.47,1542.63,0.1,40.07,220.9,8.84,0.25,0.04,650,171.85,174.58,iron
1,3660146,0,0,1,19.64,0.43,105.91,1.08,31.15,-34.76,313.98,-16.43,0.821,0.06,0.691,0.049,695.14,14.11,3902.22,9118.13,1.23,0.04,-12835.86,29.93,-20988.57,31.98,-52.62,464481.72,6078195.02,1393.52,0.09,49.32,222.02,10.48,0.27,0.05,333,671.27,713.69,iron
2,749521707,1,0,1,37.6,0.51,102.53,0.56,51.88,-29.36,317.31,1.62,1.14,0.081,0.965,0.066,743.03,15.98,4730.17,12768.11,1.63,0.06,9930.46,35.48,-6076.12,46.88,-32.64,487196.27,6093156.52,1378.27,0.08,47.91,234.5,8.93,0.25,0.05,571,25.36,173.83,iron
4,903423723,1,1,1,44.99,0.17,344.98,0.19,234.0,-54.42,53.69,-33.85,3.472,0.229,2.994,0.193,681.06,9.33,6274.31,10944.54,5.17,0.08,-28376.91,11.55,10439.67,11.54,74.87,448870.9,6109565.61,1546.15,0.21,21.56,229.87,7.62,0.24,0.06,606,419.41,521.25,iron
4,921484929,0,0,1,36.16,0.41,270.09,0.56,323.62,-24.52,279.51,-71.22,1.725,0.121,1.475,0.101,689.29,12.07,5174.02,13713.5,2.68,0.08,-18973.74,31.8,20674.04,46.12,29.41,458242.82,6119815.55,1493.57,0.06,67.87,217.98,9.68,0.27,0.05,931,498.77,501.4,iron
4,302039889,1,1,1,43.79,0.32,280.97,0.67,307.57,-40.33,357.84,-76.25,3.53,0.231,3.045,0.194,775.05,7.08,5112.12,16191.68,5.32,0.1,-30464.39,38.0,2701.91,80.93,60.46,446804.28,6101827.77,1533.15,0.15,21.0,227.09,6.04,0.24,0.04,939,44.45,647.19,iron
4,103376066,0,0,1,29.58,0.42,64.68,0.74,15.66,15.27,261.24,-7.74,0.773,0.055,0.648,0.044,686.39,13.45,4605.57,10545.85,1.13,0.03,-23890.4,42.53,18589.26,30.77,74.85,453334.38,6117720.93,1545.94,0.1,36.73,227.12,9.41,0.26,0.05,689,20.99,293.53,iron
2,417341802,0,0,1,42.41,0.82,102.14,1.07,2.76,54.65,223.08,6.5,1.068,0.084,0.902,0.069,664.9,24.25,6084.99,18729.74,1.6,0.08,12061.34,100.1,5897.27,100.5,-41.18,489295.69,6105128.0,1373.33,0.15,31.28,223.1,9.4,0.26,0.05,1290,43.9,371.22,iron
4,492900584,0,0,1,42.91,0.5,242.38,0.75,329.54,-25.63,285.33,-66.16,1.88,0.146,1.61,0.124,728.77,16.91,5464.17,15055.54,2.8,0.1,-15645.28,36.15,17198.75,88.55,22.4,461577.99,6116352.71,1464.56,0.05,73.84,228.36,10.07,0.26,0.05,870,105.39,285.71,iron
1,39378299,1,1,1,53.97,0.31,55.04,0.84,151.36,-46.9,32.25,11.64,55.66,4.823,48.798,4.245,772.33,13.28,6662.2,38212.96,79.3,2.08,-4754.46,124.54,322.3,145.22,2.72,472504.01,6099513.37,1404.1,0.17,17.88,244.17,6.28,0.25,0.04,502,495.84,516.19,proton
4,39351059,1,1,1,53.89,0.57,53.55,0.38,153.12,-47.03,33.29,10.99,60.639,5.198,53.194,4.577,799.72,24.22,6390.73,32767.9,84.42,1.35,-4853.95,75.61,357.51,132.53,2.72,472404.42,6099548.25,1404.11,0.07,52.04,250.08,5.27,0.25,0.03,502,246.51,605.77,iron
4,430417424,1,0,1,39.84,0.27,209.2,0.34,282.14,13.9,164.09,-44.27,12.256,0.863,10.662,0.748,803.56,7.57,4329.29,12739.28,18.98,0.22,-26540.29,28.08,4163.98,28.77,35.48,450724.09,6103299.36,1489.49,0.08,48.45,223.35,5.61,0.2,0.04,634,534.9,541.53,proton
1,942505059,1,1,1,28.35,0.34,108.85,0.37,359.25,34.85,236.5,-8.31,24.394,1.856,21.349,1.626,711.74,6.41,4209.1,15855.45,37.56,0.4,-2925.15,27.68,-23539.71,33.74,-63.29,474393.09,6075669.84,1378.74,0.06,59.51,225.69,5.71,0.24,0.04,357,453.25,588.54,iron
4,277636341,0,0,1,52.37,0.65,20.04,0.57,36.85,-23.78,305.86,-7.37,0.813,0.059,0.68,0.047,659.72,24.53,7582.15,18075.72,1.19,0.06,-27085.74,92.68,24311.48,93.99,22.11,450124.8,6123431.44,1524.42,0.16,19.44,225.78,9.63,0.28,0.05,917,520.68,972.3,iron
2,563718862,0,0,1,42.14,0.53,113.69,0.57,17.47,35.64,244.61,4.18,0.987,0.069,0.832,0.056,768.09,15.17,4959.43,11939.25,1.48,0.04,11749.18,39.08,-5525.71,53.54,-36.38,489012.43,6093711.18,1377.11,0.09,37.94,222.92,8.66,0.25,0.05,578,416.76,490.63,iron
2,108825797,0,0,1,32.74,0.54,114.74,0.92,6.49,33.03,241.74,-4.8,0.661,0.048,0.552,0.038,743.58,15.11,4164.55,11707.28,0.94,0.03,20215.5,31.76,4839.27,75.67,-70.09,497447.34,6104091.43,1364.75,0.12,30.6,232.69,9.51,0.25,0.05,751,332.73,597.05,iron
1,231187667,0,0,1,40.75,0.81,87.84,1.64,34.67,8.39,276.16,5.35,0.926,0.076,0.779,0.063,789.11,22.12,4518.18,17349.49,1.39,0.07,-13360.05,84.68,-13628.4,103.76,-28.55,463939.17,6085551.33,1401.68,0.13,32.93,223.04,10.17,0.26,0.05,153,438.12,568.84,iron
1,359681315,1,0,1,40.13,0.52,103.56,0.74,50.53,-23.16,311.4,3.9,1.504,0.102,1.282,0.085,734.81,14.48,4980.6,16231.04,2.18,0.06,-14059.76,52.8,-14760.14,61.21,-28.55,463243.17,6084415.19,1401.72,0.12,31.38,233.67,8.05,0.27,0.05,153,132.87,757.06,iron
1,982443326,0,0,1,57.29,0.48,160.36,1.16,25.36,4.35,275.52,-4.72,1.57,0.116,1.334,0.097,737.36,23.6,7521.14,16871.77,2.29,0.08,-9178.51,165.72,-14773.19,125.55,-31.29,468117.39,6084417.66,1394.93,0.06,45.88,230.87,9.88,0.27,0.05,167,331.28,808.83,iron
2,717948795,0,0,1,24.22,0.32,342.08,1.53,342.58,-73.71,359.54,-39.05,0.644,0.053,0.538,0.043,769.42,20.53,3221.39,9477.6,0.94,0.04,11559.77,22.92,-4628.92,33.2,-33.68,488820.53,6094606.86,1377.41,0.06,83.6,226.79,10.38,0.25,0.05,686,163.95,667.41,iron
4,297345178,1,1,1,45.01,0.41,274.16,0.45,306.54,-37.1,356.76,-79.58,3.264,0.233,2.814,0.197,789.23,13.38,5021.37,15336.81,5.0,0.13,-17335.32,33.16,20659.28,55.28,19.01,459880.43,6119803.93,1478.84,0.06,63.72,222.28,7.99,0.34,0.05,955,480.02,490.46,iron
4,341487245,1,0,1,31.85,0.28,53.02,0.89,91.17,-68.41,1.57,-8.37,1.811,0.139,1.552,0.118,783.77,12.93,3641.44,11421.61,2.72,0.07,-34218.35,33.45,2850.71,22.86,83.81,443052.4,6101966.39,1575.85,0.06,87.89,226.23,9.72,0.26,0.05,949,24.31,234.73,proton
4,485414792,0,0,1,55.35,0.72,358.05,1.38,15.28,-10.8,284.75,-20.52,0.751,0.057,0.627,0.046,884.83,31.58,5801.57,11993.12,1.08,0.04,-32047.88,148.85,5664.4,49.01,67.15,445218.85,6104783.85,1553.12,0.08,39.59,229.42,10.39,0.25,0.05,630,334.79,337.42,proton
1,224295070,0,0,1,45.84,0.76,129.39,0.93,14.89,36.31,242.95,2.74,1.544,0.121,1.315,0.102,716.12,24.23,5882.25,15086.45,2.31,0.08,-5781.1,77.5,-19968.89,116.13,-51.44,471528.74,6079233.28,1383.64,0.06,57.04,225.85,10.28,0.24,0.05,299,258.3,292.23,iron
4,242662664,0,0,1,33.22,0.4,250.58,0.7,330.38,-37.69,314.4,-64.66,0.825,0.062,0.693,0.05,754.03,15.23,4105.44,9761.16,1.23,0.04,-21878.0,26.27,16706.76,31.99,73.02,455350.57,6115845.53,1531.66,0.06,70.14,223.91,10.44,0.26,0.05,824,499.92,552.65,proton
4,179178893,0,0,1,38.85,0.53,82.12,0.7,80.94,-51.01,347.92,3.54,1.112,0.082,0.941,0.067,661.3,16.05,5651.63,16114.89,1.68,0.07,-22977.93,57.05,24217.25,57.37,14.44,454232.55,6123350.82,1505.05,0.12,32.69,221.58,10.41,0.28,0.06,1036,481.13,748.2,iron
2,104065570,1,0,1,36.35,0.32,255.83,0.57,319.75,-13.37,244.98,-69.11,1.172,0.085,0.993,0.07,701.44,13.71,4973.23,9058.57,1.82,0.04,13977.11,27.55,-2417.76,25.74,-41.86,491231.33,6096822.79,1373.61,0.1,54.21,216.2,9.33,0.24,0.05,729,147.56,211.41,iron
4,854317718,1,1,1,46.31,0.26,67.79,0.69,60.27,-27.67,320.13,8.64,2.79,0.193,2.402,0.162,738.87,12.91,5752.74,9866.28,3.95,0.07,-25431.2,42.03,14863.74,19.99,93.48,451804.72,6113995.75,1563.06,0.14,33.37,240.95,8.43,0.28,0.05,734,48.62,403.32,iron
4,693134947,0,0,1,39.73,0.36,188.03,0.68,344.73,15.63,241.39,-31.07,1.073,0.078,0.907,0.064,707.2,16.61,5271.07,10753.57,1.56,0.04,-22410.69,37.84,7583.55,42.35,49.58,454840.89,6106726.19,1493.31,0.07,81.1,230.71,10.41,0.26,0.05,665,618.63,710.54,iron
1,529427418,0,0,1,26.47,0.52,213.22,0.95,350.44,-19.19,282.99,-45.87,0.912,0.072,0.769,0.06,750.97,18.26,3627.62,9271.31,1.36,0.05,-19575.55,36.79,-18011.18,27.4,-48.15,457739.28,6081154.61,1405.35,0.07,68.57,224.3,10.98,0.26,0.05,369,389.59,439.51,iron
4,776220728,1,0,1,41.16,0.42,327.7,0.57,353.7,-33.69,304.35,-46.17,2.507,0.177,2.157,0.149,731.13,12.7,5109.61,14183.87,3.58,0.09,-26556.33,47.89,5505.53,67.0,42.39,450703.29,6104638.78,1500.49,0.13,24.28,239.56,7.89,0.21,0.04,641,32.17,188.56,iron
4,585316523,1,0,1,24.56,0.41,297.81,0.98,338.81,-17.4,274.08,-55.54,1.802,0.123,1.545,0.103,706.45,7.7,3921.12,8512.12,2.77,0.05,-34925.76,25.12,8156.96,44.91,57.02,442331.19,6107269.43,1553.68,0.09,44.05,220.98,8.32,0.26,0.05,585,631.57,813.99,iron
4,123946173,0,0,1,28.74,0.33,108.61,1.02,9.75,24.21,250.62,-7.62,0.825,0.062,0.693,0.05,641.99,21.38,4945.68,9278.56,1.21,0.03,-24160.51,27.74,8261.21,29.33,54.43,453090.74,6107397.98,1503.48,0.07,84.17,226.79,10.53,0.26,0.05,662,366.24,547.21,iron
4,23444314,0,0,1,46.45,0.97,284.01,1.69,318.27,-29.76,297.51,-76.27,0.649,0.069,0.541,0.057,654.99,46.91,6561.72,12667.22,0.95,0.07,-21493.87,105.27,19941.67,179.4,53.23,455726.05,6119079.37,1520.27,0.04,51.75,224.6,11.46,0.26,0.05,921,14.72,176.92,iron
2,620048474,0,0,1,14.94,0.47,118.38,1.64,4.88,5.51,264.07,-21.89,0.772,0.056,0.649,0.045,684.63,12.18,3717.58,9015.68,1.16,0.03,13632.85,37.75,-2620.52,25.17,-41.86,490887.69,6096619.19,1373.63,0.08,50.1,222.21,9.74,0.26,0.05,729,461.89,485.08,iron
4,484134618,1,0,1,33.68,0.37,303.96,0.66,338.26,-36.81,309.8,-58.71,1.076,0.074,0.91,0.061,700.56,12.28,4691.69,8940.24,1.6,0.03,-25494.89,29.78,20456.22,29.08,81.83,451726.42,6119583.11,1565.56,0.08,56.8,226.16,9.4,0.27,0.05,1031,108.96,541.86,iron
4,853161223,0,0,1,45.25,0.33,232.02,1.18,320.93,-2.07,230.44,-59.58,2.265,0.216,1.945,0.184,706.75,23.41,5878.28,16482.73,3.3,0.19,-15570.09,83.94,26887.87,104.91,-23.9,461629.01,6126036.33,1451.45,0.04,102.2,233.93,10.32,0.24,0.05,1044,43.54,471.41,iron
2,905148472,0,0,1,29.46,0.6,140.82,0.99,21.25,-9.03,285.73,-14.45,0.711,0.053,0.595,0.043,654.11,17.4,4872.49,13505.31,1.06,0.04,10130.04,50.5,-5562.8,46.56,-32.64,487394.28,6093669.97,1378.29,0.1,42.06,222.4,9.42,0.26,0.05,571,486.23,502.24,iron
4,230611582,0,0,1,49.0,0.76,86.04,0.72,70.14,-29.92,327.55,13.82,1.428,0.1,1.213,0.083,684.32,23.6,6643.43,18131.24,2.05,0.08,-17403.69,61.5,18193.65,129.83,33.84,459818.24,6117344.57,1485.53,0.09,36.69,234.54,8.81,0.25,0.05,842,347.72,380.09,iron
1,39850772,1,0,1,23.74,0.26,74.09,1.19,50.01,-53.93,337.67,-12.4,3.715,0.273,3.214,0.232,768.28,10.49,3238.08,12499.26,5.44,0.1,-13085.2,30.73,-16893.29,39.39,-37.1,464221.75,6082286.64,1396.26,0.09,37.59,234.7,8.6,0.24,0.04,197,383.3,765.33,proton
4,930410970,0,0,1,60.69,0.59,328.19,1.82,249.81,-19.88,99.41,-41.1,1.662,0.133,1.412,0.112,689.97,34.45,8600.19,19443.62,2.35,0.1,-25191.53,253.9,26797.89,163.75,4.48,452010.73,6125923.56,1508.79,0.08,29.89,238.94,9.58,0.25,0.05,1047,135.89,254.72,iron
4,706699343,1,1,1,26.43,0.34,22.03,0.79,13.96,-12.19,285.53,-22.28,2.55,0.178,2.199,0.15,677.19,8.7,4378.9,7922.4,3.81,0.06,-27555.25,24.5,9620.56,27.36,67.79,449694.01,6108748.84,1533.68,0.09,50.09,228.66,9.13,0.26,0.05,612,129.15,175.06,iron
1,181551837,1,0,1,51.97,0.63,356.4,1.45,28.96,-51.97,330.81,-23.4,1.033,0.081,0.87,0.067,653.2,29.27,7427.19,13907.49,1.52,0.05,-18840.29,176.51,-16409.0,55.4,-41.19,458467.66,6082757.23,1406.55,0.07,43.33,227.19,10.47,0.26,0.05,415,266.72,266.77,iron
1,382432400,0,0,1,41.89,0.52,27.96,0.65,47.34,-46.38,330.1,-10.21,0.751,0.051,0.629,0.041,738.01,12.87,5132.31,12378.02,1.1,0.03,-9494.92,77.07,-26704.01,33.82,-81.83,467835.28,6072492.1,1381.73,0.2,24.21,225.88,7.84,0.25,0.04,325,119.36,136.95,iron
1,743847515,0,0,1,41.12,0.34,128.56,0.64,107.55,-63.07,5.96,-1.03,0.946,0.065,0.797,0.053,710.77,14.43,5318.02,9887.48,1.43,0.03,-11578.8,33.31,-22039.63,33.44,-58.01,465740.37,6077148.44,1390.97,0.1,49.26,221.48,8.39,0.26,0.04,342,650.07,771.78,iron
2,598836074,0,0,1,46.42,0.35,102.06,0.51,58.59,-22.67,315.13,10.36,0.978,0.065,0.824,0.053,824.6,13.4,4865.31,11375.21,1.47,0.04,11780.23,31.16,-6162.11,42.74,-36.38,489045.25,6093074.63,1377.08,0.1,43.02,222.19,7.78,0.25,0.05,578,68.45,169.9,proton
4,323233055,1,0,1,32.91,0.66,62.54,0.37,62.89,-52.32,340.74,-5.12,10.858,0.863,9.446,0.749,798.15,14.72,3598.01,19148.62,15.57,0.35,-13701.19,34.34,10923.84,55.29,13.76,463536.07,6110085.6,1436.56,0.06,54.57,241.29,9.11,0.2,0.04,1221,70.82,578.46,proton
2,860377604,0,0,1,47.1,0.77,197.51,0.71,7.49,-34.19,307.21,-34.92,0.691,0.05,0.576,0.04,857.69,23.98,4658.58,13774.35,0.97,0.04,15398.65,71.04,5668.59,56.22,-50.95,492631.69,6104907.55,1370.06,0.1,45.47,235.34,8.98,0.25,0.05,1006,29.69,70.34,proton
4,618504312,0,0,1,41.11,0.63,220.55,0.61,344.82,-47.5,326.27,-51.61,1.025,0.075,0.865,0.061,740.21,18.58,5014.63,15437.84,1.49,0.06,-31702.27,61.09,2068.59,58.07,70.01,445568.36,6101190.75,1549.86,0.1,35.1,230.42,9.72,0.24,0.05,941,152.45,240.45,iron
2,197439354,0,1,1,41.98,0.55,324.36,1.1,267.31,-61.27,37.79,-48.38,2.642,0.202,2.274,0.171,778.24,10.89,4791.33,17757.36,4.4,0.15,1833.05,42.34,-4757.91,96.83,-11.91,479100.57,6094453.31,1390.15,0.07,94.24,205.12,8.74,0.25,0.05,252,12.44,21.56,iron
1,389759284,0,0,1,33.99,0.49,72.91,0.82,69.05,-52.72,343.53,-2.58,0.678,0.049,0.567,0.039,690.1,12.32,4890.11,11198.09,1.04,0.04,-17294.24,29.33,-19018.25,66.58,-51.24,460020.73,6080152.72,1399.63,0.14,28.5,216.67,9.55,0.26,0.05,412,342.54,343.32,iron
1,546038996,0,0,1,42.25,0.52,81.21,0.77,86.36,-49.82,350.1,6.47,0.866,0.064,0.728,0.052,755.49,16.92,5061.41,15720.33,1.28,0.06,-11163.09,57.81,-17251.08,65.59,-35.29,466143.55,6081932.72,1395.35,0.14,28.27,225.71,8.8,0.27,0.05,196,261.11,639.18,proton
1,140871102,0,0,1,49.72,0.58,288.62,1.07,285.57,-29.47,90.09,-74.55,1.074,0.079,0.906,0.065,734.88,23.3,6272.43,13373.57,1.57,0.05,-7840.36,98.0,-19023.45,114.76,-44.91,469469.15,6080171.86,1388.55,0.05,59.15,229.23,9.01,0.25,0.04,305,27.62,97.44,iron
4,747839494,0,0,1,37.72,0.66,326.08,0.94,253.25,-36.81,76.91,-47.24,0.723,0.056,0.605,0.046,796.68,18.33,4132.95,12102.15,1.09,0.04,-21741.75,62.67,15386.5,44.98,66.68,455488.15,6114527.09,1519.68,0.11,35.82,220.54,11.08,0.27,0.06,918,551.01,581.99,proton
2,640454545,0,0,1,46.77,0.41,117.52,0.57,47.53,-11.19,299.59,7.55,0.998,0.067,0.841,0.054,709.03,14.77,6065.71,13319.29,1.46,0.05,11776.48,41.2,-6354.2,53.78,-36.38,489042.18,6092882.52,1377.09,0.12,33.07,229.28,7.92,0.25,0.05,578,204.8,217.18,iron
1,522526216,1,0,1,36.92,0.32,156.53,0.38,30.45,-31.0,310.13,-15.54,14.922,1.1,13.003,0.957,738.18,7.88,4607.28,15963.95,21.82,0.27,-7031.38,34.06,-15392.23,32.78,-30.09,470268.69,6083803.02,1391.98,0.07,64.15,236.49,5.41,0.25,0.04,191,224.98,253.8,iron
2,469795699,0,0,1,42.89,0.55,211.58,1.81,350.9,-19.74,283.94,-45.63,2.416,0.193,2.077,0.164,749.5,17.2,5200.87,24346.39,3.66,0.17,4182.42,112.08,-15420.9,113.43,-37.53,481476.19,6083803.3,1381.51,0.14,30.73,225.11,10.02,0.26,0.05,255,653.28,786.57,iron
1,203961047,0,0,1,35.8,0.49,131.28,0.57,64.32,-55.38,343.65,-6.43,0.98,0.07,0.827,0.057,837.89,12.99,3523.98,9997.26,1.46,0.04,-11878.37,33.0,-20206.59,32.94,-52.49,465436.48,6078979.45,1390.7,0.08,48.28,225.18,8.23,0.26,0.04,332,179.87,185.1,proton
2,243211317,1,0,1,36.2,0.47,148.04,0.56,62.3,-63.14,349.11,-12.1,1.271,0.086,1.079,0.07,686.16,13.01,5144.41,12290.58,1.89,0.05,24367.15,44.75,5538.86,37.93,-91.02,501594.87,6104800.52,1358.05,0.09,43.3,227.04,8.44,0.25,0.05,732,22.68,51.22,iron
1,941148344,0,0,1,41.7,0.42,328.69,0.7,351.56,-53.96,333.7,-45.63,0.696,0.049,0.581,0.039,678.62,15.07,5811.0,10650.59,1.06,0.03,-11797.78,52.88,-25322.23,29.77,-75.43,465530.47,6073866.74,1386.54,0.18,28.97,217.61,7.72,0.25,0.04,300,185.97,188.47,iron
4,326609707,0,0,1,27.88,0.44,11.52,0.84,19.52,-35.23,311.11,-25.58,0.685,0.048,0.573,0.038,692.52,13.21,4351.48,9516.57,0.96,0.03,-24753.43,49.81,17857.7,28.08,84.53,452472.48,6116987.73,1554.76,0.11,33.2,237.02,9.43,0.24,0.05,695,582.99,603.2,iron
4,56640603,0,0,1,57.25,0.32,290.6,0.84,285.18,-35.36,69.97,-72.78,1.306,0.09,1.104,0.074,684.22,16.85,8090.64,16048.61,1.85,0.05,-20812.6,88.45,23937.88,109.21,16.88,456396.37,6123075.92,1494.88,0.06,41.75,236.3,8.38,0.26,0.05,997,105.59,209.82,iron
4,248075620,1,0,1,30.57,0.38,212.33,0.72,353.91,-45.34,321.16,-45.91,1.006,0.067,0.85,0.055,757.25,9.03,3835.61,7374.36,1.47,0.02,-32418.2,16.41,8893.74,36.29,50.59,444836.04,6108010.33,1539.39,0.1,39.62,229.21,8.06,0.26,0.04,618,136.34,559.44,proton
4,461763144,0,0,1,36.32,0.51,290.41,0.75,286.4,-46.65,42.24,-66.53,0.65,0.048,0.542,0.038,748.42,16.69,4452.79,9731.4,0.95,0.03,-23863.82,35.56,20194.07,41.51,72.53,453357.42,6119324.38,1550.39,0.07,59.62,227.15,9.53,0.25,0.05,684,71.5,517.19,iron
1,767393186,0,0,1,43.07,0.54,354.09,0.64,230.99,-33.2,77.97,-28.72,0.993,0.071,0.837,0.058,686.03,16.5,5848.14,12944.4,1.48,0.05,-15710.24,67.88,-16639.81,39.03,-39.57,461600.41,6082534.14,1404.16,0.09,43.04,224.72,9.12,0.25,0.05,414,922.98,923.72,iron
4,13125708,0,0,1,50.73,0.76,292.77,1.82,282.96,-34.1,75.88,-71.49,1.141,0.091,0.964,0.075,778.69,19.69,5823.22,23404.52,1.73,0.09,-24346.49,154.27,-994.37,170.47,16.81,452927.55,6098148.8,1463.14,0.22,23.52,220.96,9.44,0.27,0.05,1276,88.4,109.22,iron
4,265250604,0,0,1,37.44,0.35,176.08,1.33,25.06,-48.53,326.49,-24.99,1.133,0.083,0.96,0.068,679.99,17.87,5280.83,12041.62,1.67,0.05,-18068.58,36.86,18402.12,74.58,33.84,459153.47,6117548.98,1485.53,0.07,94.72,228.43,9.63,0.26,0.05,842,153.45,479.04,iron
4,316363103,1,1,1,34.83,0.18,161.71,0.77,2.75,13.81,255.46,-19.01,3.001,0.209,2.589,0.176,674.41,9.8,5111.99,9986.04,4.54,0.06,-20135.37,20.41,13840.45,31.4,61.26,457098.55,6112985.09,1508.86,0.08,94.27,226.12,8.8,0.25,0.05,906,389.28,555.54,iron
4,329711575,0,1,1,54.83,0.28,242.22,0.57,324.19,-15.96,257.67,-67.34,6.245,0.442,5.393,0.378,694.27,13.33,7485.5,21152.69,9.69,0.24,-8623.7,89.53,28771.9,112.43,60.25,468565.46,6127934.29,1532.37,0.06,96.25,220.73,7.32,0.27,0.05,974,169.99,176.63,iron
1,734721967,0,1,1,37.19,0.75,40.41,0.66,108.65,-70.45,8.08,-8.11,2.743,0.205,2.364,0.174,696.68,15.89,5088.11,19543.17,4.16,0.14,-19959.62,76.68,-9921.95,56.97,-15.88,457332.84,6089236.3,1420.64,0.09,43.95,225.23,8.97,0.27,0.05,115,676.22,709.86,iron
2,374057647,1,0,1,24.39,0.36,140.68,0.78,37.7,-51.66,332.27,-18.17,1.233,0.09,1.048,0.074,707.81,10.75,3931.14,7469.05,1.95,0.04,24870.45,19.7,1205.28,25.34,-87.55,502108.45,6100471.15,1362.16,0.09,53.67,213.29,10.95,0.24,0.05,911,13.63,533.17,iron
4,201233221,1,0,1,37.03,0.39,37.52,0.56,190.21,-53.21,46.89,-9.17,1.109,0.072,0.939,0.059,665.79,10.1,5416.15,11044.61,1.67,0.04,-23832.97,47.13,13968.49,26.47,78.27,453402.43,6113102.72,1536.25,0.12,30.96,222.72,7.6,0.27,0.05,635,393.53,520.4,iron
1,929679042,0,0,1,44.72,0.43,315.42,0.9,263.97,-44.2,63.77,-54.49,1.082,0.08,0.914,0.066,747.04,19.95,5425.96,12697.26,1.61,0.06,-20482.27,87.71,-12491.74,47.4,-27.87,456818.82,6086667.47,1417.89,0.07,89.11,225.68,10.53,0.26,0.05,424,163.98,169.44,iron
1,418803219,1,0,0,34.22,0.18,313.14,0.8,334.26,-54.38,341.49,-54.43,2.739,0.195,2.361,0.165,768.83,9.24,4013.77,12505.72,4.26,0.1,-25693.03,33.58,-15571.01,27.67,-49.91,451617.25,6083578.6,1418.21,0.06,94.6,220.0,8.83,0.27,0.05,373,593.01,1265.52,iron
4,73814973,1,0,1,39.95,0.48,246.72,1.05,310.47,-48.85,359.83,-67.51,1.231,0.089,1.044,0.074,761.93,13.68,4653.34,13943.42,1.88,0.07,-36581.95,50.6,4996.75,76.49,91.89,440685.51,6104106.44,1597.16,0.17,27.71,220.64,9.93,0.28,0.05,644,409.2,522.77,iron
1,776669042,1,1,1,32.45,0.47,254.45,0.59,324.66,-44.17,332.84,-65.61,3.296,0.258,2.846,0.22,720.95,14.59,4374.41,15039.42,4.8,0.15,-2876.77,27.16,-25619.59,49.85,-75.6,474446.4,6073592.76,1376.15,0.06,66.95,235.34,8.76,0.26,0.05,349,72.0,213.01,iron
4,175324477,1,1,1,59.27,0.56,219.47,0.68,349.0,-21.33,285.34,-47.82,2.834,0.202,2.432,0.17,727.41,32.1,7932.59,21678.25,3.97,0.13,-31163.39,116.68,2528.39,96.07,65.43,446106.08,6101651.94,1542.11,0.19,23.27,242.71,7.45,0.27,0.05,938,30.18,464.41,iron
4,106477083,0,0,1,45.5,0.94,249.77,1.91,321.8,-35.2,314.11,-71.99,0.868,0.074,0.729,0.061,763.55,24.22,5336.28,17924.69,1.27,0.07,-34956.91,119.79,1615.99,147.53,85.77,442317.62,6100730.99,1581.35,0.17,27.32,227.05,8.65,0.26,0.04,944,15.87,152.53,iron
4,458510733,1,1,1,36.34,0.43,15.16,1.3,184.18,-75.66,26.19,-19.62,2.641,0.226,2.275,0.193,791.07,17.4,4107.05,16247.07,3.94,0.17,-19302.74,71.12,21552.32,58.55,29.41,457910.71,6120693.88,1493.55,0.14,34.04,229.06,10.77,0.25,0.05,931,339.19,340.01,proton
2,764727771,1,0,1,40.55,0.42,49.84,0.48,51.29,-34.99,321.79,-1.82,1.787,0.12,1.529,0.1,681.16,12.32,5686.67,14977.5,2.74,0.07,20871.04,41.06,6749.09,53.82,-75.84,498097.63,6106000.75,1361.26,0.13,28.94,221.69,6.97,0.25,0.04,789,188.09,267.11,iron
4,627245109,1,0,1,50.15,0.31,300.91,0.62,288.7,-49.44,35.22,-65.15,2.228,0.151,1.911,0.126,714.82,13.36,6586.78,11755.28,3.14,0.06,-26068.24,47.37,14291.81,19.14,93.48,451169.1,6113420.7,1563.07,0.25,20.3,241.84,7.93,0.23,0.05,734,391.18,487.52,iron
1,300413282,0,0,1,41.38,0.59,126.76,0.72,46.65,-25.19,311.32,-0.18,0.737,0.053,0.617,0.043,795.08,18.62,4588.44,11891.89,1.08,0.04,-13517.17,50.17,-18474.62,52.98,-46.15,463793.03,6080707.94,1397.45,0.12,40.33,227.45,9.18,0.25,0.05,403,141.03,663.99,proton
4,829602415,0,0,1,29.75,0.4,41.43,0.7,41.13,-44.8,326.65,-13.37,0.991,0.067,0.837,0.054,670.65,10.39,4732.62,9307.46,1.46,0.03,-24859.09,34.37,11196.13,27.94,73.5,452385.17,6110330.55,1532.26,0.09,46.13,227.43,7.96,0.26,0.04,658,338.87,344.08,iron
4,284539303,1,0,1,39.52,0.56,53.52,0.34,61.9,-45.63,335.12,-1.41,1.596,0.11,1.362,0.092,724.58,10.3,5041.51,8306.44,2.44,0.04,-28796.88,36.05,18655.7,42.06,104.14,448429.7,6117773.4,1593.52,0.24,22.63,221.96,9.42,0.26,0.06,699,496.17,635.59,iron
2,382803193,0,0,1,52.5,0.54,149.71,0.82,36.12,-9.16,292.45,-1.36,1.487,0.105,1.264,0.087,668.14,19.92,7373.79,17376.36,2.2,0.08,26988.63,121.99,7592.06,64.34,-110.16,504206.89,6106860.66,1353.93,0.1,35.62,228.0,8.16,0.26,0.05,743,95.97,713.7,iron
1,289557633,0,0,1,52.04,0.34,140.03,0.81,45.73,-16.89,303.7,3.22,0.799,0.061,0.668,0.05,700.59,24.07,6958.29,13135.06,1.15,0.04,-11948.54,65.92,-19991.54,59.02,-52.49,465365.25,6079194.66,1390.71,0.1,38.81,230.94,10.38,0.28,0.05,332,255.04,270.73,iron
4,899977130,0,0,1,43.94,0.78,347.99,0.76,231.04,-59.9,47.16,-32.22,0.83,0.062,0.696,0.05,677.02,22.54,6066.36,15072.16,1.25,0.05,-29871.97,96.61,2946.58,59.85,55.01,447394.79,6102073.49,1524.5,0.09,41.77,220.81,9.62,0.25,0.05,1069,200.16,251.68,iron
1,967173613,1,0,1,24.17,0.4,337.95,0.74,246.23,-54.76,52.49,-40.87,1.616,0.11,1.383,0.092,690.67,8.99,4107.03,9738.18,2.47,0.05,-11028.6,30.54,-22393.26,27.0,-56.96,466290.15,6076796.69,1389.27,0.1,45.76,221.89,8.44,0.25,0.05,341,539.58,760.4,iron
1,330204367,1,0,1,27.67,0.49,225.91,0.81,321.87,-63.34,359.26,-51.74,1.199,0.09,1.018,0.075,745.94,12.9,3736.13,7979.19,1.83,0.04,-21853.21,28.41,-20311.58,26.09,-64.28,455467.52,6078848.81,1406.72,0.07,65.01,220.43,11.49,0.26,0.06,399,266.95,324.39,iron
4,121285957,1,0,1,29.58,0.14,219.63,1.23,303.3,-67.95,12.65,-49.18,10.561,0.879,9.189,0.763,797.12,11.07,3353.92,16309.35,15.46,0.33,-19608.42,35.38,27184.88,35.47,-13.33,457594.13,6126324.27,1470.36,0.06,89.47,235.77,8.62,0.26,0.04,1041,873.12,882.4,iron
4,448412034,0,0,1,35.85,0.46,28.51,0.66,172.19,-70.57,27.9,-13.7,0.653,0.043,0.545,0.034,722.43,8.53,4671.6,9482.05,0.98,0.02,-28160.05,34.76,20926.46,46.9,76.7,449062.45,6120046.74,1574.3,0.16,27.84,220.55,6.2,0.25,0.03,924,157.3,379.14,iron
2,894418323,1,0,1,54.61,0.21,167.44,0.49,33.02,-24.65,305.11,-10.89,3.667,0.246,3.157,0.207,776.68,11.97,6580.45,12927.01,5.36,0.1,28549.08,51.37,5534.53,38.73,-106.21,505781.12,6104805.14,1355.1,0.1,52.81,233.49,6.67,0.28,0.05,748,595.18,695.44,proton
4,276516979,0,0,1,31.39,0.76,140.83,1.28,98.71,-74.42,6.37,-12.79,0.761,0.069,0.638,0.057,682.56,28.84,4695.18,9875.77,1.13,0.06,-22776.79,44.8,19335.74,68.03,63.89,454444.48,6118471.04,1536.21,0.05,68.36,224.91,10.0,0.26,0.05,690,544.37,617.48,iron
1,121654230,1,0,1,40.5,0.4,45.44,0.69,213.32,-7.3,96.53,-3.67,1.229,0.083,1.042,0.068,697.21,10.56,5399.83,13915.05,1.83,0.06,-10425.89,61.61,-21043.11,54.13,-50.19,466888.68,6078145.51,1390.54,0.18,22.03,225.74,7.6,0.26,0.04,306,392.73,597.98,iron
2,955667220,0,0,1,27.87,0.38,134.95,0.97,55.88,-61.99,346.41,-13.86,0.901,0.064,0.759,0.052,668.4,12.77,4645.48,10695.13,1.35,0.04,16938.15,35.91,2371.26,42.97,-53.28,494178.4,6101616.16,1369.76,0.12,33.5,223.53,10.34,0.28,0.06,756,294.82,580.53,iron
1,844387544,1,0,1,26.25,0.45,349.13,0.69,238.56,-39.91,71.61,-36.0,1.873,0.147,1.607,0.125,834.1,14.79,2777.45,9888.6,2.73,0.07,-13326.3,28.21,-19052.77,34.18,-46.15,463987.1,6080128.8,1397.44,0.08,48.71,233.85,9.64,0.23,0.05,403,551.18,588.78,proton
1,359460600,1,0,1,35.52,0.73,28.02,1.35,227.56,-3.07,106.84,-14.41,2.479,0.188,2.134,0.159,760.45,16.55,4286.51,16907.09,3.66,0.13,-10387.44,68.95,-14633.89,71.58,-31.29,466913.0,6084552.84,1394.86,0.11,35.51,231.43,9.26,0.23,0.05,167,416.69,546.44,proton
4,959789527,1,0,1,32.23,0.43,308.79,0.57,263.67,-34.4,80.81,-55.71,1.32,0.093,1.123,0.077,660.07,13.8,5147.44,12766.77,1.92,0.06,-21699.67,36.34,20783.32,38.01,53.23,455516.89,6119921.39,1520.33,0.08,49.48,232.47,8.9,0.27,0.05,921,741.93,748.01,iron
1,809784347,1,0,1,27.34,0.3,176.74,1.12,16.06,-40.96,316.64,-29.61,1.174,0.087,0.996,0.072,782.96,12.36,3375.6,10285.65,1.77,0.05,-7923.71,23.69,-23153.22,30.44,-62.43,469397.02,6076044.53,1383.06,0.07,84.95,223.58,8.82,0.26,0.04,319,77.43,683.14,proton
1,496402851,0,0,1,32.59,0.45,59.19,0.65,203.65,-31.04,71.17,-6.44,0.807,0.06,0.677,0.049,713.38,16.52,4515.58,8297.51,1.16,0.03,-13229.62,39.1,-24102.04,28.34,-69.06,464095.59,6075082.33,1389.3,0.17,31.24,232.14,12.0,0.26,0.06,434,515.23,774.68,iron
2,235978488,0,0,1,43.04,0.73,207.92,1.08,353.97,-20.17,285.81,-43.04,0.649,0.052,0.541,0.042,621.46,29.91,6667.41,13312.1,0.95,0.04,15985.09,97.42,4602.72,74.52,-52.92,493220.21,6103843.71,1368.94,0.09,48.52,225.18,8.64,0.25,0.04,775,21.23,345.68,iron
1,423070538,1,1,1,52.01,0.62,69.58,0.4,195.83,-2.17,92.9,14.14,11.083,0.866,9.615,0.749,737.66,23.44,6644.36,24977.36,15.88,0.4,2023.57,64.86,-24145.2,120.32,-69.71,479340.21,6075079.15,1377.12,0.14,40.71,240.2,6.58,0.26,0.04,347,134.52,544.5,iron
2,642054067,1,0,1,44.75,0.46,203.62,0.55,253.32,-67.79,34.87,-39.81,1.108,0.074,0.936,0.06,812.06,14.36,4773.83,12436.78,1.61,0.05,13307.25,53.1,214.2,44.54,-41.03,490554.07,6099450.74,1374.08,0.13,27.09,230.57,7.49,0.24,0.04,719,346.68,424.83,iron
1,814101637,1,1,1,36.23,0.99,131.38,0.57,43.62,-32.39,316.31,-6.02,6.854,0.573,5.942,0.494,799.44,19.86,3948.73,20192.66,10.09,0.3,-8722.5,75.83,-10414.81,53.91,-12.1,468566.15,6088772.82,1401.56,0.09,54.91,233.55,8.95,0.26,0.05,102,147.14,442.62,proton
2,188001618,1,0,1,33.28,0.18,14.84,0.89,190.35,-77.15,25.62,-21.63,1.918,0.142,1.645,0.12,705.61,13.62,4683.94,11646.42,2.94,0.08,8591.84,22.94,-7435.68,36.27,-33.68,485862.62,6091794.39,1377.51,0.08,93.76,222.07,10.49,0.26,0.05,508,105.91,643.63,iron
4,391085426,1,1,1,52.33,0.54,225.04,0.58,344.0,-37.35,309.91,-54.1,3.067,0.21,2.639,0.176,730.96,18.62,6771.19,17744.37,4.72,0.12,-27801.43,89.73,2871.67,64.49,46.7,449463.74,6102002.15,1509.46,0.12,28.47,221.92,6.02,0.25,0.04,1070,163.43,410.54,iron
3,221641815,0,0,1,40.61,0.88,169.31,1.45,25.46,-31.4,308.88,-19.66,1.708,0.132,1.46,0.112,693.17,23.73,5571.68,21018.47,2.55,0.11,-13149.45,91.97,29854.01,109.23,32.81,464043.78,6129005.44,1512.67,0.14,35.36,227.09,9.13,0.26,0.05,979,723.22,780.72,iron
3,533520721,0,0,1,32.15,0.5,249.37,0.89,310.12,-53.3,3.29,-63.29,0.988,0.068,0.835,0.055,799.0,10.46,3621.69,8574.69,1.5,0.03,-3140.37,52.78,31968.75,30.36,9.69,474038.51,6131145.65,1488.96,0.12,36.55,220.35,8.57,0.27,0.05,1482,488.89,672.4,iron
4,955030094,0,0,1,36.13,0.68,326.61,0.93,252.77,-37.7,75.59,-46.88,0.772,0.063,0.647,0.051,889.87,17.91,3131.45,9107.31,1.16,0.04,-23903.22,53.18,16487.65,33.17,85.19,453327.62,6115620.58,1552.26,0.11,37.39,221.66,10.86,0.26,0.05,1768,234.78,235.58,proton
1,237409081,1,1,1,40.05,0.41,42.89,0.42,195.06,-40.34,59.6,-4.99,2.782,0.188,2.397,0.159,723.57,8.66,5194.78,11556.42,4.06,0.09,-14062.39,36.43,-20632.75,55.51,-52.62,463253.17,6078546.4,1393.54,0.21,22.61,233.65,7.66,0.3,0.06,333,569.1,749.28,iron
3,150088355,0,1,1,49.97,0.49,222.15,0.97,342.41,-50.23,331.31,-52.18,3.329,0.261,2.867,0.221,710.22,19.48,6627.34,26637.27,5.09,0.27,-13763.15,130.56,24780.48,113.66,-24.45,463438.36,6123933.08,1440.31,0.19,21.82,223.6,10.47,0.23,0.06,1254,349.42,350.65,iron
4,150041052,0,1,1,49.46,0.23,222.92,0.83,341.21,-50.37,332.02,-52.83,3.851,0.283,3.32,0.24,726.49,12.21,6380.51,15616.82,5.67,0.13,-13939.98,57.56,24729.54,84.87,-24.45,463261.97,6123881.88,1440.32,0.07,105.97,232.61,8.92,0.24,0.05,1254,312.46,342.9,iron
2,136841998,0,0,1,16.97,0.47,135.3,1.07,212.52,-58.51,47.34,-22.68,0.927,0.068,0.783,0.056,697.33,13.25,3720.09,8113.32,1.41,0.03,15033.0,27.01,-8317.65,23.54,-51.26,492301.49,6090928.9,1371.43,0.09,54.82,220.24,10.8,0.25,0.05,730,122.29,563.72,iron
1,785873386,1,0,1,33.88,0.38,3.61,0.64,228.06,-35.17,75.1,-26.9,1.399,0.1,1.192,0.084,733.18,15.21,4435.34,9676.43,2.03,0.05,-21501.43,30.57,-18343.61,29.71,-57.04,455815.74,6080817.02,1407.39,0.08,64.71,233.0,10.09,0.25,0.05,366,151.73,664.09,iron
2,500239852,0,0,1,63.17,0.4,121.95,0.73,125.37,-41.93,14.8,20.9,21.055,1.654,18.281,1.437,769.46,28.91,8521.44,27427.14,30.61,0.56,3808.33,74.3,-8713.86,163.43,-13.21,481087.76,6090499.74,1390.89,0.14,25.87,236.91,4.73,0.26,0.03,413,1346.89,1357.94,iron
4,668999690,1,0,1,44.35,0.42,113.02,0.68,170.44,-44.01,45.13,6.64,1.107,0.078,0.936,0.064,708.0,16.3,5835.48,10711.95,1.63,0.04,-24012.0,36.18,18842.5,47.15,72.53,453210.51,6117978.49,1550.48,0.09,44.56,227.36,9.68,0.27,0.05,684,840.83,861.96,iron
3,371059141,1,1,1,48.36,0.19,270.44,0.51,295.41,-27.79,95.47,-83.3,3.551,0.246,3.061,0.208,711.67,13.39,6317.65,11217.26,5.09,0.09,11036.49,31.13,33554.69,23.45,-57.92,488202.16,6132761.45,1443.53,0.14,36.55,238.24,7.37,0.3,0.04,1130,423.17,442.07,proton
3,637334370,0,0,1,39.46,0.45,329.83,0.54,260.78,-63.28,38.01,-44.75,0.771,0.053,0.646,0.042,706.54,12.47,5285.71,10431.1,1.15,0.04,10278.7,56.32,34171.55,21.53,-57.92,487444.23,6133379.25,1443.54,0.25,24.48,223.0,9.08,0.26,0.05,1130,100.52,575.02,iron
2,172781599,0,0,1,33.66,0.54,131.6,2.05,174.5,-61.83,34.79,-8.1,2.103,0.16,1.806,0.136,757.45,15.46,4151.4,18200.3,3.11,0.11,10934.45,77.94,7382.0,80.02,-39.62,488165.49,6106609.03,1374.81,0.14,38.58,230.52,8.38,0.25,0.04,1240,213.84,725.61,iron
4,576592777,0,0,1,38.05,0.48,327.37,0.69,256.35,-18.54,104.04,-46.46,0.891,0.061,0.75,0.049,764.14,10.23,4583.25,10919.5,1.4,0.04,-23831.59,66.43,13230.33,30.52,78.27,453406.56,6112365.98,1536.24,0.18,24.34,212.78,7.86,0.28,0.04,635,294.61,341.48,iron
4,323796906,1,0,1,29.27,0.38,12.0,0.74,236.79,-7.98,106.6,-24.82,1.696,0.131,1.452,0.111,808.53,14.35,3284.85,10316.39,2.43,0.07,-36140.42,29.04,5182.98,26.71,78.48,441124.47,6104292.26,1580.51,0.07,73.28,237.64,9.43,0.23,0.05,610,230.3,682.21,iron
1,414837663,0,0,1,28.88,0.9,291.38,1.05,270.06,-34.46,80.1,-60.96,0.651,0.055,0.544,0.045,846.85,19.77,2861.46,10275.87,0.98,0.04,-8904.1,34.57,-22965.16,41.64,-60.18,468415.87,6076230.24,1387.12,0.07,66.7,220.68,10.18,0.27,0.05,313,57.21,208.18,proton
2,607619994,0,0,1,66.55,0.35,162.71,2.25,93.99,-60.06,358.88,-0.37,2.209,0.16,1.882,0.134,768.63,26.4,9495.3,21995.11,3.23,0.11,28064.49,315.95,6663.72,186.61,-112.24,505285.89,6105934.36,1353.54,0.09,23.5,231.31,7.62,0.26,0.05,680,7.16,224.29,iron
4,649517814,1,0,1,37.81,0.46,174.01,0.67,205.13,-73.61,30.65,-23.79,1.874,0.134,1.606,0.113,645.79,13.45,5836.69,12195.49,2.9,0.08,-28525.67,57.73,3213.52,31.54,46.7,448741.91,6102343.32,1509.46,0.07,64.89,220.11,10.2,0.24,0.05,1070,278.07,316.63,iron
3,609913194,0,0,1,51.45,0.91,232.64,1.05,299.43,-56.95,16.69,-60.07,0.816,0.06,0.683,0.048,633.27,30.08,7750.08,16824.84,1.17,0.05,6451.43,142.45,25730.27,102.84,-78.08,483637.41,6124931.58,1380.07,0.12,21.08,231.14,8.33,0.26,0.04,1113,134.0,538.77,iron
1,468764555,1,0,1,27.84,0.42,65.44,0.85,202.47,-39.74,62.94,-9.63,1.136,0.081,0.963,0.067,812.54,10.97,3119.35,7101.29,1.69,0.04,-12405.23,39.62,-24924.93,21.63,-69.06,464921.35,6074261.36,1389.29,0.13,39.33,225.99,9.62,0.25,0.05,434,619.28,634.04,proton
1,783106249,1,0,1,39.14,0.53,352.59,0.62,265.78,19.51,151.2,-31.09,1.0,0.068,0.844,0.055,675.7,10.79,5639.05,10552.71,1.51,0.03,-12062.29,63.08,-25050.54,30.24,-75.43,465265.96,6074137.77,1386.57,0.21,25.08,221.67,7.2,0.24,0.04,300,534.41,535.09,iron
2,397862384,1,0,1,34.27,0.69,168.66,1.03,213.22,-57.25,48.77,-22.7,1.439,0.108,1.226,0.09,789.57,19.07,3908.51,14305.74,2.07,0.07,13856.15,50.38,5378.19,51.76,-45.16,491090.6,6104613.46,1372.41,0.2,42.65,234.84,9.79,0.26,0.05,1010,148.12,222.57,proton
2,416732000,1,0,1,32.69,0.34,185.01,0.54,231.85,-71.62,33.36,-31.58,1.611,0.112,1.377,0.094,737.83,12.12,4307.31,10184.19,2.44,0.05,25354.19,27.18,5061.48,23.77,-98.3,502580.92,6104325.71,1356.73,0.09,69.82,223.48,9.22,0.26,0.05,678,287.33,686.57,iron
4,478008978,0,0,1,39.16,0.43,94.17,0.52,203.32,-9.64,89.87,4.02,0.977,0.065,0.823,0.053,686.82,11.81,5504.72,11804.33,1.43,0.04,-25563.95,40.53,21188.09,40.55,63.9,451655.64,6120313.11,1548.81,0.12,31.55,228.4,8.65,0.26,0.05,1028,225.85,509.06,iron
2,507490986,0,0,1,43.95,0.83,262.59,0.94,297.66,-38.4,32.96,-77.9,0.681,0.057,0.568,0.046,696.38,26.59,5988.28,12699.09,1.01,0.04,12710.54,66.37,-7334.97,101.25,-41.91,489977.95,6091905.82,1374.35,0.11,33.78,222.63,11.16,0.27,0.05,507,34.92,349.14,iron
1,197193942,0,0,1,35.6,0.6,25.5,0.86,231.57,2.17,113.58,-15.49,0.668,0.053,0.558,0.043,642.84,23.72,5660.47,10356.48,0.99,0.03,-20974.9,57.62,-19176.35,41.48,-57.04,456343.55,6079986.37,1407.38,0.1,49.71,223.4,9.86,0.26,0.05,366,315.32,456.51,iron
3,86026271,0,0,1,51.09,0.86,171.58,0.78,207.08,-46.26,58.39,-15.47,0.668,0.049,0.556,0.039,801.18,17.58,5936.61,16355.74,1.01,0.05,-6444.42,114.39,30971.7,98.63,45.32,470742.58,6130139.14,1520.79,0.22,22.25,218.31,8.18,0.25,0.04,1549,550.14,636.53,iron
1,679215665,0,0,1,65.57,0.71,128.98,2.96,168.71,-27.82,55.15,19.64,1.661,0.135,1.408,0.113,667.87,30.61,10099.44,19320.29,2.5,0.09,2352.86,468.64,-27137.89,743.53,-83.17,479678.03,6072086.52,1374.14,0.03,46.77,222.97,10.36,0.25,0.05,468,133.31,323.58,iron
3,951089809,1,0,1,46.49,0.48,325.69,0.52,283.79,11.78,164.84,-46.89,2.499,0.176,2.148,0.148,767.21,15.9,5529.38,14971.76,3.54,0.09,-2973.49,67.32,23212.56,45.26,-37.72,474224.84,6122395.8,1403.17,0.08,43.29,241.01,8.11,0.23,0.05,1196,8.84,751.81,iron
4,832175849,1,0,1,31.01,0.58,289.12,0.64,274.1,-21.05,109.59,-63.06,1.243,0.084,1.056,0.069,695.56,9.13,4600.36,7970.68,1.8,0.03,-28359.72,37.71,10591.6,46.58,74.87,448887.91,6109717.7,1546.14,0.18,31.84,232.72,8.7,0.26,0.05,606,372.87,376.05,iron
1,491348976,0,0,1,36.72,0.46,78.63,0.86,218.94,13.18,117.31,0.76,0.906,0.063,0.762,0.051,701.08,13.0,5058.09,13163.84,1.41,0.05,-15082.35,39.74,-17848.28,69.14,-43.61,462228.33,6081327.29,1397.97,0.21,26.76,214.82,9.42,0.25,0.05,410,336.73,399.36,iron
4,628469512,0,0,1,37.03,0.46,314.1,1.53,286.12,4.5,163.14,-54.44,1.069,0.086,0.904,0.071,784.91,18.59,4246.57,13833.41,1.61,0.07,-23761.96,62.72,6866.54,62.68,45.28,453490.55,6106007.85,1490.16,0.15,32.5,222.93,11.29,0.26,0.06,655,709.83,832.31,iron
4,448484576,1,1,1,42.66,0.27,32.77,0.46,223.26,4.36,111.5,-7.14,4.575,0.32,3.953,0.272,738.81,11.54,5413.32,9866.42,6.4,0.08,-32318.18,32.68,4312.81,21.59,66.47,444946.15,6103431.5,1547.66,0.08,74.39,244.89,8.28,0.28,0.05,621,337.59,338.08,iron
2,815037092,0,0,1,35.18,0.81,82.48,0.83,206.32,-13.26,88.07,-0.28,0.862,0.067,0.725,0.055,805.74,19.0,3833.7,13167.0,1.28,0.05,12333.89,53.95,2807.19,56.01,-37.31,489575.93,6102040.31,1375.41,0.1,46.01,225.15,9.36,0.26,0.05,1008,159.12,167.77,proton
4,90060974,0,0,1,47.96,0.5,354.2,0.86,263.7,23.77,152.53,-26.56,2.407,0.172,2.067,0.145,736.95,16.01,6096.84,21506.99,3.53,0.13,-17056.53,110.03,8827.78,84.72,30.59,460189.41,6107983.03,1460.35,0.16,22.84,232.12,8.45,0.25,0.05,1729,686.13,689.41,iron
2,339155066,0,0,1,45.53,1.0,195.19,1.02,238.69,-28.39,85.43,-33.85,0.716,0.057,0.598,0.046,733.23,19.94,5775.58,16922.82,1.12,0.06,9896.64,107.24,-534.52,110.51,-28.76,487148.16,6098694.29,1379.34,0.16,28.87,212.15,10.69,0.25,0.05,709,224.48,412.63,iron
2,637246021,0,0,1,47.44,0.83,237.57,1.43,289.28,-51.11,32.52,-63.88,1.105,0.105,0.933,0.088,675.94,29.94,6755.79,15088.62,1.65,0.09,12122.24,168.62,6443.71,150.74,-39.62,489355.47,6105674.26,1374.78,0.04,56.17,224.57,10.99,0.26,0.05,1240,43.61,652.67,iron
4,345760133,0,0,1,47.21,0.47,348.27,0.56,287.55,30.19,177.38,-30.82,0.912,0.065,0.766,0.052,678.79,17.98,6691.36,14058.44,1.29,0.05,-24802.61,58.63,20118.63,52.97,72.53,452416.84,6119247.92,1550.39,0.21,21.66,236.13,8.93,0.24,0.05,684,287.13,325.64,iron
4,250416085,1,0,1,42.13,0.3,113.35,0.76,202.01,-11.33,87.78,4.35,1.994,0.145,1.709,0.122,698.54,15.82,5717.51,12033.96,3.02,0.07,-20453.65,42.55,5989.6,50.52,35.98,456800.84,6105137.57,1470.85,0.07,93.96,224.41,10.34,0.25,0.05,1726,1046.3,1055.38,iron
1,523809467,1,0,1,47.87,0.63,356.16,0.62,323.87,34.33,211.93,-25.42,2.695,0.2,2.318,0.169,716.28,20.09,6268.3,21409.91,4.04,0.16,-4032.21,93.17,-19511.62,90.44,-44.58,473275.36,6079693.88,1385.93,0.16,25.95,227.44,8.53,0.26,0.05,283,722.37,741.55,iron
1,458709989,1,0,1,33.39,0.27,199.26,0.81,242.61,-50.71,58.09,-39.19,1.936,0.141,1.661,0.119,710.93,14.27,4640.55,9324.34,2.93,0.06,-10824.92,26.97,-19625.65,26.35,-46.02,466488.85,6079563.05,1391.84,0.08,88.99,225.27,9.83,0.25,0.05,308,474.31,608.52,iron
1,594849482,0,0,1,46.02,0.57,11.72,0.65,341.77,36.68,224.49,-16.48,0.632,0.044,0.526,0.035,692.39,18.43,6220.51,12289.44,0.91,0.03,-14553.42,56.86,-20825.04,57.19,-54.75,462763.41,6078354.32,1394.72,0.16,24.26,228.47,8.16,0.26,0.04,408,285.91,507.2,iron
4,166539231,0,0,1,35.57,1.04,172.52,1.29,255.17,19.91,143.21,-24.03,0.652,0.053,0.544,0.043,642.02,30.81,5618.69,11819.04,0.96,0.04,-32934.97,104.45,4217.67,52.55,76.73,444329.84,6103336.11,1565.55,0.07,56.4,224.04,10.81,0.26,0.05,627,381.24,409.42,iron
3,297654733,0,0,1,63.99,0.45,63.21,1.22,220.6,73.58,175.03,23.82,6.684,0.517,5.755,0.441,754.36,27.21,8959.84,25140.04,9.49,0.27,19503.03,303.04,14066.44,254.64,-86.91,496712.78,6113311.28,1358.83,0.05,53.61,240.93,7.64,0.21,0.05,1466,51.0,601.72,iron
2,846216346,1,1,1,54.88,0.19,30.13,0.51,345.75,55.33,215.6,0.21,6.265,0.425,5.411,0.363,787.96,12.99,6668.39,13968.24,8.97,0.13,19817.01,29.96,3602.53,37.07,-67.44,497052.37,6102853.81,1364.25,0.17,26.44,239.5,4.77,0.25,0.03,757,36.92,578.65,iron
3,423966680,1,0,1,45.39,0.38,305.39,0.44,323.75,-6.52,240.46,-61.43,1.89,0.126,1.618,0.105,719.8,12.48,5850.72,15201.08,2.93,0.08,-6137.22,46.35,25828.62,47.77,-40.09,471056.96,6125003.05,1412.87,0.09,41.4,218.75,6.71,0.27,0.05,1086,253.25,624.44,iron
2,30480824,1,0,0,34.57,0.58,213.49,0.92,252.93,-36.78,76.95,-46.99,1.991,0.147,1.708,0.124,793.76,14.4,3914.7,14371.72,2.95,0.1,8954.94,53.93,-3779.6,44.15,-26.14,486215.98,6095449.19,1380.63,0.13,38.68,229.72,8.03,0.26,0.04,674,267.34,461.7,iron
2,453950372,0,0,1,40.75,0.54,159.67,0.76,221.14,-16.55,91.47,-14.57,0.687,0.055,0.573,0.045,661.84,26.35,6015.67,11072.73,1.01,0.04,25403.59,59.83,3972.7,39.83,-100.42,502630.41,6103239.48,1356.74,0.11,51.89,224.77,9.92,0.26,0.05,677,777.41,1080.9,iron
2,424637778,1,0,1,24.7,0.42,13.26,0.63,279.32,32.31,170.64,-26.45,1.947,0.139,1.672,0.117,710.56,11.08,4009.68,10613.4,2.91,0.07,22508.94,26.5,5116.47,30.9,-82.91,499739.78,6104373.84,1360.62,0.11,50.17,227.95,9.49,0.26,0.05,739,318.08,569.45,iron
1,176332548,1,0,1,36.19,0.37,36.31,0.59,261.47,42.53,163.1,-10.55,1.849,0.138,1.584,0.117,960.0,12.92,2506.52,7612.7,2.76,0.06,-22361.8,23.53,-21156.18,27.39,-70.85,454963.94,6078005.45,1407.16,0.08,51.62,227.44,8.71,0.28,0.05,371,603.0,603.77,proton
1,397378486,1,0,1,27.73,0.25,210.49,0.92,265.74,0.46,134.36,-44.85,2.526,0.185,2.177,0.157,706.19,10.94,4271.68,10956.25,3.81,0.09,-11552.21,28.6,-17367.7,25.22,-40.43,465754.75,6081817.12,1394.94,0.07,84.5,226.83,10.19,0.27,0.05,356,4.74,326.64,iron
1,555004212,1,0,1,31.92,0.41,170.61,0.56,251.5,14.69,136.36,-24.9,5.833,0.452,5.055,0.388,742.03,11.34,4208.73,16457.8,8.79,0.2,-8005.78,39.96,-13713.55,34.33,-25.11,469290.25,6085478.36,1394.86,0.06,69.78,227.89,7.85,0.29,0.04,145,128.69,143.82,iron
2,79166096,0,0,1,39.16,0.43,192.81,0.57,271.68,19.77,156.7,-34.18,0.763,0.053,0.639,0.043,670.2,14.19,5710.25,12292.93,1.15,0.04,14489.95,45.85,585.43,41.7,-41.03,491737.31,6099825.46,1374.08,0.14,30.5,219.96,9.07,0.25,0.05,719,441.18,502.2,iron
4,231074036,0,0,1,61.18,0.36,181.49,0.79,220.22,-25.0,83.06,-17.15,6.706,0.524,5.782,0.448,706.79,17.68,8808.32,22497.02,9.98,0.28,-3800.24,210.75,30738.26,233.64,-0.4,473385.7,6129913.36,1472.83,0.04,100.93,229.65,8.99,0.27,0.05,1545,454.37,479.77,iron
1,88133580,0,0,1,29.66,0.49,17.2,0.88,327.99,35.96,214.66,-22.63,0.696,0.049,0.582,0.039,721.34,13.08,4256.13,10234.37,1.01,0.03,-12112.56,46.32,-21520.6,45.14,-58.01,465206.33,6077665.79,1390.91,0.15,33.8,229.68,8.77,0.26,0.05,342,146.94,302.63,iron
4,189412565,0,0,1,49.65,0.44,342.78,0.69,345.09,11.31,245.3,-33.88,0.954,0.066,0.803,0.053,688.4,17.26,6916.98,13885.74,1.4,0.05,-30200.58,54.25,6615.55,58.58,48.15,447059.59,6105738.76,1524.28,0.16,24.68,227.15,8.32,0.28,0.05,611,61.02,377.92,iron
3,224849357,1,0,1,23.8,0.36,271.15,1.02,280.64,-4.23,146.05,-58.74,1.113,0.078,0.944,0.064,641.1,14.41,4788.54,8669.45,1.61,0.03,10826.08,38.11,33002.66,20.45,-65.61,487993.23,6132213.73,1427.73,0.12,52.29,232.32,8.57,0.27,0.04,1132,230.85,621.75,iron
3,585785415,0,1,1,52.41,0.74,325.24,1.82,321.41,12.98,219.29,-46.07,2.727,0.24,2.343,0.204,747.35,19.59,6729.23,30788.07,4.03,0.28,22901.09,214.87,21748.27,209.26,-119.93,500087.22,6120997.55,1356.53,0.26,22.34,230.74,7.9,0.26,0.04,1583,458.9,504.8,iron
2,663108670,1,0,1,49.77,0.47,118.03,0.68,223.46,41.02,143.95,10.17,1.455,0.1,1.237,0.083,732.02,18.1,6452.5,14592.98,2.08,0.06,11219.64,49.29,-6491.37,74.54,-36.38,488485.58,6092744.89,1377.1,0.12,30.08,236.62,8.55,0.25,0.05,578,221.69,544.79,iron
4,840672182,1,0,1,56.62,0.76,85.58,0.99,20.82,70.1,213.8,21.42,1.481,0.107,1.257,0.089,666.58,31.12,8302.43,19997.77,2.16,0.08,-21678.41,113.97,20132.01,149.87,53.23,455541.07,6119266.29,1520.28,0.15,21.32,231.52,8.34,0.25,0.05,921,173.8,367.34,iron
2,273199730,0,0,1,37.47,0.56,150.82,0.71,284.09,48.58,180.22,-12.43,0.703,0.05,0.587,0.04,654.93,17.68,5725.67,11711.98,1.06,0.03,24956.85,60.03,4550.48,40.03,-91.02,502187.61,6103813.71,1358.16,0.1,46.27,220.25,8.83,0.25,0.04,732,688.57,998.39,iron
4,919919608,1,0,1,30.54,0.47,302.14,0.84,288.37,1.66,164.56,-57.97,1.372,0.097,1.168,0.081,744.37,11.09,4054.67,10182.1,2.11,0.05,-25462.0,51.86,9512.67,46.09,68.6,451787.19,6108645.53,1528.28,0.15,31.09,219.43,9.05,0.32,0.05,661,191.73,393.5,proton
4,267596622,1,0,1,38.51,0.33,191.64,0.53,251.52,0.17,123.03,-33.62,1.749,0.128,1.496,0.108,689.02,15.73,5401.87,9816.78,2.56,0.06,-27465.13,30.64,6673.77,27.71,51.32,449791.77,6105804.26,1513.88,0.1,62.33,231.3,10.26,0.27,0.05,628,182.15,333.28,iron
4,727210245,0,0,1,43.05,0.44,45.14,0.82,326.58,59.15,204.73,-1.52,1.583,0.119,1.35,0.1,734.13,16.64,5437.47,12127.04,2.4,0.07,-32245.23,75.44,1121.25,34.84,71.41,445030.01,6100244.45,1554.94,0.06,83.11,223.2,10.33,0.26,0.05,1053,334.67,543.13,iron
3,377756904,0,0,1,30.67,0.44,158.09,0.82,254.63,25.58,147.19,-19.7,0.695,0.048,0.582,0.039,685.9,13.76,4685.02,8980.74,1.02,0.03,-2205.12,37.06,30514.04,32.35,-12.31,474976.92,6129692.99,1460.32,0.14,40.74,225.86,9.22,0.26,0.05,1507,338.87,371.66,iron
3,998338494,1,0,0,52.42,0.45,255.55,0.56,289.51,-27.9,96.04,-78.08,2.154,0.144,1.846,0.12,725.53,16.25,6891.19,18195.39,3.19,0.09,-9379.35,58.23,32273.29,83.85,78.33,467805.34,6131444.64,1557.84,0.12,28.7,229.38,6.38,0.25,0.04,966,1242.02,1257.99,iron
2,741968769,1,0,1,27.9,0.28,337.23,0.66,322.03,18.13,217.22,-41.1,6.683,0.467,5.799,0.401,756.06,6.76,3709.17,10889.1,9.87,0.12,17354.24,25.06,5956.04,23.4,-58.33,494584.6,6105200.0,1366.66,0.08,78.03,233.25,6.89,0.25,0.04,746,481.01,597.37,iron
4,78294429,0,0,1,32.4,0.52,35.4,0.78,334.82,43.67,215.99,-13.4,0.793,0.053,0.666,0.042,698.09,9.78,4708.54,8915.5,1.19,0.03,-25294.44,59.65,15551.46,20.51,93.51,451939.32,6114682.04,1563.11,0.19,32.1,222.9,7.16,0.26,0.04,1765,88.96,187.68,iron
3,604300209,0,0,1,40.33,0.64,88.63,0.98,335.16,64.85,206.02,5.32,1.148,0.095,0.972,0.08,770.69,19.76,4772.89,12862.45,1.77,0.08,-8272.76,54.61,28166.07,79.18,60.25,468918.55,6127335.0,1532.43,0.06,72.64,217.91,11.24,0.26,0.05,974,736.53,736.59,proton
4,454407211,0,0,1,35.49,0.74,306.28,0.86,329.11,-7.45,249.29,-58.33,0.889,0.075,0.748,0.062,722.01,21.23,4761.55,13181.63,1.31,0.06,-20453.45,52.54,16480.21,62.23,61.44,456774.36,6115622.54,1515.02,0.08,42.49,225.96,10.07,0.25,0.05,844,315.08,392.35,iron
1,100054357,1,1,1,33.75,0.32,6.31,0.51,355.32,12.46,251.91,-25.59,4.263,0.29,3.687,0.247,741.49,8.24,4383.3,10687.36,6.37,0.1,-18095.29,25.48,-17459.54,32.19,-46.13,459216.1,6081709.07,1403.01,0.09,50.53,229.87,7.09,0.24,0.05,416,352.21,439.1,iron
2,380287519,1,1,1,21.29,0.37,105.87,0.97,250.73,29.31,147.46,-14.62,3.579,0.243,3.097,0.206,721.97,6.74,3687.47,9500.04,5.29,0.07,15683.8,33.92,1259.14,33.8,-49.87,492927.54,6100501.98,1370.76,0.12,42.33,232.22,7.05,0.26,0.04,735,613.62,615.39,iron
1,930432410,1,0,1,32.95,0.71,177.06,0.71,258.62,18.13,144.34,-27.6,1.987,0.161,1.705,0.137,846.14,17.28,3237.97,12266.21,2.92,0.11,-21479.53,44.95,-16111.81,41.86,-45.98,455830.46,6083047.49,1411.1,0.1,54.4,231.42,10.34,0.25,0.05,363,23.8,282.7,proton
3,162365943,0,0,1,48.95,0.75,136.47,1.49,326.47,63.75,203.05,2.76,1.051,0.083,0.886,0.069,668.03,30.07,6949.41,13572.58,1.55,0.05,-1666.45,182.51,22937.15,105.68,-42.41,475534.62,6122121.64,1398.01,0.05,56.76,226.42,10.18,0.25,0.05,1303,57.89,424.36,iron
2,465306060,1,0,1,23.75,0.45,215.7,0.74,254.56,-22.33,98.06,-46.06,1.205,0.086,1.024,0.071,694.05,13.87,4117.97,8516.71,1.77,0.04,16208.85,25.25,907.57,25.35,-49.87,493453.27,6100151.48,1370.78,0.11,55.18,229.94,10.2,0.26,0.05,735,453.68,774.14,iron
3,517958878,1,0,1,35.13,0.51,233.07,0.79,289.85,2.58,167.81,-57.72,2.82,0.219,2.432,0.186,744.04,15.86,4457.95,15267.71,4.16,0.15,19692.07,28.51,34500.97,57.01,-110.9,496850.42,6133733.33,1412.13,0.07,79.12,231.82,9.81,0.27,0.05,1664,282.93,425.19,iron
3,790121847,1,0,1,23.44,0.43,87.67,0.69,246.93,30.25,145.89,-11.54,2.051,0.147,1.764,0.124,675.9,11.97,4341.97,12316.05,3.05,0.08,15204.38,27.88,30959.62,33.74,-96.47,492374.07,6130184.05,1400.76,0.08,64.26,229.6,9.4,0.25,0.05,1587,625.3,629.37,iron
1,610160617,1,0,1,40.12,0.23,210.48,1.04,270.09,4.49,142.74,-45.21,1.911,0.146,1.637,0.123,712.76,18.12,5350.92,11928.56,2.88,0.08,-4525.48,34.39,-22174.71,62.31,-60.08,472788.03,6077029.98,1382.77,0.09,99.14,225.56,10.68,0.25,0.05,326,831.54,838.31,iron
3,880227172,1,0,1,22.24,0.62,243.52,1.03,309.48,8.38,203.9,-53.93,2.25,0.168,1.938,0.142,700.26,8.31,3955.5,7244.75,3.64,0.07,3232.88,12.51,29039.76,58.83,-56.13,480414.66,6128233.58,1411.22,0.16,41.06,211.39,11.16,0.24,0.06,1272,117.16,121.0,iron
2,577590474,0,0,1,50.27,0.54,201.55,0.91,274.1,18.14,157.95,-36.79,2.407,0.185,2.066,0.156,809.31,17.71,5721.2,15769.97,3.7,0.12,27681.96,133.32,12347.57,78.44,-123.66,504888.91,6111612.62,1349.95,0.06,79.66,221.29,9.19,0.28,0.05,737,410.1,493.97,proton
2,776587396,1,0,1,31.52,0.42,267.37,0.81,322.98,-13.19,250.2,-66.65,3.215,0.25,2.776,0.213,716.28,14.59,4426.73,14863.72,4.7,0.15,10461.06,38.99,6376.39,39.46,-35.66,487695.26,6105602.4,1376.19,0.07,78.51,234.44,10.29,0.26,0.06,1521,148.48,557.13,iron
4,325483753,1,1,1,37.37,0.43,189.98,0.42,282.0,26.2,170.39,-32.99,4.235,0.295,3.66,0.25,698.95,9.99,5188.28,14652.98,6.99,0.16,-32167.22,45.1,1606.79,35.91,70.01,445106.42,6100728.72,1549.86,0.09,45.89,207.81,6.54,0.24,0.04,941,221.15,293.13,iron
3,873008154,1,0,1,37.72,0.4,283.74,0.67,300.97,-7.29,187.13,-70.07,1.135,0.085,0.961,0.07,698.01,19.3,5250.43,9720.38,1.63,0.04,11766.57,32.57,36581.64,34.41,-57.76,488923.02,6135796.7,1452.14,0.11,51.43,234.04,10.96,0.26,0.06,1134,843.98,888.28,iron
1,370322331,1,0,1,38.31,0.63,329.92,0.6,343.36,-4.0,259.13,-45.04,2.148,0.166,1.845,0.14,712.68,18.86,5144.73,15742.59,3.11,0.12,-10012.78,67.37,-14879.47,52.36,-31.29,467288.11,6084307.71,1394.85,0.08,51.97,235.78,10.44,0.25,0.06,167,3.4,306.4,iron
4,86780322,1,0,1,48.73,0.54,330.34,0.43,312.02,18.97,204.65,-43.07,10.039,0.75,8.71,0.648,750.02,16.24,6096.08,21539.7,15.47,0.37,-19351.07,78.8,29959.48,70.55,23.44,457833.67,6129100.99,1514.37,0.09,44.59,223.79,5.91,0.21,0.04,1051,1294.7,1321.98,iron
2,523708385,1,0,1,38.48,0.37,157.34,0.5,279.61,44.89,175.99,-14.9,1.233,0.081,1.046,0.066,688.66,11.01,5417.68,11984.0,1.76,0.04,13640.92,42.53,-8617.5,32.58,-45.77,490911.63,6090625.54,1373.64,0.14,31.55,235.81,7.32,0.28,0.04,580,140.96,459.0,iron
4,244640909,1,0,1,31.7,0.72,333.99,0.6,294.55,19.56,182.1,-42.61,1.283,0.098,1.091,0.082,799.15,16.64,3568.31,11844.78,1.9,0.06,-25912.02,41.02,24856.32,35.68,22.11,451298.94,6123979.34,1524.25,0.08,59.45,227.19,9.02,0.26,0.04,917,95.04,322.68,proton
1,847067627,1,1,1,33.37,0.34,106.91,0.46,7.6,34.46,241.14,-3.21,3.719,0.254,3.213,0.215,758.38,8.81,4127.77,10774.69,5.47,0.08,-8258.9,27.02,-24402.98,27.78,-67.15,469064.58,6074794.09,1384.02,0.08,54.71,233.3,6.84,0.24,0.04,340,54.84,349.17,proton
4,328498597,1,0,1,39.09,0.48,36.49,0.65,292.22,54.31,186.58,-8.03,1.124,0.076,0.951,0.062,760.4,9.05,4724.61,8944.4,1.77,0.04,-25700.41,57.36,15157.6,19.39,93.51,451534.22,6114287.14,1563.12,0.16,26.66,213.5,8.68,0.24,0.05,1765,250.9,282.84,iron
2,713293449,0,0,1,36.51,0.41,96.26,0.94,270.71,60.11,177.45,1.16,1.127,0.078,0.954,0.064,680.96,11.53,5320.65,15092.0,1.72,0.06,17541.49,50.79,6286.65,67.09,-62.31,494771.51,6105531.29,1365.83,0.15,28.98,219.71,7.99,0.27,0.04,996,303.06,503.44,iron
1,576246932,1,0,1,40.74,0.75,111.15,1.12,290.13,65.65,187.61,3.3,2.815,0.224,2.425,0.19,968.74,19.37,2954.03,15061.88,4.15,0.14,-15406.64,53.85,-13732.7,72.08,-28.09,461893.97,6085440.71,1405.56,0.13,37.33,231.97,8.78,0.25,0.04,437,1.51,75.73,proton
1,682922111,0,0,1,18.48,0.47,78.97,1.38,332.12,40.35,215.77,-17.27,0.676,0.05,0.567,0.04,688.13,17.43,3922.08,7436.42,1.0,0.02,-12533.36,33.77,-24149.75,24.72,-69.06,464791.89,6075037.02,1389.25,0.11,48.21,224.02,10.15,0.26,0.05,434,108.78,114.77,iron
2,910810903,1,0,1,34.72,0.43,188.06,1.19,325.32,25.95,216.88,-32.71,1.806,0.13,1.547,0.11,728.65,11.71,4603.41,15418.94,2.92,0.1,9165.94,76.82,-7777.0,50.08,-33.68,486436.68,6091454.57,1377.48,0.13,31.26,209.84,9.48,0.28,0.05,508,335.8,414.01,iron
4,109031249,1,0,1,46.74,0.32,197.61,0.55,300.61,27.72,190.34,-35.1,1.187,0.08,1.005,0.066,735.87,14.08,5937.2,11210.79,1.7,0.04,-28218.12,44.16,6111.79,30.33,45.35,449041.37,6105240.97,1509.89,0.09,46.03,234.33,8.53,0.27,0.05,632,46.3,409.74,iron
2,369649647,1,0,1,41.77,0.41,63.31,0.52,25.8,20.5,261.43,3.22,1.753,0.119,1.499,0.1,728.74,13.35,5303.5,13298.88,2.49,0.07,15471.12,44.42,4028.53,46.38,-52.92,492708.91,6103270.15,1368.97,0.12,33.37,239.03,7.72,0.26,0.05,775,548.73,623.51,iron
4,452840014,1,1,1,38.53,0.43,341.44,0.92,3.66,-32.54,304.43,-37.74,4.25,0.312,3.673,0.265,738.34,12.2,4832.45,16800.92,6.55,0.17,-17916.69,67.56,15800.79,51.43,41.97,459311.31,6114949.68,1486.6,0.14,30.56,222.03,8.79,0.29,0.05,905,259.38,401.51,iron
4,474915156,1,0,1,47.3,0.28,51.34,0.52,28.41,18.56,264.29,4.51,1.197,0.079,1.013,0.065,733.75,12.01,5932.64,12010.58,1.83,0.05,-23706.89,35.95,9986.07,38.14,62.97,453540.74,6109125.61,1516.77,0.1,38.74,219.74,8.0,0.26,0.05,666,453.91,559.39,iron
4,740480859,0,0,1,33.24,0.72,237.84,1.12,313.49,1.66,213.99,-59.47,0.974,0.071,0.822,0.058,767.73,15.34,3963.63,12185.38,1.45,0.04,-30224.62,45.06,4433.16,55.24,57.78,447039.41,6103557.71,1531.5,0.1,41.84,224.72,9.24,0.26,0.05,624,133.75,134.94,proton
4,723217882,1,0,1,24.31,1.11,1.1,0.83,9.1,-24.81,296.8,-31.18,2.11,0.172,1.815,0.147,888.26,14.06,2083.19,5326.8,3.03,0.07,-26817.21,92.2,14783.55,10.68,99.57,450420.25,6113910.61,1575.41,0.1,37.75,237.62,10.48,0.23,0.05,710,1.42,491.01,proton
3,334665049,0,0,1,43.03,1.31,229.48,1.3,302.77,5.25,192.55,-57.62,0.7,0.075,0.584,0.062,741.45,35.8,5246.95,16195.69,1.03,0.08,7129.17,149.76,21909.66,105.77,-64.97,484325.13,6121116.26,1378.95,0.07,36.52,225.23,10.41,0.26,0.05,1399,161.76,504.41,iron
2,70085816,0,0,1,48.33,0.61,26.48,0.55,353.35,42.44,227.77,-6.36,1.273,0.09,1.079,0.074,698.32,21.73,6338.41,17531.64,1.85,0.06,23913.18,82.43,7993.25,69.17,-94.02,501137.28,6107253.26,1357.91,0.13,34.06,231.1,8.28,0.26,0.04,744,337.41,353.34,iron
3,88309921,0,1,1,43.92,0.81,334.85,0.75,339.01,7.31,243.52,-40.95,19.46,1.711,16.973,1.494,740.71,20.54,5327.23,30376.06,28.74,0.82,-21693.92,94.11,15794.05,118.0,73.02,455538.54,6114932.5,1531.65,0.06,86.8,234.12,8.3,0.28,0.05,824,368.18,370.76,iron
4,88268864,1,1,1,44.23,0.37,336.87,0.42,340.03,8.34,243.53,-39.51,17.506,1.287,15.257,1.12,774.96,7.66,5031.14,13613.83,24.73,0.32,-21844.22,78.9,15756.82,20.36,73.02,455388.1,6114895.13,1531.64,0.16,20.33,245.31,6.62,0.2,0.03,824,318.16,333.92,iron
1,764149593,1,0,1,37.28,0.63,331.13,0.54,348.64,-11.41,271.88,-44.39,1.454,0.102,1.239,0.085,766.9,15.58,4319.18,12355.12,2.27,0.06,-10333.42,44.03,-19218.6,43.66,-46.02,466978.33,6079970.57,1391.84,0.09,54.36,216.55,9.44,0.25,0.05,308,458.27,509.71,iron
1,24408574,0,0,1,47.91,0.82,98.06,0.79,19.5,49.04,233.55,12.06,2.425,0.179,2.083,0.151,844.04,24.56,4886.15,17671.68,3.61,0.12,-474.91,35.27,-28432.08,120.48,-83.3,476854.87,6070780.49,1373.67,0.07,67.59,228.84,9.13,0.26,0.05,353,1067.61,1072.28,proton
4,828284406,1,0,1,45.26,0.34,237.0,0.45,300.64,-0.4,187.77,-63.17,1.309,0.086,1.111,0.071,812.53,12.11,4806.68,11195.48,1.89,0.04,-23185.23,31.9,9573.01,35.84,58.24,454062.38,6108713.38,1506.44,0.08,45.44,233.32,7.27,0.25,0.04,672,138.03,285.11,proton
2,637404030,0,0,1,26.79,0.48,108.12,0.95,29.85,-15.15,295.09,-9.52,0.645,0.046,0.539,0.037,771.09,11.36,3405.66,7829.12,0.97,0.02,16388.81,38.98,-547.07,32.73,-49.01,493636.88,6098697.9,1371.43,0.1,37.94,219.52,9.83,0.27,0.05,783,434.57,435.46,iron
4,24172128,1,0,1,39.42,0.41,11.31,0.73,44.14,-65.35,347.05,-20.02,1.094,0.072,0.925,0.059,744.63,11.13,4781.4,12509.85,1.54,0.04,-22490.26,73.3,16068.67,31.3,71.35,454739.11,6115205.62,1530.0,0.15,23.09,237.87,7.79,0.22,0.04,78,23.79,292.19,iron
1,662118699,0,0,1,47.41,0.93,124.91,0.9,273.23,65.88,181.12,5.76,0.639,0.048,0.532,0.039,659.03,18.54,6628.67,18176.07,0.96,0.05,-19214.34,123.68,-15091.49,127.14,-37.57,458092.09,6084072.89,1409.21,0.14,22.43,220.29,9.53,0.25,0.05,397,18.99,20.18,iron
4,97548463,0,0,1,60.11,0.68,42.6,1.0,33.04,24.76,260.58,11.1,2.355,0.17,2.015,0.142,753.94,33.17,7801.74,22869.03,3.34,0.12,-17963.04,117.43,8411.1,190.49,30.59,459282.16,6107563.12,1460.31,0.11,29.33,239.57,8.32,0.27,0.05,1729,12.11,335.0,iron
1,475949700,1,0,1,52.58,0.41,22.84,0.63,22.54,7.38,271.5,-5.78,1.789,0.118,1.527,0.098,740.84,17.66,6555.62,15082.05,2.72,0.07,-19262.0,73.45,-16680.47,42.6,-41.19,458044.69,6082483.17,1406.6,0.12,32.59,223.01,7.17,0.23,0.05,415,549.22,549.27,iron
4,483577655,0,0,1,32.15,0.67,321.49,1.6,343.59,-12.57,270.1,-49.31,0.872,0.074,0.734,0.061,837.76,19.34,3166.75,11969.42,1.28,0.06,-21227.45,62.94,12632.88,45.4,61.89,456010.5,6111775.51,1509.32,0.09,40.08,227.3,10.31,0.25,0.05,1755,451.71,460.35,proton
4,595201592,0,0,1,51.04,0.81,3.31,1.31,22.48,-22.6,299.17,-18.93,1.838,0.15,1.57,0.127,713.54,30.02,6593.62,25101.84,2.67,0.17,-14537.28,156.79,21306.31,141.82,0.43,462674.85,6120460.35,1452.66,0.18,24.06,233.08,9.3,0.24,0.05,928,19.1,50.45,iron
1,609051512,0,0,1,25.99,0.34,21.26,1.13,11.78,-9.53,281.93,-23.09,0.981,0.069,0.829,0.056,685.03,11.98,4271.62,11758.76,1.49,0.04,-8463.42,46.26,-24713.0,31.22,-67.15,468859.67,6074483.94,1384.05,0.1,34.87,221.12,9.33,0.25,0.05,340,319.85,638.32,iron
1,746864330,0,1,1,39.22,0.76,176.32,1.08,359.65,8.54,258.2,-24.54,3.317,0.243,2.862,0.206,726.11,12.7,4960.63,17833.18,5.42,0.17,-5703.38,86.43,-12837.95,76.23,-21.76,471589.63,6086359.2,1393.14,0.06,83.01,209.33,8.85,0.28,0.05,133,133.98,292.28,iron
4,111700457,0,0,1,40.04,0.7,12.08,0.79,50.09,-68.66,351.25,-19.22,0.716,0.053,0.598,0.043,824.42,19.24,4084.46,12208.9,1.04,0.04,-27091.72,48.66,24366.64,58.39,39.77,450117.64,6123486.53,1540.18,0.1,39.11,228.87,9.41,0.24,0.05,926,546.45,618.69,proton
1,766356566,0,0,1,29.81,0.41,249.37,0.92,334.62,-27.47,290.96,-61.92,0.948,0.072,0.799,0.059,757.8,18.65,3772.23,10319.19,1.36,0.05,-8111.89,28.14,-22868.0,34.96,-60.18,469207.21,6076328.59,1387.15,0.07,78.23,233.28,10.37,0.25,0.05,313,158.35,572.51,iron
3,911609557,1,0,1,51.27,0.68,268.48,0.56,306.42,-29.57,322.22,-86.08,1.018,0.069,0.857,0.056,760.56,22.81,6183.07,16084.58,1.47,0.05,-4265.87,82.13,27636.52,83.02,-18.54,472924.08,6126811.28,1443.84,0.14,22.57,231.72,7.77,0.26,0.04,1486,340.75,560.65,iron
3,887661902,1,0,1,36.65,0.32,174.67,0.38,18.48,-28.95,304.21,-24.53,13.203,0.932,11.496,0.808,855.19,8.57,3443.2,11284.66,19.4,0.22,1532.9,25.41,24202.67,29.52,-60.57,478728.07,6123395.35,1385.43,0.07,49.03,235.14,6.77,0.26,0.04,1310,1479.35,1479.67,iron
4,82046275,0,0,1,35.32,0.51,242.43,0.79,332.26,-39.37,317.05,-62.76,0.634,0.044,0.529,0.035,666.34,14.24,5220.57,12300.92,0.93,0.03,-31303.72,36.66,5569.95,63.83,59.86,445958.6,6104691.9,1538.3,0.11,30.36,225.51,8.93,0.25,0.05,649,170.62,192.4,iron
1,579267307,0,0,1,44.16,1.24,136.26,1.06,251.95,49.05,162.24,-1.31,0.949,0.091,0.799,0.076,864.85,34.13,4242.64,14156.2,1.41,0.09,-16913.64,109.61,-15357.01,85.31,-36.01,460390.97,6083814.4,1406.46,0.09,38.6,224.45,10.34,0.26,0.05,400,620.98,623.4,proton
1,775520577,0,0,1,43.96,0.45,174.21,0.73,321.97,39.46,208.52,-21.08,5.869,0.448,5.078,0.384,762.4,14.39,5172.5,19737.24,8.27,0.23,-790.69,62.22,-13984.29,74.2,-29.19,476501.99,6085225.95,1385.93,0.07,89.05,243.91,8.11,0.23,0.05,243,104.2,306.75,proton
2,775562471,0,0,1,46.88,1.05,171.78,1.27,321.12,42.79,206.8,-18.1,4.97,0.386,4.294,0.33,787.01,14.84,5318.28,28076.82,7.29,0.27,-502.37,123.1,-14279.66,145.43,-29.19,476791.58,6084931.38,1385.93,0.13,33.81,233.72,8.89,0.26,0.05,243,310.65,432.52,proton
4,504393383,1,0,1,32.86,0.47,20.58,0.65,18.37,-14.04,289.22,-19.13,1.221,0.086,1.037,0.071,715.75,11.37,4488.67,11022.3,1.81,0.04,-23761.96,43.3,10452.22,36.82,62.97,453483.85,6109589.92,1516.81,0.09,36.01,227.17,8.82,0.25,0.05,666,929.17,930.18,iron
2,719346027,0,0,1,45.44,0.79,188.24,1.26,328.24,28.63,218.32,-29.19,0.936,0.087,0.788,0.072,767.48,25.91,5302.19,12823.78,1.4,0.07,24975.69,145.89,8071.96,63.16,-94.02,502198.82,6107333.82,1357.92,0.04,63.29,223.54,9.94,0.26,0.05,744,419.87,425.55,proton
4,671746938,0,0,1,48.96,1.2,23.92,1.14,53.1,-47.46,333.07,-7.39,1.132,0.089,0.957,0.074,682.45,30.02,6640.97,17859.6,1.7,0.07,-21944.05,154.72,4963.38,158.18,38.09,455315.01,6104109.4,1478.98,0.08,36.89,222.76,10.1,0.26,0.05,652,268.76,739.61,iron
3,140210954,0,0,1,30.78,0.41,274.55,0.7,329.08,-37.82,315.43,-65.6,0.917,0.061,0.773,0.049,729.34,8.95,4162.09,9842.37,1.38,0.03,2694.33,20.75,27077.17,53.09,-71.01,479881.29,6126272.29,1385.08,0.12,30.08,222.16,7.8,0.27,0.05,1292,714.12,822.53,iron
1,734493849,0,0,1,40.0,0.43,349.37,0.65,347.7,-81.83,6.02,-32.77,0.961,0.065,0.81,0.053,716.08,11.6,5165.0,12784.54,1.45,0.05,-9046.49,65.27,-25983.56,34.59,-74.26,468279.43,6073213.43,1383.0,0.15,23.3,222.05,8.17,0.26,0.05,329,372.73,532.75,iron
4,885494263,0,0,1,37.58,0.52,5.69,0.77,26.42,-47.91,326.07,-23.96,0.741,0.054,0.62,0.043,721.19,13.31,4874.46,12408.03,1.06,0.04,-23044.38,76.97,18500.26,40.88,74.85,454182.28,6117634.71,1545.96,0.14,26.74,231.62,8.75,0.25,0.05,689,376.63,490.83,iron
3,261472950,1,1,1,34.92,0.24,74.51,0.55,339.38,56.27,212.12,-1.05,7.619,0.563,6.611,0.485,825.95,7.93,3563.88,8364.13,11.29,0.11,-3611.8,19.21,29053.84,19.92,-2.71,473574.28,6128230.55,1464.95,0.07,86.18,232.33,9.14,0.25,0.05,1548,257.9,445.66,proton
1,362165295,1,0,1,41.94,0.32,71.5,0.64,23.87,27.28,254.6,4.84,1.774,0.124,1.518,0.104,709.02,13.75,5523.73,9811.81,2.71,0.06,-11822.15,40.06,-25987.17,21.88,-75.43,465506.73,6073200.7,1386.56,0.17,33.22,222.64,8.34,0.24,0.05,300,337.13,354.47,iron
4,604511883,0,0,1,47.12,0.78,263.39,1.22,312.19,-23.31,260.36,-80.8,1.1,0.09,0.929,0.074,716.91,26.07,6094.83,19848.48,1.59,0.09,-28411.33,116.14,803.25,119.32,41.69,448860.58,6099932.38,1507.33,0.16,25.1,232.42,9.94,0.25,0.05,1077,790.44,1152.68,iron
4,145867506,0,0,1,27.93,0.35,168.11,1.17,0.79,5.35,261.8,-25.4,0.672,0.051,0.562,0.041,671.93,19.42,4528.52,8603.5,1.01,0.03,-22662.12,24.79,17355.84,32.89,75.92,454564.75,6116491.84,1540.6,0.07,84.35,219.83,10.58,0.25,0.05,713,80.77,173.23,iron
4,887839820,1,0,1,38.19,0.47,6.4,0.49,37.74,-68.48,349.39,-23.38,1.119,0.077,0.947,0.063,679.25,13.83,5317.03,12745.09,1.66,0.05,-28692.16,47.31,4135.93,33.56,46.7,448569.56,6103264.61,1509.56,0.08,45.05,226.09,8.88,0.27,0.05,1070,180.17,1134.56,iron
4,206463697,1,0,1,48.2,0.66,51.13,0.64,69.75,-42.02,336.19,5.22,1.213,0.081,1.027,0.066,701.07,19.58,6277.01,15210.41,1.9,0.06,-20809.14,59.15,12430.11,85.85,61.89,456430.22,6111574.98,1509.33,0.11,32.7,214.15,7.2,0.28,0.04,1755,253.68,457.01,iron
4,808316388,1,0,1,57.99,0.35,68.48,1.01,90.32,-35.93,345.22,19.84,1.739,0.117,1.481,0.097,661.8,17.85,8263.76,16621.41,2.57,0.08,-20969.71,79.14,8394.17,130.33,40.32,456278.71,6107539.64,1480.09,0.08,31.99,228.26,7.64,0.27,0.05,1730,761.28,786.34,iron
4,596055255,0,0,1,47.4,0.79,119.59,1.22,70.78,-39.21,334.73,7.75,0.791,0.066,0.662,0.054,692.13,30.58,6274.83,12819.49,1.17,0.05,-20644.92,71.73,18779.09,134.39,55.91,456577.72,6117918.81,1516.57,0.06,54.25,224.91,11.98,0.26,0.06,919,68.81,70.49,iron
1,702602449,0,0,1,34.63,0.85,56.39,0.87,28.01,-2.03,282.43,-5.31,1.221,0.099,1.036,0.082,676.98,24.52,5101.16,15417.38,1.76,0.08,-4714.87,59.23,-27456.26,85.87,-80.33,472613.08,6071750.88,1378.32,0.08,42.05,234.07,9.93,0.24,0.05,336,523.14,615.63,iron
1,488370262,0,0,1,48.72,0.74,4.43,0.76,12.17,-2.54,275.41,-19.59,0.72,0.054,0.601,0.043,757.37,20.66,5916.44,16363.54,1.04,0.05,-8717.62,102.94,-21731.03,95.01,-56.23,468597.76,6077463.78,1385.6,0.18,19.97,228.48,8.71,0.23,0.05,311,287.72,516.84,proton
4,481418955,1,1,1,47.13,0.56,62.34,0.43,38.99,5.89,280.35,8.06,2.77,0.188,2.383,0.158,714.68,16.44,6117.27,18338.42,3.96,0.09,-18203.26,60.86,18403.48,68.17,33.84,459018.06,6117549.2,1485.55,0.13,32.39,238.81,6.43,0.24,0.04,842,91.6,550.05,iron
4,194039279,0,0,1,47.85,0.59,1.33,0.67,25.12,-37.06,314.49,-21.8,0.874,0.071,0.733,0.059,663.08,27.69,6775.24,13435.81,1.26,0.05,-27606.53,62.92,22214.86,58.05,58.32,449611.9,6121335.41,1557.02,0.14,30.67,231.26,11.31,0.27,0.06,929,20.42,440.57,iron
4,263997634,0,0,1,42.49,0.78,31.37,1.48,119.21,-70.77,11.62,-7.94,0.934,0.091,0.786,0.076,574.02,46.91,7152.12,11705.03,1.37,0.08,-33631.18,142.84,2326.66,67.09,79.99,443639.57,6101443.64,1567.63,0.06,77.67,228.31,10.18,0.26,0.05,943,236.19,552.47,iron
4,423764008,0,0,1,43.47,0.72,272.79,1.11,312.38,-19.4,243.14,-78.39,0.638,0.05,0.532,0.04,714.97,25.89,5672.05,11238.47,0.95,0.04,-21901.64,49.6,16365.04,94.46,73.02,455327.63,6115503.48,1531.64,0.08,50.88,223.24,10.07,0.25,0.05,824,183.26,291.43,iron
4,912825989,1,1,1,41.86,0.38,297.52,0.39,308.32,-50.95,4.55,-65.83,3.151,0.23,2.717,0.195,857.05,11.9,3866.95,11752.73,4.66,0.09,-21614.52,29.95,19482.18,33.9,53.23,455606.99,6118618.95,1520.3,0.08,47.23,231.74,7.78,0.22,0.04,921,270.82,549.2,proton
4,634780258,0,0,1,65.44,0.2,186.71,0.62,22.89,-23.74,300.43,-19.01,9.156,0.7,7.894,0.601,767.11,18.46,8622.62,17570.39,12.67,0.22,-2082.8,152.41,24626.75,170.75,-53.32,475108.52,6123809.53,1396.93,0.07,121.14,246.75,9.51,0.29,0.05,1275,449.93,557.62,iron
2,51412187,0,0,1,29.66,0.68,309.81,0.88,338.64,-14.24,268.96,-54.36,1.558,0.12,1.331,0.101,749.38,17.4,3776.97,13765.76,2.31,0.08,8348.38,33.06,-9065.35,48.75,-33.98,485622.68,6090165.01,1377.76,0.07,76.23,229.08,9.95,0.26,0.05,559,250.94,454.61,iron
4,378123889,0,0,1,34.83,0.49,226.3,0.79,303.62,8.76,194.01,-54.11,1.001,0.076,0.845,0.063,717.98,16.72,4515.12,12455.27,1.49,0.05,-19103.53,31.74,12241.76,53.05,53.77,458133.19,6111388.7,1496.36,0.06,72.09,224.57,9.43,0.26,0.05,1742,198.09,686.43,iron
4,791664357,1,0,1,37.91,0.5,349.23,1.0,12.24,-47.36,323.58,-33.26,2.118,0.149,1.818,0.125,661.54,12.41,5419.07,17782.73,3.16,0.09,-19845.5,70.11,6921.32,63.77,35.98,457406.15,6106070.79,1470.75,0.13,33.16,228.55,8.06,0.26,0.05,1726,34.19,67.35,iron
4,480510448,1,0,1,45.01,0.51,81.29,0.56,30.94,25.21,259.35,9.57,1.033,0.068,0.871,0.055,777.87,10.1,5118.54,12826.18,1.52,0.04,-25295.73,55.47,21597.39,56.01,63.9,451922.3,6120722.24,1548.8,0.15,24.29,228.09,7.01,0.24,0.04,1028,315.51,323.11,iron
4,655738402,0,1,1,36.44,0.4,127.77,1.0,3.76,36.12,237.91,-4.68,5.027,0.42,4.35,0.361,740.92,15.32,4522.01,19441.84,7.43,0.27,-29676.02,69.58,-5960.03,29.23,6.91,447612.24,6093174.58,1482.15,0.05,93.27,232.34,9.27,0.25,0.05,1065,677.74,683.73,proton
4,169311734,0,0,1,33.29,0.43,202.44,1.36,334.9,11.18,236.11,-40.71,0.808,0.067,0.678,0.055,614.35,26.1,5633.57,9467.43,1.21,0.04,-20981.81,29.43,14241.57,60.11,67.19,456250.59,6113382.98,1520.23,0.07,87.9,222.06,10.81,0.25,0.05,95,508.97,680.35,iron
4,187887516,0,0,1,47.83,0.64,306.98,0.56,270.72,-39.74,69.27,-60.52,0.875,0.062,0.735,0.051,757.89,21.18,5700.95,16142.19,1.24,0.05,-19785.65,69.44,13976.53,72.51,59.22,457449.61,6113119.97,1507.3,0.13,28.54,234.57,8.75,0.24,0.05,920,613.93,625.59,iron
4,510315646,1,0,1,52.02,0.46,328.89,0.5,248.86,-33.77,80.83,-43.44,2.565,0.171,2.203,0.144,835.04,18.44,5622.32,15414.16,3.81,0.1,-30648.33,53.88,3956.94,72.53,57.78,446616.26,6103081.75,1531.52,0.14,25.98,229.72,6.97,0.19,0.05,624,237.13,528.49,proton
4,229887295,0,0,1,21.88,0.39,253.77,0.95,305.14,-61.3,10.98,-55.8,0.938,0.065,0.792,0.053,709.87,10.96,3760.31,7842.86,1.36,0.03,-28804.42,22.02,8871.06,30.17,59.27,448448.25,6107998.27,1526.68,0.09,43.39,231.07,9.51,0.25,0.05,591,347.93,872.4,iron
3,979623338,0,0,1,40.36,0.6,279.09,0.61,319.33,-21.07,264.35,-73.87,0.841,0.059,0.706,0.047,714.57,15.84,5220.09,13231.99,1.29,0.05,14808.79,43.65,33240.1,62.07,-87.56,491972.6,6132462.35,1414.2,0.09,41.44,217.02,9.06,0.25,0.05,1565,323.34,332.58,iron
1,13728303,1,1,1,25.63,0.27,174.47,1.0,358.82,1.29,264.44,-29.26,7.134,0.549,6.195,0.474,775.9,9.66,3280.13,15168.36,11.13,0.21,-3769.68,25.69,-20642.03,34.23,-50.57,473541.68,6078564.73,1383.39,0.06,82.07,220.69,8.46,0.28,0.04,292,428.22,471.5,iron
4,65105152,0,0,1,36.71,0.41,263.01,0.69,323.94,-31.98,302.78,-71.13,0.787,0.056,0.66,0.045,676.36,16.23,5242.09,10281.16,1.15,0.03,-21985.25,30.26,18958.68,44.78,64.65,455237.6,6118095.61,1530.37,0.07,70.33,227.42,9.83,0.26,0.05,694,174.43,239.11,iron
4,504922063,1,1,1,28.62,0.49,55.66,1.09,51.77,-51.79,336.34,-10.4,3.606,0.262,3.117,0.222,730.52,12.21,3961.17,15749.02,5.32,0.12,-18402.35,49.52,20219.94,44.44,31.8,458814.69,6119364.44,1489.52,0.09,41.63,232.56,8.22,0.26,0.04,925,237.06,237.21,iron
4,583110792,0,0,1,48.21,0.79,339.0,0.84,6.31,-54.76,332.6,-37.06,1.034,0.074,0.872,0.061,710.53,14.5,6219.05,19803.95,1.58,0.07,-22770.02,108.73,3743.04,113.04,35.22,454492.21,6102886.78,1477.81,0.15,24.4,219.0,8.17,0.26,0.05,595,285.11,619.72,iron
4,440666573,0,0,1,38.57,0.57,58.78,0.56,39.59,-14.47,298.74,-0.81,0.987,0.07,0.833,0.057,866.14,14.69,3552.26,9773.35,1.46,0.03,-23234.27,33.95,12243.2,35.63,71.21,454005.56,6111379.9,1523.86,0.08,49.98,227.1,8.67,0.26,0.04,664,46.33,356.28,proton
4,466718552,0,0,1,38.91,0.42,17.9,1.45,33.79,-41.0,320.83,-16.81,2.108,0.154,1.809,0.13,753.92,11.83,4671.6,17855.98,3.25,0.1,-17332.8,88.3,18777.92,64.63,33.84,459887.81,6117926.53,1485.52,0.12,31.83,221.04,8.65,0.27,0.05,842,27.59,214.06,iron
3,717577171,1,0,1,23.3,0.24,49.92,1.17,49.83,-61.74,344.71,-16.21,2.106,0.16,1.811,0.135,741.09,12.39,3512.38,10051.35,3.09,0.07,-316.13,26.37,24898.53,23.13,-56.72,476878.54,6124086.52,1393.16,0.07,82.4,232.45,11.03,0.26,0.06,1296,186.67,288.31,iron
4,181094433,1,0,1,43.12,0.42,89.36,0.48,94.59,-50.9,355.26,8.06,1.447,0.096,1.231,0.08,740.12,13.22,5284.37,13292.44,2.05,0.05,-23576.97,47.83,21221.52,44.08,57.15,453641.17,6120353.2,1536.52,0.11,29.67,238.74,7.31,0.25,0.05,1024,75.48,75.49,iron
4,927996683,0,0,1,40.99,0.8,252.97,0.81,314.47,-43.33,345.88,-71.3,0.794,0.068,0.666,0.056,835.36,31.58,4100.07,12682.85,1.17,0.06,-18995.26,31.16,14903.03,70.4,47.36,458236.3,6114051.48,1490.98,0.07,73.98,224.87,11.46,0.26,0.05,904,80.67,642.35,proton
4,226165333,0,0,1,35.88,0.49,290.92,0.61,282.31,-44.5,51.05,-66.02,0.865,0.063,0.728,0.051,698.38,17.09,4807.31,11570.69,1.23,0.04,-21636.64,36.25,18127.97,43.57,64.65,455588.88,6117263.81,1530.4,0.08,49.49,234.9,9.77,0.26,0.05,694,545.09,607.88,iron
3,370435343,0,0,1,26.16,0.4,146.0,0.85,5.81,10.88,259.8,-18.21,0.878,0.062,0.739,0.05,725.95,11.24,3791.42,7574.54,1.31,0.03,-2123.8,30.41,31417.91,23.72,9.69,475054.88,6130596.94,1488.94,0.1,46.97,223.09,10.02,0.26,0.05,1482,374.69,432.77,proton
2,862852894,1,1,1,42.99,0.17,25.27,0.59,69.81,-64.8,352.58,-10.67,6.817,0.478,5.905,0.409,771.51,7.5,4865.27,13042.95,9.86,0.14,6149.54,20.51,-6573.09,41.17,-22.6,483418.18,6092649.74,1382.8,0.09,102.99,237.41,7.43,0.27,0.05,454,539.25,712.04,proton
2,50305858,1,1,1,58.74,0.72,103.03,0.57,109.69,-39.32,1.81,22.41,5.232,0.398,4.508,0.339,730.21,36.0,7703.28,26649.02,7.37,0.25,6637.41,140.61,4398.49,153.99,-22.22,483878.74,6103616.96,1383.25,0.16,21.75,242.08,7.31,0.31,0.04,1720,119.67,473.64,iron
2,369146772,1,1,1,26.32,0.39,204.42,0.62,329.24,13.75,228.13,-41.81,4.46,0.308,3.862,0.262,706.42,8.03,4015.73,11270.6,6.58,0.1,15274.32,31.4,3783.8,34.34,-46.85,492512.12,6103023.6,1372.46,0.09,51.77,232.74,7.25,0.25,0.05,759,337.07,780.5,iron
1,214509620,0,0,1,40.51,0.69,43.02,1.31,200.54,-31.92,69.13,-4.53,0.952,0.08,0.802,0.067,696.95,23.21,5374.79,17902.85,1.42,0.08,-10775.03,87.75,-15202.5,98.05,-31.29,466525.85,6083982.66,1394.87,0.15,30.68,223.39,11.12,0.26,0.06,167,466.64,515.37,iron
4,636008651,0,0,1,41.26,0.71,303.15,1.31,333.17,-39.07,315.97,-62.17,0.768,0.064,0.643,0.053,604.82,27.35,6532.89,16095.92,1.12,0.06,-23604.7,92.64,7713.23,89.67,54.43,453647.58,6106852.22,1503.49,0.29,26.93,226.72,10.79,0.27,0.05,662,414.58,476.92,iron
1,184672489,1,0,1,27.42,0.41,323.84,0.67,347.49,-55.38,336.82,-47.35,2.272,0.162,1.956,0.137,682.36,12.21,4378.33,12348.15,3.32,0.08,-15730.56,35.47,-14977.94,27.4,-34.21,461574.06,6084194.76,1404.27,0.07,68.66,233.76,9.73,0.25,0.05,448,371.92,449.35,iron
1,450462274,0,0,1,55.75,0.68,341.25,0.93,233.23,-45.77,63.99,-32.83,3.558,0.271,3.061,0.23,751.09,26.95,7029.23,21897.3,5.24,0.18,-15082.72,214.75,-6502.15,56.5,-0.18,462199.96,6092667.39,1421.25,0.07,58.61,231.5,9.1,0.27,0.05,177,223.76,469.02,iron
4,197980958,0,0,1,44.67,0.19,167.55,0.96,31.26,-35.42,314.65,-16.59,1.643,0.125,1.402,0.106,653.83,21.86,6355.32,12527.79,2.4,0.07,-15792.85,33.94,11568.27,74.18,25.55,461444.4,6110725.13,1455.69,0.08,104.79,231.51,10.74,0.26,0.05,863,681.95,716.06,iron
3,430855378,0,0,1,41.34,0.66,248.89,0.64,323.97,-38.0,319.79,-69.28,1.63,0.119,1.392,0.1,690.02,18.56,5555.32,18455.11,2.4,0.09,-11308.52,67.78,30174.35,75.41,97.88,465879.67,6129330.41,1579.55,0.1,37.41,230.44,9.13,0.26,0.05,962,26.87,469.08,iron
3,884127317,1,0,1,35.69,0.39,306.7,0.53,336.58,-44.34,324.36,-58.05,1.359,0.089,1.156,0.073,737.82,9.44,4464.87,11337.53,2.07,0.05,13090.61,42.87,34933.91,28.15,-59.67,490252.93,6134146.79,1453.05,0.11,36.06,220.94,7.19,0.28,0.05,1138,477.61,522.06,proton
4,882661837,1,0,1,27.29,0.34,287.32,0.67,281.33,-51.97,40.14,-60.34,1.911,0.144,1.641,0.122,795.27,11.08,3253.68,7638.23,2.94,0.05,-25220.22,24.33,18656.14,19.82,84.12,452005.39,6117784.98,1560.92,0.07,62.02,221.57,11.07,0.26,0.06,693,20.48,128.78,proton
3,942465296,0,0,1,55.94,0.16,61.99,0.95,171.02,-30.89,54.5,16.03,3.184,0.245,2.737,0.207,716.1,20.05,7617.89,15300.66,4.69,0.12,-7333.76,131.18,14440.07,81.37,-0.94,469892.03,6113618.13,1420.98,0.07,116.4,231.69,10.72,0.26,0.05,806,583.44,583.55,iron
2,517205312,1,0,1,32.42,0.4,103.07,0.61,173.3,-55.97,38.44,-3.46,1.51,0.1,1.289,0.083,653.99,8.65,5234.72,10359.11,2.31,0.04,23290.99,22.44,2478.21,47.61,-80.23,500527.33,6101738.22,1361.5,0.15,31.51,221.61,7.33,0.23,0.04,890,485.21,559.89,iron
3,293766153,0,0,1,39.84,0.82,207.71,1.94,357.34,-48.83,325.63,-43.18,0.818,0.064,0.686,0.052,650.68,21.07,6052.49,19462.2,1.21,0.06,-10865.16,126.52,30059.54,130.89,97.88,466322.06,6129216.3,1579.54,0.12,29.85,224.25,9.07,0.26,0.04,962,268.35,281.23,iron
4,755528374,0,0,1,33.51,0.47,151.04,0.83,63.64,-68.75,354.03,-15.08,0.995,0.074,0.84,0.061,706.66,15.73,4741.19,12134.11,1.49,0.05,-19936.77,31.62,20021.57,46.73,42.03,457282.29,6119162.61,1504.24,0.06,75.86,222.79,10.08,0.27,0.05,915,67.49,86.69,iron
1,211324129,1,0,1,37.67,0.79,58.87,0.77,182.08,-47.88,48.03,-1.85,1.098,0.085,0.928,0.07,710.74,23.31,5110.1,13675.56,1.64,0.06,-22354.58,74.85,-16875.73,60.49,-47.01,454958.54,6082282.34,1415.32,0.09,36.97,224.95,9.69,0.25,0.05,393,300.94,764.79,iron
3,671715517,1,0,1,35.93,0.32,176.51,0.59,35.62,-77.04,358.45,-25.79,1.495,0.099,1.275,0.082,694.57,9.43,5113.45,9756.9,2.37,0.05,-844.78,28.17,29065.91,33.11,-31.24,476339.59,6128249.49,1435.12,0.12,36.34,213.37,8.02,0.25,0.05,1481,129.08,181.73,iron
4,50730218,1,0,1,41.21,0.39,220.62,0.49,341.37,-13.46,269.8,-51.64,1.192,0.08,1.01,0.066,684.42,12.78,5731.81,12659.46,1.73,0.04,-25280.41,42.2,6066.16,37.02,42.93,451977.24,6105203.04,1494.93,0.08,46.25,231.48,7.8,0.26,0.04,629,66.61,385.74,iron
2,345136863,0,0,1,42.66,0.6,125.5,0.95,46.13,-20.93,307.4,1.54,0.783,0.057,0.656,0.046,663.97,16.37,6130.1,16316.12,1.15,0.05,17590.98,73.71,5882.92,102.08,-64.31,494820.97,6105128.79,1364.7,0.19,23.57,225.81,9.15,0.26,0.05,792,631.2,712.73,proton
2,395678800,1,0,1,41.8,0.23,338.69,0.62,241.95,-44.46,66.14,-38.87,6.223,0.442,5.388,0.379,798.61,8.9,4603.89,13730.81,9.2,0.16,10945.05,36.93,7040.04,34.99,-39.62,488178.23,6106266.56,1374.79,0.07,95.72,232.36,7.69,0.25,0.05,1240,395.07,539.31,proton
4,976423961,1,1,1,33.3,0.39,311.96,1.37,262.68,-38.6,73.57,-54.62,3.006,0.225,2.593,0.191,698.6,13.99,4759.57,16663.0,4.43,0.15,-20521.31,60.57,6437.96,56.78,33.68,456731.7,6105586.21,1469.59,0.11,32.72,232.08,9.96,0.25,0.06,1728,655.31,705.59,iron
3,374340391,0,0,1,46.72,0.36,353.87,0.91,25.26,-60.97,340.14,-27.16,1.622,0.109,1.384,0.091,692.92,11.73,6310.96,20206.86,2.48,0.09,17953.36,105.76,33621.12,68.64,-88.81,495119.39,6132848.54,1429.91,0.21,20.35,221.24,7.51,0.26,0.05,1148,625.59,699.81,iron
3,309296937,0,0,1,44.38,0.4,168.29,0.47,20.96,-14.55,290.8,-17.05,0.953,0.067,0.803,0.055,720.79,14.5,5707.98,11844.7,1.51,0.05,-3296.45,51.4,32121.54,32.35,26.67,473883.55,6131296.39,1506.77,0.2,25.03,211.28,9.47,0.22,0.06,1550,138.88,774.78,iron
3,332660631,1,1,1,47.95,0.49,215.31,0.41,346.5,-56.53,338.69,-47.4,3.178,0.215,2.737,0.181,711.84,15.86,6272.7,17979.4,4.73,0.13,4414.95,66.86,21049.6,54.41,-54.96,481615.18,6120250.85,1382.37,0.13,31.47,229.44,6.7,0.27,0.05,1163,380.61,380.8,iron
3,212672760,0,0,1,41.22,1.15,170.76,0.83,24.87,-31.59,308.88,-20.2,1.045,0.097,0.883,0.082,671.51,36.19,5840.13,17890.06,1.55,0.09,-5979.83,103.09,23211.34,92.32,-30.23,471223.95,6122385.46,1412.97,0.13,49.79,225.61,10.0,0.25,0.05,1204,116.2,720.22,iron
3,689936175,0,1,1,35.74,0.68,67.55,1.26,113.82,-63.94,8.87,-1.35,3.49,0.274,3.014,0.234,741.65,16.13,4488.49,20324.75,5.26,0.17,-16030.23,48.19,25679.18,81.0,-23.9,461172.8,6124829.13,1451.47,0.06,93.58,227.02,8.89,0.27,0.04,1044,658.18,670.62,iron
3,56386212,0,0,1,49.26,0.34,161.29,0.76,7.3,23.11,250.24,-10.08,0.81,0.06,0.679,0.048,708.35,20.06,6444.9,11604.43,1.18,0.04,-361.41,44.7,28449.88,41.3,-31.24,476821.07,6127636.08,1435.18,0.14,31.79,228.15,10.6,0.26,0.06,1481,595.24,640.34,iron
2,726856810,0,0,1,52.33,0.54,72.84,1.15,70.44,-27.99,326.28,15.34,0.849,0.068,0.711,0.055,657.46,28.61,7469.07,14463.99,1.23,0.05,10273.25,52.97,-2692.83,146.12,-30.54,487530.45,6096538.6,1378.48,0.07,43.32,229.48,11.45,0.25,0.06,679,502.06,504.61,proton
1,593707756,0,0,1,43.73,0.62,14.41,0.84,155.12,-77.34,19.84,-16.25,0.879,0.064,0.739,0.052,701.2,16.21,5803.68,11369.09,1.26,0.04,-11832.8,86.61,-29825.88,41.07,-93.55,465505.77,6069365.85,1386.7,0.23,23.45,232.48,10.09,0.27,0.06,446,127.84,663.38,iron
1,596772809,0,0,1,34.97,0.46,28.01,1.25,187.0,-65.77,35.3,-14.84,1.23,0.092,1.044,0.077,654.33,18.16,5386.72,17594.9,1.79,0.08,-4312.87,75.2,-23285.72,63.65,-60.08,473004.38,6075920.87,1382.72,0.14,31.54,231.67,9.92,0.26,0.05,326,288.25,324.79,iron
3,213704829,0,0,1,38.54,0.53,204.9,0.52,338.21,-71.46,358.66,-41.56,0.924,0.063,0.778,0.051,742.43,9.13,4770.0,9746.49,1.33,0.03,-1282.81,51.25,30358.7,48.17,-12.31,475898.48,6129540.26,1460.33,0.2,24.34,232.99,7.65,0.24,0.04,1507,331.5,432.79,iron
4,832007799,1,0,0,36.31,0.44,302.53,1.04,270.94,-22.74,104.35,-60.74,1.052,0.076,0.889,0.063,676.72,14.77,5254.28,13938.63,1.54,0.06,-24945.43,55.72,6841.48,60.05,42.93,452309.34,6105978.39,1495.02,0.15,29.91,229.73,9.29,0.26,0.05,629,871.34,1035.3,iron
1,163807638,1,0,1,45.27,0.4,103.52,0.53,168.24,-42.38,44.97,8.91,1.814,0.122,1.551,0.102,756.98,12.62,5413.16,12732.8,2.55,0.07,-13527.3,41.66,-19722.91,56.56,-52.62,463787.06,6079459.83,1393.51,0.17,23.39,241.98,7.04,0.22,0.05,333,488.6,502.33,iron
4,207423169,0,0,1,32.59,0.45,47.67,0.75,182.7,-58.9,39.73,-9.15,0.651,0.045,0.544,0.035,676.27,13.12,4895.98,9710.48,0.94,0.02,-24245.46,47.99,14692.17,25.81,85.41,452989.78,6113826.06,1549.07,0.11,36.48,228.65,8.25,0.26,0.04,819,88.36,152.11,iron
2,565877844,0,0,1,33.3,0.85,159.5,0.98,100.77,-81.21,9.37,-18.95,0.679,0.056,0.568,0.045,789.85,30.92,3750.87,10893.59,0.99,0.04,26089.14,45.33,4969.82,36.8,-98.3,503317.49,6104236.05,1356.71,0.09,67.45,227.33,11.09,0.26,0.05,678,353.85,602.52,iron
4,413551892,0,0,1,45.08,1.0,258.86,1.54,309.76,-38.77,348.44,-77.04,0.672,0.067,0.56,0.055,710.59,33.51,5826.57,11752.03,0.99,0.06,-21635.62,65.06,13598.11,163.63,69.62,455600.12,6112737.58,1522.2,0.05,47.49,225.41,10.45,0.26,0.05,657,130.82,464.86,iron
3,846534167,0,0,1,34.81,0.51,254.41,2.19,308.64,-49.52,3.28,-67.18,1.284,0.1,1.091,0.083,806.24,17.5,3695.49,16093.91,1.92,0.08,1458.43,66.6,20675.91,67.88,-40.66,478662.71,6119872.1,1390.8,0.14,38.79,225.87,9.16,0.26,0.04,1413,224.63,659.03,iron
4,972312922,0,0,1,37.76,0.57,273.24,0.7,286.22,-37.01,63.7,-72.77,0.661,0.048,0.552,0.038,632.13,14.9,5843.61,11018.25,0.96,0.03,-34859.49,38.9,8506.48,69.02,57.02,442397.22,6107620.49,1553.68,0.16,25.91,227.92,9.86,0.26,0.05,585,703.71,745.5,iron
4,229558059,1,0,1,43.6,0.5,218.12,0.62,312.22,-66.79,7.19,-49.93,6.283,0.479,5.439,0.411,738.78,13.48,5326.71,18105.2,9.4,0.2,-14221.35,45.23,7491.22,81.21,17.33,463026.06,6106655.17,1436.47,0.05,70.69,229.38,7.19,0.27,0.04,1751,165.76,488.77,iron
1,506432496,0,0,1,21.4,0.45,12.62,1.08,233.93,-23.64,89.24,-28.35,0.654,0.047,0.547,0.038,641.2,15.88,4496.15,8679.84,0.97,0.02,-15019.49,25.82,-20685.92,33.91,-54.75,462297.8,6078492.28,1394.72,0.11,46.57,223.17,9.01,0.25,0.04,408,135.06,450.57,iron
3,644923208,1,0,1,31.74,0.5,329.01,0.55,252.49,-26.26,91.95,-45.24,1.596,0.111,1.364,0.093,669.17,12.71,4803.1,12794.39,2.33,0.06,-984.17,43.33,23911.74,35.13,-49.3,476213.04,6123098.3,1395.68,0.09,50.03,231.85,8.69,0.26,0.05,1277,133.21,165.27,iron
3,377360014,1,0,1,34.93,0.64,352.83,0.76,230.91,-51.99,56.48,-31.9,1.094,0.074,0.926,0.061,719.25,10.51,4616.46,8443.22,1.57,0.03,8377.84,60.33,31656.06,41.24,-63.41,485549.39,6130861.27,1420.14,0.16,29.75,233.37,8.71,0.26,0.05,1128,261.24,357.69,iron
4,260019837,1,0,0,36.19,0.35,330.78,0.59,250.05,-46.35,63.34,-44.48,1.09,0.072,0.922,0.059,646.58,12.35,5551.31,10728.36,1.54,0.03,-30430.74,22.7,7289.8,45.14,48.15,446826.08,6106412.66,1524.27,0.12,33.93,237.98,8.44,0.28,0.05,611,2.51,260.31,iron
3,639685338,0,0,1,66.59,0.37,130.25,0.87,119.0,-42.75,9.78,20.03,9.803,0.735,8.45,0.631,715.95,20.43,9721.61,23991.06,14.15,0.32,11239.71,370.98,-1805.59,370.38,-31.7,488494.75,6097426.62,1377.95,0.04,96.82,236.7,7.87,0.27,0.05,716,294.13,521.81,iron
4,84178272,1,1,1,43.61,0.62,336.4,1.04,261.3,2.67,132.78,-40.03,4.153,0.29,3.586,0.246,807.67,15.68,4650.24,19047.33,6.31,0.17,-21391.05,77.87,2913.95,80.27,26.24,455869.38,6102062.92,1460.36,0.12,31.95,225.2,8.2,0.3,0.05,594,637.08,650.43,proton
4,136881306,0,0,1,49.62,1.1,16.21,0.82,220.98,-9.69,97.78,-11.51,1.898,0.152,1.623,0.128,763.86,37.26,5870.49,20305.03,2.8,0.12,-18351.66,125.72,6363.62,144.56,30.52,458901.17,6105517.47,1460.82,0.12,33.3,230.12,9.32,0.26,0.05,1723,379.08,601.34,iron
4,899860579,1,0,0,55.1,0.35,65.0,0.81,161.81,-37.02,44.31,16.18,1.618,0.111,1.377,0.092,676.85,17.99,7644.53,15215.64,2.37,0.07,-23123.29,45.77,13518.08,74.8,79.65,454114.96,6112657.55,1537.67,0.12,20.1,231.17,6.79,0.23,0.04,1815,347.67,466.21,iron
4,886952184,1,0,0,32.21,0.29,124.35,0.82,166.49,-64.08,30.54,-7.36,1.24,0.09,1.053,0.075,755.04,13.58,3976.35,8722.82,1.87,0.04,-30696.12,26.59,5344.16,21.85,59.86,446565.28,6104468.6,1538.33,0.07,87.64,223.63,10.29,0.26,0.05,649,370.56,489.69,proton
2,716470238,0,0,1,29.79,0.57,65.59,0.97,199.71,-39.18,62.42,-7.49,1.061,0.075,0.898,0.062,664.06,13.51,4769.36,14475.59,1.58,0.05,17874.31,46.65,7300.15,52.93,-62.31,495101.4,6106543.74,1365.82,0.1,38.51,225.42,8.06,0.27,0.04,996,318.48,406.01,iron
2,102805846,1,0,1,27.21,0.52,59.83,0.72,205.2,-38.55,64.99,-10.98,1.428,0.101,1.218,0.085,705.25,11.42,4120.19,9888.56,2.09,0.05,13423.92,32.23,-80.85,34.15,-41.03,490672.8,6099157.11,1374.08,0.08,57.13,231.38,9.96,0.26,0.05,719,565.79,586.51,iron
2,596233072,0,0,1,31.03,0.37,28.16,1.59,198.17,-62.17,41.08,-17.3,0.871,0.071,0.733,0.059,759.68,21.4,3869.01,10863.3,1.28,0.05,11537.57,38.56,-11289.71,47.55,-45.85,488815.7,6087950.02,1374.79,0.07,91.44,227.0,10.73,0.25,0.05,544,60.69,85.91,iron
1,534911465,1,1,1,52.74,0.51,18.47,0.48,212.56,-19.28,85.41,-8.35,2.799,0.187,2.406,0.157,838.42,20.43,5738.58,17409.91,4.11,0.1,-13184.1,66.03,-15807.46,77.45,-36.48,464124.48,6083373.97,1400.01,0.15,25.06,232.22,5.91,0.23,0.04,438,319.97,652.06,proton
3,83410053,0,0,1,39.0,1.18,136.04,1.23,155.37,-64.48,26.27,-5.04,0.896,0.075,0.753,0.062,732.32,28.87,4867.96,13657.88,1.33,0.06,-6250.69,84.91,27007.89,96.99,-4.71,470940.18,6126180.97,1458.99,0.07,52.73,225.25,11.34,0.26,0.06,975,481.87,646.58,iron
3,186868271,1,0,1,49.12,0.46,132.83,0.72,141.91,-56.84,23.14,4.51,1.294,0.089,1.097,0.074,713.32,15.97,6347.37,14174.8,1.93,0.06,-5103.35,67.95,26261.85,68.72,-31.89,472089.65,6125437.52,1425.55,0.08,44.75,225.43,9.05,0.25,0.05,1089,294.67,359.46,iron
3,919398540,0,0,1,27.26,0.47,225.95,0.91,345.51,-47.25,325.67,-51.23,0.888,0.061,0.748,0.05,648.3,11.09,4838.79,10942.79,1.38,0.04,2898.89,30.31,25913.08,52.47,-71.01,480087.81,6125107.21,1385.06,0.11,38.45,215.15,9.48,0.24,0.05,1292,386.17,648.37,iron
3,552316356,0,0,1,27.06,0.38,146.38,0.84,165.02,-77.66,21.51,-17.72,0.928,0.065,0.782,0.053,695.32,12.18,4216.73,8537.9,1.38,0.03,-1198.38,27.6,28616.23,30.55,-31.24,475986.44,6127799.73,1435.13,0.08,55.19,225.29,9.41,0.25,0.05,1481,127.27,430.74,iron
2,685965479,1,0,1,47.72,0.36,320.44,0.62,263.27,-13.68,114.75,-50.67,1.981,0.139,1.697,0.117,702.24,16.2,6324.96,13389.41,2.96,0.07,7560.08,41.0,-8775.37,77.38,-29.57,484833.66,6090453.2,1380.32,0.07,72.46,227.68,9.14,0.25,0.05,514,161.69,353.46,iron
2,404257866,1,0,1,33.44,0.8,148.9,1.94,73.0,-71.2,358.12,-14.3,9.297,0.769,8.08,0.667,810.26,17.77,3550.09,24988.95,13.54,0.47,9544.55,87.37,15588.64,81.42,-50.34,486756.79,6114806.37,1374.83,0.09,40.94,237.07,9.62,0.22,0.04,1401,70.57,930.45,proton
4,771219553,0,0,1,53.17,0.84,198.67,0.87,11.69,-48.52,324.93,-33.73,2.174,0.156,1.862,0.131,804.36,31.32,6145.5,19165.71,3.26,0.12,-28859.91,169.14,-1399.82,60.07,41.69,448417.99,6097732.03,1507.14,0.08,45.89,226.35,8.95,0.25,0.05,1077,40.33,597.97,proton
3,639688928,0,0,1,17.98,0.45,320.6,0.98,282.59,-70.73,22.18,-44.9,0.91,0.065,0.768,0.053,664.2,12.84,4098.37,8217.52,1.39,0.03,-2268.87,24.09,29600.05,23.83,-13.17,474914.36,6128780.13,1453.77,0.08,61.57,219.55,9.81,0.26,0.05,1485,198.58,616.36,iron
4,607206790,1,0,1,51.62,0.37,350.41,0.32,225.92,-44.77,64.17,-27.59,5.545,0.378,4.79,0.321,739.12,14.37,6484.91,18644.9,7.86,0.15,-23314.37,53.75,26359.32,50.13,3.41,453892.57,6125487.92,1502.18,0.12,30.29,242.04,4.81,0.23,0.04,1046,201.72,202.88,iron
4,764985621,0,0,1,60.08,0.39,357.61,1.13,224.96,-17.95,91.68,-18.48,2.097,0.139,1.791,0.116,713.08,22.47,8287.95,17531.81,2.93,0.07,-30921.17,128.53,5307.0,46.55,59.86,446343.75,6104429.54,1538.32,0.1,21.13,242.06,6.47,0.27,0.04,649,78.88,418.46,iron
3,994055185,0,0,1,60.14,0.24,173.97,0.67,81.45,-70.8,359.98,-12.2,1.908,0.129,1.627,0.108,870.04,16.31,6926.57,14806.14,2.67,0.07,7876.61,103.67,21142.88,51.41,-63.04,485074.77,6120353.43,1377.3,0.08,44.1,241.36,7.66,0.28,0.05,1531,37.28,88.61,proton
2,811389985,0,0,1,47.28,0.91,63.15,0.78,202.2,-2.68,95.52,8.3,0.818,0.057,0.686,0.046,706.49,21.43,6205.06,15051.49,1.19,0.04,15037.95,102.78,4267.67,86.1,-48.11,492274.22,6103505.71,1370.15,0.12,33.63,229.19,7.57,0.25,0.04,1321,215.38,374.49,iron
3,259199496,0,0,1,42.26,0.85,17.41,0.7,244.35,21.96,137.82,-15.05,0.786,0.088,0.659,0.074,784.47,56.29,4769.5,14907.56,1.16,0.09,13647.65,62.61,27477.33,69.74,-101.15,490823.73,6126697.43,1369.04,0.1,44.2,225.3,12.17,0.26,0.06,1158,552.63,1102.11,iron
3,322679000,0,0,1,42.15,0.59,233.23,1.46,277.42,-49.96,46.48,-59.97,1.126,0.089,0.952,0.074,671.6,19.78,5924.35,20574.09,1.67,0.09,-6602.74,102.1,22516.12,106.51,-30.23,470601.52,6121689.48,1412.94,0.16,24.59,226.37,9.83,0.25,0.05,1204,185.95,246.56,iron
1,934910288,0,0,1,44.57,0.82,350.58,0.83,258.63,14.09,141.07,-30.44,0.663,0.051,0.552,0.041,899.17,23.64,4022.99,12406.95,0.99,0.04,-9936.9,64.32,-21270.28,59.97,-55.69,467379.98,6077921.21,1388.13,0.13,35.65,221.02,10.31,0.26,0.05,315,479.39,479.44,proton
1,632846782,0,0,1,28.43,0.47,78.91,0.85,195.27,-44.78,55.86,-7.44,0.748,0.052,0.627,0.042,745.3,11.61,3854.15,8004.33,1.11,0.03,-13690.1,35.2,-22604.15,36.95,-63.63,463631.95,6076578.79,1391.37,0.13,36.39,223.79,9.39,0.26,0.05,419,557.46,579.75,proton
1,579067207,1,0,1,59.66,0.7,38.03,0.54,212.58,17.5,118.38,8.18,20.286,1.719,17.634,1.497,752.37,40.13,7978.92,32279.95,28.62,0.8,-17810.63,206.77,-3938.15,138.78,9.2,459463.28,6095220.26,1432.57,0.14,25.43,244.97,6.66,0.2,0.04,1306,544.35,547.51,iron
4,579042322,1,0,1,59.42,0.65,37.3,0.96,213.29,17.52,118.71,7.58,21.076,1.69,18.327,1.471,773.35,36.26,7730.19,26504.75,29.82,0.61,-17722.65,216.81,-3846.77,172.77,9.2,459551.35,6095312.17,1432.55,0.08,44.5,243.91,6.18,0.25,0.04,1306,466.54,492.43,iron
4,274468980,1,0,1,35.52,0.38,218.73,0.75,290.96,-66.48,20.26,-49.96,1.371,0.133,1.167,0.113,551.63,31.74,6658.49,11026.98,2.03,0.13,-19849.25,26.55,13760.44,44.64,52.08,457386.74,6112906.95,1495.02,0.11,80.68,228.46,10.7,0.27,0.05,914,175.66,751.5,iron
1,58582297,0,0,1,29.56,0.45,41.23,0.73,201.75,-50.16,53.2,-13.86,0.72,0.051,0.603,0.041,642.59,13.7,5070.4,9332.59,1.07,0.03,-14216.5,32.45,-22067.82,40.02,-59.62,463103.61,6077112.61,1392.4,0.15,32.18,223.04,8.98,0.25,0.05,344,46.39,459.76,iron
3,61148322,1,0,1,36.57,0.57,210.86,0.7,258.85,-60.71,41.78,-45.28,1.082,0.074,0.915,0.06,823.02,9.53,3734.99,9026.84,1.56,0.03,-3551.54,74.6,33826.19,21.9,35.33,473625.59,6133001.45,1521.54,0.14,26.29,233.32,7.75,0.24,0.04,1551,886.38,917.96,proton
3,549046134,0,0,1,23.0,0.5,100.65,1.01,214.67,-24.34,81.61,-12.27,0.662,0.048,0.554,0.039,671.39,18.54,4272.78,8293.97,0.97,0.02,11602.68,27.67,33835.13,27.79,-73.05,488767.64,6133045.07,1422.93,0.08,65.62,227.55,9.31,0.26,0.05,1129,836.53,856.13,iron
3,231493901,0,0,1,33.14,0.54,54.76,0.77,221.88,3.02,109.66,-6.56,0.663,0.05,0.554,0.04,636.05,19.84,5434.26,10567.7,0.99,0.03,11454.57,38.5,29972.34,44.22,-91.89,488629.74,6129187.44,1391.02,0.09,52.27,222.49,10.15,0.26,0.05,1151,337.95,339.38,iron
2,234814183,1,0,1,43.88,0.16,292.2,0.84,285.52,-15.4,135.27,-70.02,2.195,0.159,1.884,0.134,788.35,12.83,4930.22,12407.89,3.26,0.08,15715.35,53.27,9438.33,31.32,-63.73,492939.09,6108674.69,1363.81,0.08,104.53,229.01,9.58,0.25,0.05,1712,426.65,435.5,iron
4,292135641,1,0,1,39.53,0.44,77.25,0.64,199.14,-17.46,81.05,3.76,2.732,0.187,2.353,0.157,723.62,9.81,5113.43,13639.24,4.04,0.09,-26094.34,52.66,23673.08,70.4,39.77,451119.72,6122799.0,1540.16,0.15,30.71,231.3,8.32,0.26,0.05,926,530.59,551.42,iron
3,817728367,0,0,1,42.21,0.44,252.89,0.64,286.75,-39.21,56.89,-71.9,0.981,0.069,0.827,0.056,796.0,16.05,4679.69,11062.75,1.42,0.04,14814.6,28.99,35548.08,53.56,-65.96,491973.02,6134767.31,1450.04,0.08,65.45,230.83,9.06,0.26,0.05,1139,39.8,102.5,proton
4,82121871,1,0,0,30.43,0.55,74.2,0.81,212.96,-12.37,91.83,-5.63,1.014,0.091,0.857,0.076,849.91,19.94,2910.75,9015.13,1.51,0.07,-24308.83,29.04,9893.4,30.89,62.97,452938.06,6109029.71,1516.73,0.06,65.95,224.51,11.65,0.26,0.06,666,238.92,253.83,proton
4,517704813,1,0,1,44.64,0.35,238.13,0.66,311.61,-52.46,0.82,-63.85,1.418,0.095,1.206,0.079,673.6,12.76,6271.16,11567.7,2.07,0.05,-29224.61,29.42,8383.76,52.88,53.96,448028.19,6107507.28,1528.13,0.21,26.84,231.2,8.15,0.28,0.05,623,315.91,362.3,iron
4,896794445,0,0,1,36.62,0.65,340.9,1.33,266.98,10.8,145.41,-38.48,1.732,0.133,1.482,0.113,749.04,16.98,4531.96,16953.97,2.65,0.1,-21681.32,65.73,4519.52,65.78,31.17,455576.51,6103666.16,1468.4,0.13,37.51,221.87,9.93,0.28,0.05,592,86.54,298.58,iron
3,902543031,0,0,1,25.38,0.47,229.29,1.5,258.77,-36.24,77.84,-51.67,0.989,0.07,0.836,0.058,686.87,14.43,4286.82,12149.9,1.42,0.04,-2333.98,43.28,26233.2,50.83,-39.91,474857.99,6125414.52,1415.63,0.12,36.46,234.21,8.41,0.24,0.04,1095,308.76,313.22,iron
2,419949237,1,1,1,20.25,0.45,271.18,0.91,267.1,-17.19,112.01,-55.49,2.87,0.211,2.479,0.179,694.54,11.31,3900.78,12083.17,4.22,0.1,10503.03,29.14,234.25,33.58,-32.63,487752.65,6099463.98,1376.66,0.07,67.05,233.12,8.76,0.25,0.05,697,288.87,408.55,iron
1,684873524,1,0,1,46.79,0.34,73.05,0.54,187.74,-22.94,70.62,9.85,2.044,0.136,1.752,0.114,735.51,12.82,5944.87,13253.8,2.76,0.06,-23496.92,42.56,-20120.11,49.56,-66.73,453825.14,6079037.78,1409.65,0.17,24.51,251.92,6.54,0.27,0.05,401,204.33,210.49,proton
3,64850730,0,0,1,29.16,0.61,251.69,1.22,272.58,-40.65,66.6,-61.61,0.66,0.046,0.552,0.037,678.37,13.64,4694.88,12128.69,0.99,0.03,-4088.22,55.15,28276.11,52.44,-2.71,473099.44,6127450.09,1464.98,0.13,38.65,220.85,7.76,0.26,0.04,1548,546.88,683.4,iron
4,513404401,1,0,1,41.02,0.33,92.94,0.55,191.71,-24.79,71.14,5.82,1.682,0.124,1.437,0.104,674.54,16.2,5875.95,10381.47,2.57,0.06,-22288.6,29.85,9827.44,38.07,58.24,454957.13,6108970.5,1506.46,0.09,71.77,221.96,9.71,0.24,0.05,672,376.59,609.72,iron
3,67841319,0,0,1,42.06,1.19,307.43,1.0,275.5,-10.89,129.74,-59.52,0.719,0.056,0.601,0.045,717.66,30.2,5516.81,13853.76,1.07,0.04,253.29,115.04,24614.18,79.83,-53.1,477446.51,6123805.35,1391.8,0.12,38.54,222.36,8.83,0.26,0.04,1294,244.28,603.85,iron
3,839812159,0,0,1,33.31,0.52,283.7,0.84,277.01,-23.64,105.55,-66.36,0.685,0.053,0.573,0.043,634.1,21.43,5546.05,10560.02,1.02,0.03,-5477.82,38.27,32542.27,45.32,48.18,471700.95,6131710.7,1535.33,0.09,54.0,223.5,10.48,0.25,0.05,1506,179.18,773.05,iron
4,531438220,1,1,1,42.94,0.51,125.27,1.04,149.72,-58.13,26.63,1.84,21.306,1.745,18.597,1.525,848.36,14.69,4258.34,27467.88,31.08,0.73,-4718.07,51.46,3368.61,90.59,2.23,472533.31,6102557.94,1404.33,0.06,106.63,237.34,8.49,0.26,0.04,825,58.94,536.84,proton
1,137363534,0,0,1,62.7,0.52,338.16,1.28,277.54,25.09,165.5,-32.33,4.707,0.348,4.046,0.295,800.41,29.73,8159.9,23833.32,6.47,0.2,-14335.0,319.75,-6059.67,89.35,0.11,462944.21,6093112.22,1418.25,0.06,45.79,248.09,8.44,0.24,0.05,176,167.13,224.58,proton
4,362282419,1,0,1,41.86,0.36,62.05,0.51,197.21,-22.13,76.1,2.96,4.459,0.331,3.853,0.282,709.78,11.89,5557.15,16122.44,6.68,0.15,-23323.91,56.31,-20.84,40.17,16.81,453948.74,6099127.23,1463.27,0.06,72.3,228.71,8.26,0.28,0.05,1276,1018.12,1019.82,iron
1,584694865,0,0,1,19.13,0.38,160.74,1.6,220.31,-64.26,41.88,-27.41,0.721,0.053,0.605,0.043,665.22,17.67,4203.27,8263.05,1.08,0.03,-9603.6,26.39,-25983.55,27.98,-74.55,467724.78,6073211.6,1384.91,0.08,76.54,222.32,9.24,0.25,0.04,330,528.7,711.8,iron
3,791112150,1,0,1,22.13,0.36,266.52,1.35,267.66,-43.94,62.81,-57.1,1.343,0.093,1.144,0.077,714.3,9.97,3790.22,10957.62,2.08,0.05,3011.43,27.33,25152.36,48.77,-63.87,480203.11,6124348.21,1386.53,0.11,38.49,218.2,8.17,0.28,0.04,1278,417.62,417.63,iron
1,367063188,0,0,1,21.39,0.4,108.54,2.01,206.01,-46.61,57.76,-14.93,0.893,0.066,0.753,0.054,719.61,13.36,3698.26,10971.73,1.34,0.04,-21522.24,36.76,-18073.67,43.65,-52.94,455792.91,6081087.16,1410.35,0.11,43.0,223.2,9.04,0.27,0.04,338,512.21,750.93,iron
2,55747543,1,1,1,44.53,0.4,46.02,0.55,221.77,16.78,121.76,0.04,3.066,0.22,2.641,0.186,802.03,12.17,4944.07,14228.96,4.9,0.12,7362.82,33.27,-176.17,62.2,-23.85,484615.85,6099046.62,1381.06,0.07,66.91,213.71,7.28,0.27,0.04,696,539.02,556.16,iron
3,61310170,0,0,1,35.17,1.03,282.51,1.08,280.36,-20.44,115.98,-68.33,0.754,0.063,0.632,0.051,735.01,28.32,4554.0,12786.91,1.12,0.05,-7982.46,52.93,31389.42,90.35,54.92,469199.74,6130556.8,1532.25,0.07,59.05,223.88,10.1,0.26,0.05,968,854.22,860.93,iron
1,162389842,1,0,1,26.39,0.71,338.9,1.08,272.99,12.93,153.07,-40.51,1.093,0.085,0.926,0.071,658.31,21.48,4706.47,9314.95,1.65,0.04,-14393.57,49.32,-19775.5,41.27,-54.75,462922.9,6079403.44,1394.73,0.08,54.81,222.81,11.13,0.26,0.05,408,22.53,640.19,iron
3,432704059,0,0,1,35.77,0.46,8.58,0.61,268.19,30.87,160.71,-23.19,0.839,0.06,0.705,0.048,649.73,15.17,5589.69,13321.69,1.28,0.05,12108.31,49.36,29179.47,46.01,-102.79,489284.31,6128395.69,1375.61,0.14,32.01,219.24,10.18,0.26,0.06,1149,56.09,335.64,iron
2,340031834,0,0,1,30.44,0.45,95.84,1.39,188.91,-46.89,51.65,-4.9,0.637,0.052,0.532,0.042,767.26,20.24,3785.84,9893.11,0.98,0.04,22129.47,29.77,3489.74,50.37,-76.87,499363.77,6102747.3,1363.0,0.18,37.87,216.24,13.32,0.26,0.06,777,34.65,688.02,iron
2,224608246,0,0,1,32.97,0.51,166.54,0.85,196.77,-75.86,27.56,-22.44,0.849,0.057,0.714,0.046,660.05,11.58,5207.58,12935.37,1.26,0.04,11981.09,66.07,-7889.63,39.7,-41.91,489250.17,6091349.1,1374.37,0.17,31.29,225.03,7.3,0.25,0.04,507,336.09,610.48,iron
3,846162679,1,0,1,52.59,0.64,226.37,0.47,299.3,-62.0,15.84,-55.05,2.799,0.196,2.406,0.165,718.92,21.39,6975.88,22694.72,4.05,0.14,3638.6,104.83,18705.55,90.24,-41.03,480846.36,6117907.21,1387.16,0.19,25.31,235.32,7.2,0.28,0.05,1439,156.94,157.49,iron
1,556805790,1,0,1,20.96,0.43,58.09,1.1,234.85,4.62,117.49,-17.13,1.281,0.086,1.091,0.071,752.76,8.04,3271.39,7231.47,1.9,0.03,-13132.9,33.63,-23447.36,27.89,-63.63,464190.58,6075736.87,1391.36,0.12,41.54,227.22,7.88,0.26,0.04,419,447.14,503.84,iron
3,716936339,0,0,1,44.75,0.71,220.75,0.98,302.09,-65.51,13.42,-51.62,0.634,0.051,0.528,0.041,727.07,25.73,5734.05,12543.07,0.88,0.04,6665.93,80.2,25887.76,65.73,-78.08,483852.07,6125091.06,1380.06,0.1,32.14,237.03,10.03,0.23,0.05,1113,33.28,556.96,iron
2,467707776,0,0,1,44.45,0.59,176.47,0.67,196.55,-75.37,28.03,-22.2,1.16,0.081,0.982,0.066,721.3,12.3,5755.8,16311.89,1.75,0.06,11226.94,79.92,-10515.74,66.7,-41.59,488504.63,6088722.61,1375.51,0.2,26.08,223.07,7.81,0.24,0.04,521,568.17,580.21,iron
1,983507283,0,0,1,37.16,0.55,114.74,1.72,197.68,-28.72,70.65,-0.79,1.265,0.1,1.074,0.084,745.87,19.06,4653.11,17520.71,1.9,0.08,-21706.82,73.83,-12939.24,78.38,-30.9,455595.43,6086218.11,1419.9,0.15,34.36,223.97,10.16,0.27,0.05,407,340.99,527.93,iron
4,790754789,0,0,1,46.21,0.48,206.36,0.69,325.62,-74.34,4.89,-41.35,1.395,0.103,1.185,0.085,760.54,20.15,5599.99,12833.14,2.06,0.06,-20271.43,50.16,7507.79,65.3,35.98,456980.56,6106656.7,1470.78,0.07,76.39,228.75,9.52,0.26,0.05,1726,160.94,647.44,iron
2,267802021,0,0,1,41.91,0.73,198.09,0.88,239.67,-39.49,72.26,-36.8,0.674,0.054,0.563,0.044,692.02,23.84,5775.46,14414.53,0.98,0.05,11757.4,93.78,-1896.3,65.1,-36.21,489010.49,6097337.77,1376.21,0.17,27.21,228.61,10.17,0.25,0.05,722,100.95,605.05,iron
2,803718261,1,1,1,20.24,0.29,70.91,1.27,215.81,-31.04,75.69,-15.87,3.553,0.274,3.074,0.234,749.99,12.0,3302.98,13062.29,5.3,0.13,21077.73,31.34,7550.94,38.76,-81.97,498302.74,6106803.67,1359.18,0.09,42.19,230.05,8.96,0.26,0.04,782,348.57,659.53,iron
3,158307890,0,0,1,41.9,0.72,255.17,0.78,294.47,-42.81,34.37,-72.88,0.664,0.047,0.554,0.038,713.28,13.28,5544.85,10821.64,0.95,0.03,-904.61,69.11,29985.17,75.27,-22.75,476277.03,6129166.55,1449.67,0.22,22.43,231.15,8.53,0.26,0.05,1487,182.51,603.52,iron
4,548541765,1,0,1,54.59,0.79,230.51,0.88,267.78,-41.16,67.72,-57.99,1.69,0.133,1.44,0.112,718.74,35.65,7344.54,18872.53,2.48,0.12,-26670.29,144.68,3378.02,96.6,37.36,450594.6,6102512.85,1493.65,0.11,28.05,230.38,10.89,0.26,0.06,1072,43.19,226.43,iron
3,551352373,0,0,1,42.35,1.13,318.2,0.71,285.02,6.25,162.79,-52.39,1.595,0.123,1.361,0.104,830.42,27.07,4397.68,17442.68,2.35,0.09,-1547.85,99.26,19774.91,59.58,-32.14,475660.49,6118962.21,1399.36,0.09,50.53,230.08,10.08,0.25,0.05,1438,246.66,246.68,proton
1,995168201,0,0,1,71.19,0.19,257.25,0.45,319.71,-41.41,333.21,-70.17,28.558,2.522,24.727,2.19,783.13,16.79,10709.47,33180.62,41.6,0.91,15539.53,314.4,15093.78,330.11,-75.82,492747.49,6114321.65,1362.97,0.03,99.83,236.02,6.78,0.24,0.05,1477,405.51,419.58,proton
1,344387975,0,0,1,46.87,0.81,67.89,1.06,225.9,41.81,145.53,8.93,0.786,0.059,0.658,0.047,716.6,21.42,6132.02,17285.29,1.16,0.05,-16919.14,75.09,-15646.39,140.66,-39.57,460388.06,6083526.12,1404.08,0.25,24.1,225.54,8.59,0.25,0.04,414,50.39,546.62,iron
4,158756839,1,1,1,35.3,0.19,249.83,0.36,283.08,-45.29,48.71,-65.92,17.98,1.298,15.691,1.132,735.52,6.52,4608.52,9421.11,24.06,0.23,-22309.89,18.95,18556.9,16.63,64.65,454914.21,6117693.2,1530.36,0.09,79.67,258.35,7.4,0.29,0.05,694,48.6,220.69,iron
4,521367528,0,0,1,38.38,0.55,106.35,0.74,212.64,3.9,106.19,2.04,2.434,0.198,2.094,0.168,769.99,17.21,4551.76,16232.91,3.67,0.14,-15504.65,34.15,9671.75,64.56,22.68,461737.37,6108830.13,1448.38,0.07,79.33,226.4,10.32,0.26,0.05,1741,41.55,145.26,iron
1,324421072,1,0,1,41.58,0.4,337.39,0.61,284.08,19.53,169.47,-39.89,1.589,0.116,1.356,0.097,676.72,16.15,5932.42,11746.71,2.41,0.06,-16440.82,55.05,-16364.78,29.44,-39.57,460868.28,6082806.93,1404.06,0.1,58.89,223.06,9.82,0.25,0.05,414,373.68,404.74,iron
1,939187496,0,0,1,20.3,0.54,104.09,1.02,225.41,-10.16,99.29,-15.64,0.863,0.063,0.727,0.051,664.7,13.27,4288.7,7982.0,1.3,0.03,-19803.89,19.77,-21149.91,48.83,-66.62,457517.96,6078017.32,1401.28,0.13,40.85,222.58,10.39,0.25,0.05,402,260.27,462.19,iron
4,911022881,0,0,1,55.19,0.39,197.06,0.69,348.36,-83.27,7.23,-31.74,2.12,0.154,1.814,0.129,832.41,17.95,6331.24,15494.29,3.13,0.09,-20585.11,91.01,3052.67,84.77,26.24,456676.34,6102202.62,1460.31,0.06,63.12,229.71,9.0,0.26,0.05,594,5.67,49.26,proton
1,133887087,1,1,1,33.57,0.68,74.1,1.09,220.84,9.03,114.51,-2.83,3.622,0.29,3.129,0.247,778.68,16.44,3966.92,18234.67,5.29,0.17,-4548.14,56.64,-17613.8,59.55,-40.16,472755.74,6081589.29,1386.01,0.1,42.22,234.64,10.02,0.25,0.05,295,306.71,398.16,iron
3,383042772,0,0,1,34.58,0.97,141.99,1.21,229.04,7.37,116.98,-10.74,0.647,0.055,0.54,0.045,804.25,24.17,3792.95,11022.6,0.97,0.04,-669.75,71.11,24613.12,44.27,-56.72,476524.34,6123800.98,1393.18,0.07,68.74,221.37,10.48,0.26,0.05,1296,19.17,616.8,iron
4,427768243,1,0,1,41.03,0.36,262.34,0.6,288.68,-19.71,129.44,-74.98,1.863,0.135,1.595,0.114,802.1,12.32,4513.42,11740.71,2.83,0.07,-21275.9,33.06,22548.97,39.45,32.9,455937.38,6121684.99,1508.63,0.06,80.13,223.59,9.38,0.28,0.05,965,48.64,70.82,proton
2,613584844,1,1,1,38.96,0.48,200.34,0.51,249.73,-13.95,106.58,-38.85,2.648,0.179,2.281,0.151,665.09,10.08,5756.99,17346.21,3.91,0.1,8788.25,51.76,1025.89,53.31,-26.3,486036.94,6100251.06,1379.81,0.12,30.73,231.68,6.75,0.25,0.04,692,500.05,711.3,iron
1,198175206,1,0,1,26.03,0.25,206.17,1.17,247.41,-39.84,72.41,-42.77,1.145,0.089,0.971,0.074,772.96,14.35,3441.51,9725.26,1.74,0.05,-8068.81,22.85,-24296.1,27.83,-67.15,469254.25,6074902.09,1384.01,0.07,86.13,221.73,10.54,0.26,0.05,340,15.87,119.47,iron
3,462229358,1,0,1,39.28,0.32,13.24,0.51,299.42,43.8,190.18,-19.0,1.763,0.123,1.508,0.103,736.78,12.81,5024.72,10224.04,2.68,0.05,555.31,34.39,24603.04,23.47,-53.1,477747.71,6123792.5,1391.8,0.08,71.82,222.92,9.22,0.25,0.05,1294,6.27,712.97,iron
1,368539620,1,0,1,38.97,0.44,104.93,0.75,244.27,49.4,159.05,2.58,1.775,0.123,1.519,0.103,765.95,13.3,4637.25,14354.58,2.62,0.08,-16052.73,42.16,-15910.97,61.67,-34.21,461254.18,6083260.7,1404.3,0.14,28.87,230.13,8.37,0.24,0.05,448,249.26,627.2,iron
2,76224768,0,0,1,61.02,0.41,265.64,1.33,309.98,-31.06,317.1,-82.69,2.219,0.159,1.897,0.133,790.19,28.08,8032.84,18009.2,3.37,0.11,10523.79,41.39,-4362.66,176.72,-33.68,487784.85,6094868.58,1377.39,0.09,22.05,224.07,8.66,0.19,0.05,686,202.51,420.17,iron
3,568643619,1,0,1,26.79,0.38,248.75,1.08,274.85,-10.71,129.28,-58.9,2.038,0.143,1.751,0.12,771.44,10.43,3462.87,11754.51,3.0,0.06,-2244.99,38.74,26043.75,49.58,-39.91,474947.37,6125224.92,1415.64,0.1,35.53,231.99,7.69,0.24,0.04,1095,484.29,500.45,iron
4,927414264,1,0,0,45.36,0.78,246.44,1.43,284.34,-16.35,131.08,-69.68,1.018,0.093,0.858,0.078,738.29,34.3,5705.32,10918.62,1.51,0.08,-21501.53,57.1,13683.34,140.65,69.62,455733.51,6112822.9,1522.21,0.05,57.12,225.92,10.93,0.26,0.05,657,203.09,562.7,iron
1,669163814,1,1,1,35.37,0.39,262.69,1.04,283.37,-18.58,124.15,-70.09,4.266,0.358,3.688,0.306,851.59,15.36,3389.06,16405.25,6.34,0.21,-7548.19,44.76,-13369.26,37.86,-25.11,469746.66,6085822.54,1394.89,0.07,92.71,230.69,9.45,0.27,0.05,145,8.79,518.2,proton
2,483857895,0,0,1,32.87,0.89,173.2,1.22,223.43,-43.62,64.97,-25.59,0.654,0.053,0.547,0.043,614.93,22.42,5810.52,12447.0,0.97,0.05,15508.85,73.49,2367.9,72.01,-46.85,492750.02,6101609.15,1372.44,0.13,36.09,222.9,9.65,0.25,0.05,759,304.72,640.72,iron
2,890700666,0,0,1,40.02,1.08,218.42,0.9,258.2,-26.02,93.94,-50.19,0.819,0.066,0.687,0.054,701.59,27.78,5459.09,15061.52,1.23,0.06,10625.65,79.6,2169.25,105.55,-32.89,487869.78,6101397.89,1377.15,0.08,44.01,221.79,9.91,0.27,0.05,1236,665.82,745.47,iron
2,444012804,1,0,1,39.74,0.39,272.66,0.57,305.85,-12.27,203.84,-74.89,1.262,0.089,1.071,0.073,695.08,15.0,5493.04,12486.99,1.86,0.05,9707.91,29.63,-1833.24,51.67,-29.26,486963.2,6097396.3,1378.03,0.08,60.61,228.3,9.1,0.25,0.05,700,336.32,435.64,iron
3,262722524,1,0,1,36.33,0.41,85.33,0.69,282.69,62.63,183.71,1.21,2.676,0.187,2.305,0.158,754.78,9.5,4443.24,13033.91,4.01,0.09,13542.81,38.75,25006.81,39.3,-93.74,490728.37,6124228.88,1369.37,0.07,77.76,228.33,8.17,0.26,0.05,1161,169.78,367.11,iron
3,224445646,0,0,1,40.75,0.56,235.81,0.63,270.55,-26.98,95.62,-61.24,0.749,0.055,0.627,0.044,707.73,12.14,5432.61,11271.1,1.08,0.04,-2881.55,71.97,31249.24,45.45,9.69,474297.68,6130424.85,1488.94,0.18,23.45,229.65,8.94,0.25,0.05,1482,167.61,388.92,iron
2,636977432,1,0,1,24.68,0.34,137.41,0.75,256.91,31.16,152.76,-17.03,4.503,0.339,3.9,0.29,790.61,10.68,3092.52,10636.6,6.65,0.13,20567.4,22.18,5140.78,36.38,-68.75,497799.09,6104392.53,1364.78,0.11,40.87,232.83,8.65,0.23,0.04,750,581.5,726.08,iron
3,109892195,0,0,1,29.34,0.43,1.15,0.94,278.35,28.66,168.08,-29.44,0.638,0.045,0.532,0.036,639.3,14.89,5152.07,11543.01,0.94,0.03,12100.84,50.11,32237.47,34.88,-86.5,489267.76,6131451.63,1404.2,0.12,32.6,225.56,9.66,0.24,0.05,1142,500.2,711.84,iron
2,210461166,0,0,1,34.75,0.45,108.42,0.93,239.94,38.56,148.67,-1.82,0.831,0.058,0.698,0.046,651.62,12.21,5461.55,14535.15,1.2,0.04,17535.13,47.21,5643.66,70.25,-58.33,494767.18,6104886.94,1366.66,0.13,26.08,230.66,7.5,0.25,0.04,746,565.37,567.58,iron
1,519583943,0,0,1,33.09,0.5,47.1,1.23,308.55,53.53,196.24,-9.2,0.642,0.049,0.536,0.039,740.09,18.61,4295.87,11086.31,0.93,0.03,-13718.65,44.43,-19622.38,55.36,-46.15,463595.26,6079557.98,1397.45,0.11,32.51,228.53,9.61,0.25,0.05,403,546.4,689.63,iron
2,178220544,0,0,1,46.77,0.56,160.24,0.48,255.89,38.31,157.04,-11.14,1.457,0.097,1.24,0.08,828.45,17.53,4985.09,15149.93,2.14,0.06,22215.23,65.65,8393.92,42.61,-88.15,499435.01,6107649.12,1358.22,0.1,43.49,229.23,8.07,0.28,0.05,745,488.91,493.93,proton
2,47854145,0,0,1,33.22,0.38,4.06,0.86,262.95,22.89,151.32,-26.8,1.207,0.092,1.024,0.077,743.35,17.72,4303.78,11565.64,1.77,0.06,11567.05,34.77,2831.01,40.76,-32.89,488808.77,6102062.0,1377.13,0.07,82.36,229.29,10.47,0.26,0.05,1236,246.46,605.56,iron
3,34038209,0,0,1,31.11,0.47,189.14,1.07,249.93,-2.94,118.83,-33.93,0.857,0.073,0.721,0.06,820.83,19.96,3316.38,10756.54,1.25,0.06,13265.18,31.45,28765.08,38.39,-108.19,490440.0,6127984.23,1373.24,0.07,80.87,229.12,9.94,0.25,0.05,1143,527.98,623.97,proton
1,679673834,0,0,1,36.12,0.83,335.93,0.95,314.43,19.94,207.38,-41.64,0.711,0.055,0.595,0.044,802.33,18.25,3976.52,12829.98,1.08,0.04,-7944.24,50.56,-22512.55,52.9,-56.23,469372.1,6076685.69,1385.61,0.12,43.81,219.29,9.99,0.26,0.05,311,684.7,841.85,proton
2,98334809,1,0,1,24.2,0.4,194.71,1.29,273.62,16.67,156.46,-37.78,2.219,0.163,1.91,0.138,730.04,11.25,3766.74,12294.25,3.43,0.09,12796.13,45.64,-11325.72,40.1,-50.35,490073.22,6087917.09,1373.13,0.11,40.89,220.91,9.25,0.29,0.05,564,158.35,277.42,iron
1,344841435,0,0,1,48.22,0.69,112.87,0.61,219.02,33.66,135.67,10.04,1.167,0.083,0.987,0.068,691.84,20.27,6583.21,18053.74,1.67,0.06,-14468.55,87.2,-15401.59,90.12,-34.05,462835.85,6083774.82,1400.82,0.16,27.42,234.09,7.51,0.26,0.04,436,224.64,235.71,iron
2,258066059,0,0,1,42.77,0.63,80.53,0.73,257.58,63.16,173.97,7.15,0.774,0.061,0.648,0.05,750.43,21.86,5225.85,16886.11,1.1,0.06,15624.83,66.3,7313.68,70.47,-58.07,492853.61,6106552.7,1365.84,0.14,30.29,233.97,9.98,0.26,0.05,1693,166.76,713.22,iron
3,336156407,1,0,1,40.67,0.38,170.56,0.55,256.97,26.69,149.62,-20.36,1.44,0.098,1.226,0.082,733.48,12.16,5147.56,11956.5,2.24,0.06,3474.92,48.11,23445.93,29.94,-60.57,480669.27,6122644.18,1385.18,0.08,55.3,217.76,8.63,0.24,0.05,1310,102.21,434.94,iron
1,863836947,0,0,1,47.84,0.52,311.37,0.7,336.93,-17.89,273.63,-57.38,1.117,0.082,0.944,0.068,759.03,19.75,5821.84,13931.67,1.6,0.06,-9632.9,70.11,-17558.79,63.57,-41.15,467674.81,6081630.3,1391.58,0.08,51.08,233.65,9.79,0.25,0.05,199,219.89,522.52,iron
4,714429850,0,0,1,65.49,0.67,52.59,2.0,30.23,55.09,230.47,20.48,1.602,0.178,1.357,0.152,740.31,49.08,9435.91,16161.52,2.35,0.16,-30510.22,509.55,-6539.86,415.58,-3.91,446787.07,6092598.24,1476.49,0.04,72.66,229.15,11.74,0.26,0.06,978,416.97,430.93,iron
2,764717126,1,1,1,54.35,0.38,83.93,0.78,20.44,63.57,220.19,18.82,2.514,0.171,2.158,0.143,701.62,15.92,7456.17,16717.74,3.94,0.09,7145.17,34.52,-5501.42,125.9,-27.39,484411.37,6093724.35,1379.5,0.08,42.2,217.0,6.07,0.27,0.04,549,338.08,338.13,iron
2,65788433,0,0,1,33.23,0.38,80.97,1.14,262.21,53.14,169.8,-2.28,0.978,0.069,0.825,0.057,742.24,12.75,4322.72,13489.14,1.46,0.05,23522.49,40.23,6378.58,60.84,-89.97,500748.84,6105638.18,1357.56,0.12,29.86,224.5,8.58,0.26,0.05,774,41.54,431.89,iron
1,677639419,0,0,1,43.17,0.5,33.44,0.9,17.37,14.7,262.59,-6.62,1.16,0.082,0.981,0.067,766.45,15.54,5131.79,16083.15,1.69,0.06,-10095.53,70.38,-18071.55,75.15,-41.15,467212.14,6081117.21,1391.57,0.17,25.23,230.45,8.77,0.26,0.05,199,303.8,380.78,proton
2,833521632,0,0,1,29.68,0.48,212.85,1.53,272.96,5.87,147.11,-46.07,0.727,0.057,0.609,0.046,666.94,25.05,4873.57,10702.37,1.08,0.04,27112.84,58.69,5786.02,40.77,-106.21,504337.91,6105054.06,1355.0,0.07,84.4,223.83,10.3,0.26,0.05,748,339.92,353.7,iron
1,403583503,0,0,1,46.02,0.42,120.36,0.55,243.83,54.27,162.61,5.93,0.69,0.047,0.576,0.038,751.26,15.48,5690.05,11652.5,1.01,0.03,-15594.95,38.38,-20300.47,49.32,-54.75,461723.44,6078874.47,1394.76,0.17,24.6,225.51,8.67,0.27,0.05,408,667.11,823.58,proton
1,310161467,1,0,1,47.58,0.45,175.8,0.61,251.15,21.38,141.61,-20.27,2.156,0.155,1.849,0.131,753.31,16.34,5893.07,15261.58,3.19,0.09,-16528.75,81.92,-13445.23,35.43,-30.78,460769.84,6085725.11,1406.69,0.08,47.57,229.26,8.23,0.29,0.05,435,234.58,474.07,iron
2,81198660,0,0,1,36.19,0.5,4.36,0.68,351.37,17.27,245.12,-25.37,0.826,0.061,0.694,0.049,787.87,14.51,4126.36,11576.71,1.24,0.04,19619.97,45.34,6412.55,35.55,-68.75,496848.61,6105661.66,1364.79,0.08,55.48,222.14,8.7,0.28,0.05,750,110.35,864.59,iron
3,559501279,1,0,1,29.4,0.39,9.37,1.07,349.46,18.7,242.58,-25.71,1.791,0.125,1.535,0.105,666.96,10.7,4851.55,15354.62,2.74,0.08,16351.78,50.2,31674.08,42.78,-102.83,493519.54,6130899.44,1398.15,0.11,37.1,221.7,8.04,0.27,0.04,1556,54.97,542.74,iron
2,639923645,1,1,1,39.57,0.31,305.15,0.44,297.26,1.82,181.26,-60.53,3.194,0.217,2.755,0.183,822.0,9.76,4120.99,10981.7,4.67,0.08,11396.11,26.63,-8592.51,30.59,-41.24,488667.66,6090644.81,1375.24,0.08,59.84,234.05,6.8,0.27,0.04,541,129.92,191.7,proton
4,249480151,1,0,1,28.99,0.34,121.54,0.71,238.43,23.92,136.07,-9.51,1.348,0.101,1.147,0.085,742.28,13.34,3930.66,7748.27,2.07,0.04,-23795.95,22.07,14427.55,21.55,80.77,453439.32,6113562.5,1541.62,0.07,73.89,219.96,11.68,0.26,0.06,1775,339.04,393.2,iron
2,704833427,1,0,1,30.7,0.46,350.12,0.58,351.53,2.61,258.34,-34.55,1.45,0.1,1.237,0.083,656.26,12.1,5016.84,11638.37,2.18,0.05,22227.02,40.47,6412.53,27.33,-83.17,499454.1,6105668.17,1358.98,0.08,58.99,225.29,8.9,0.25,0.05,741,90.31,473.96,iron
2,494727988,0,0,1,36.69,0.75,49.62,0.71,272.76,53.56,175.42,-5.17,1.043,0.083,0.881,0.069,775.61,20.85,4316.4,14001.88,1.52,0.07,15520.89,56.76,6500.01,49.38,-58.26,492752.66,6105739.88,1365.93,0.11,48.32,229.28,10.35,0.27,0.05,1003,604.57,606.16,iron
3,831055054,1,0,1,51.23,0.51,208.15,0.89,250.96,-17.62,102.73,-41.35,1.183,0.081,1.001,0.067,663.37,19.41,7360.25,14889.56,1.7,0.05,5769.79,100.94,25412.04,48.54,-70.55,482960.29,6124615.25,1381.79,0.09,27.91,233.34,8.46,0.24,0.05,1360,102.76,210.32,iron
2,388158402,1,1,1,42.34,0.45,191.04,0.68,271.99,22.4,158.71,-32.13,6.376,0.444,5.521,0.38,796.51,11.66,4668.58,19041.54,9.13,0.16,6335.23,74.5,207.14,54.62,-20.49,483587.33,6099426.6,1382.81,0.14,28.92,240.18,5.6,0.22,0.03,1320,172.41,175.84,proton
4,936661761,1,0,1,40.75,0.32,129.59,0.51,316.83,60.79,199.59,-1.35,1.816,0.121,1.554,0.101,827.88,10.0,4147.64,9565.93,2.68,0.05,-23192.66,28.02,19020.09,29.27,74.85,454030.49,6118154.0,1545.95,0.07,59.24,230.43,7.28,0.26,0.04,689,90.61,516.73,proton
1,488069497,1,0,1,27.46,0.41,217.28,0.79,272.17,2.78,143.25,-47.88,1.344,0.098,1.145,0.082,760.51,12.82,3569.04,9252.4,1.99,0.05,-19136.85,29.03,-17826.62,24.33,-48.15,458176.48,6081339.67,1405.33,0.07,71.66,227.98,9.58,0.25,0.05,369,35.99,129.3,iron
4,236862658,0,0,1,69.93,0.35,170.58,0.84,224.01,12.14,118.73,-4.09,6.943,0.534,5.956,0.454,788.6,25.24,10170.03,20580.75,10.27,0.22,6406.43,479.7,22731.58,379.81,-64.97,483601.86,6121937.46,1378.97,0.05,106.43,230.14,9.79,0.25,0.05,1399,264.46,287.77,iron
2,275680834,0,0,1,34.86,0.22,240.83,1.04,300.25,1.02,187.18,-61.73,1.668,0.126,1.426,0.106,708.73,17.3,4719.78,12089.15,2.46,0.07,28495.09,42.82,7484.15,31.86,-112.24,505716.27,6106756.25,1353.58,0.08,96.11,230.04,10.59,0.25,0.05,680,6.25,576.95,iron
1,736306163,1,0,1,21.33,0.39,289.35,1.08,332.54,-6.37,251.84,-55.05,1.114,0.084,0.944,0.069,758.8,13.87,3208.68,8335.75,1.64,0.04,-13794.68,23.52,-19898.83,24.18,-52.62,463520.59,6079282.12,1393.51,0.07,72.79,228.12,10.28,0.26,0.05,333,704.97,705.01,iron
2,932377116,1,0,1,34.98,0.39,56.07,0.62,18.24,16.72,261.25,-4.88,1.58,0.112,1.349,0.094,698.07,15.15,4963.73,12251.29,2.27,0.06,8913.66,25.63,-3774.18,45.9,-26.14,486174.11,6095453.94,1380.62,0.08,71.78,235.34,9.23,0.25,0.05,674,245.68,429.71,iron
3,374755122,0,0,1,44.11,0.39,290.99,0.58,323.22,-21.64,270.72,-70.75,0.879,0.06,0.739,0.048,723.06,15.14,5737.85,11652.9,1.27,0.04,-2226.05,41.16,28794.79,41.29,-13.17,474960.23,6127973.8,1453.75,0.14,32.23,231.14,8.45,0.25,0.05,1485,319.22,341.98,iron
2,365847456,0,0,1,45.2,0.47,251.48,0.55,304.42,-10.2,197.87,-73.01,0.84,0.057,0.705,0.046,684.98,15.92,6292.57,12620.75,1.26,0.04,14469.75,51.09,-7663.75,46.94,-46.99,491737.35,6091582.63,1372.4,0.16,24.37,222.63,8.13,0.26,0.04,766,380.13,658.32,iron
1,922869197,0,0,1,45.94,0.44,345.18,0.59,339.11,17.03,235.51,-33.59,0.974,0.064,0.821,0.052,833.46,11.76,4882.7,10257.93,1.43,0.04,-12089.09,60.68,-24833.04,29.83,-69.06,465236.03,6074355.63,1389.29,0.27,21.09,226.62,7.28,0.28,0.05,434,588.11,600.62,proton
4,848277613,1,0,1,45.66,0.64,233.06,0.58,289.49,-0.55,164.74,-60.45,1.392,0.101,1.183,0.084,742.86,11.24,5733.95,13568.6,2.2,0.07,-34916.62,52.3,6749.61,117.38,62.77,442344.74,6105861.28,1561.84,0.24,22.99,213.39,8.82,0.25,0.05,625,47.35,212.5,iron
2,381612996,1,0,1,34.58,0.56,126.97,1.37,223.83,7.82,114.85,-6.0,1.708,0.12,1.461,0.101,761.33,11.99,4261.01,14228.0,2.71,0.08,11550.25,66.03,1889.76,59.87,-34.82,488795.02,6101121.39,1376.0,0.15,35.79,213.51,8.68,0.26,0.04,723,104.41,163.06,iron
4,420813989,1,0,0,37.69,0.44,322.3,0.84,340.25,-7.41,260.69,-49.53,1.12,0.088,0.948,0.074,917.83,15.58,3037.67,7782.22,1.66,0.05,-26021.54,41.19,19316.86,34.04,95.35,451203.39,6118442.78,1578.31,0.08,41.88,226.27,9.68,0.25,0.05,703,134.69,848.29,proton
4,863344944,1,0,1,38.58,0.41,344.71,0.51,297.19,26.83,186.54,-35.76,1.918,0.129,1.644,0.108,761.7,8.05,4609.92,10601.52,2.86,0.06,-24289.96,61.78,13527.83,22.37,78.27,452945.92,6112662.56,1536.27,0.2,22.25,227.69,7.56,0.27,0.05,635,97.04,540.49,proton
2,959136770,0,0,1,41.25,0.53,11.29,0.8,292.03,43.01,184.44,-19.15,0.891,0.065,0.749,0.053,735.92,18.14,5183.3,11017.56,1.32,0.04,20521.31,59.1,4785.28,40.54,-70.09,497753.4,6104037.66,1364.73,0.09,46.42,225.66,9.43,0.25,0.05,751,46.61,518.18,iron
1,31541850,0,0,1,31.14,0.85,27.85,1.17,293.01,44.9,185.51,-17.41,0.787,0.064,0.661,0.052,661.29,27.79,5011.7,10436.97,1.16,0.04,-20395.69,70.2,-18535.28,50.23,-54.37,456920.08,6080628.17,1405.17,0.08,48.87,226.66,10.89,0.26,0.05,318,284.22,648.94,iron
2,548581441,1,0,1,35.95,0.44,76.11,0.62,354.12,50.6,222.5,-0.1,1.034,0.07,0.874,0.057,765.3,11.03,4271.7,9694.04,1.63,0.04,15302.04,35.62,460.03,33.17,-45.4,492548.18,6099702.07,1373.13,0.11,40.82,212.37,9.06,0.27,0.05,731,1.67,100.19,iron
1,375532363,1,0,1,39.27,0.41,52.36,0.67,14.7,27.04,250.71,-2.33,2.007,0.139,1.722,0.117,709.43,12.43,5196.52,14690.27,2.88,0.08,-8276.18,61.33,-21811.94,47.61,-56.23,469040.07,6077383.52,1385.56,0.14,26.43,237.28,8.45,0.26,0.05,311,16.52,308.33,iron
1,776638183,0,0,1,37.86,0.78,96.53,0.77,18.34,30.59,249.34,2.23,1.065,0.083,0.9,0.068,737.03,20.48,4768.44,14194.91,1.6,0.07,-7214.5,55.19,-21106.44,64.67,-49.74,470100.04,6078090.06,1386.94,0.1,46.02,222.79,9.61,0.26,0.05,312,528.89,600.38,proton
1,31114152,0,0,1,45.18,0.48,127.23,0.55,12.61,39.51,239.28,2.96,0.822,0.057,0.689,0.046,836.09,16.63,4664.53,11032.26,1.18,0.04,-15893.73,40.01,-19375.55,48.13,-49.04,461422.83,6079798.06,1398.06,0.13,27.9,232.39,9.02,0.25,0.05,405,263.9,584.86,proton
2,815239508,0,0,1,28.78,0.68,81.94,1.64,250.7,40.69,155.74,-6.66,0.654,0.056,0.546,0.046,876.91,21.25,2577.99,9185.5,0.97,0.04,18743.78,35.0,3317.98,53.75,-60.43,495980.51,6102566.13,1366.75,0.1,43.97,222.85,10.66,0.26,0.05,761,435.01,449.98,proton
1,231989085,0,0,1,22.75,0.49,36.92,0.97,299.86,42.6,190.45,-20.21,0.729,0.063,0.611,0.052,826.57,18.93,2655.02,8016.99,1.06,0.05,-22622.11,25.39,-20827.8,28.18,-64.28,454699.77,6078330.6,1406.75,0.07,56.97,228.76,10.76,0.25,0.05,399,599.42,626.54,proton
2,855186459,0,0,1,61.21,0.36,89.46,1.09,220.26,82.1,184.15,25.85,2.008,0.143,1.713,0.12,832.55,23.23,7618.14,16235.45,2.99,0.09,7329.49,107.6,-11199.22,185.66,-34.24,484609.86,6088029.64,1379.74,0.06,50.98,227.08,9.61,0.26,0.05,534,6.47,238.76,iron
4,707464537,1,0,1,39.29,0.56,327.65,0.9,332.98,5.5,239.05,-46.31,2.343,0.168,2.014,0.142,813.29,13.11,4208.74,15370.06,3.52,0.1,-25796.81,54.42,3321.78,63.75,31.92,451465.54,6102459.67,1482.21,0.11,33.42,226.81,8.29,0.26,0.04,1339,436.9,544.99,iron
2,561367815,1,0,1,41.58,0.43,71.25,0.73,346.69,60.64,212.75,4.72,1.507,0.108,1.285,0.09,659.52,15.4,6083.48,15957.68,2.13,0.08,27426.97,58.84,4825.2,74.19,-106.21,504654.91,6104095.38,1355.03,0.15,22.93,238.75,9.8,0.27,0.06,748,403.01,583.29,iron
1,626178982,1,0,1,42.4,0.63,17.7,0.81,357.69,26.15,242.25,-15.07,12.678,1.012,11.028,0.879,758.74,15.25,5102.87,24468.48,17.89,0.43,-5003.43,79.56,-10511.71,75.05,-13.88,472281.55,6088685.42,1395.34,0.12,28.89,244.61,6.97,0.25,0.04,113,282.06,770.76,iron
2,626160913,0,0,1,41.4,0.22,20.92,1.26,357.05,28.45,240.09,-13.97,11.096,0.938,9.644,0.815,726.95,12.1,5313.79,23985.73,16.68,0.5,-4760.83,38.32,-10628.83,101.16,-13.88,472524.34,6088568.93,1395.32,0.07,108.3,229.39,8.87,0.25,0.05,113,527.15,734.08,iron
4,915705965,1,0,1,45.08,0.48,46.38,0.72,15.46,31.91,246.93,0.81,1.99,0.139,1.705,0.117,695.9,10.84,6095.65,17264.69,2.9,0.09,-22264.53,95.85,22430.46,80.66,40.44,454951.47,6121566.17,1521.37,0.18,20.99,233.22,7.58,0.29,0.04,963,460.92,547.42,iron
4,329168395,0,1,1,48.11,0.55,84.41,0.71,235.62,59.73,164.38,12.75,2.949,0.218,2.538,0.184,735.02,17.39,6013.32,17179.55,4.37,0.13,-15997.46,59.69,7128.92,105.27,17.53,461250.95,6106286.13,1439.89,0.06,66.97,230.31,8.62,0.26,0.05,1721,90.23,638.87,iron
1,306200366,0,0,1,28.3,0.59,91.53,1.09,335.72,50.49,213.18,-7.13,0.777,0.057,0.652,0.047,707.32,16.44,4193.4,10966.83,1.16,0.04,-12049.24,42.67,-20089.41,44.85,-52.49,465265.44,6079096.16,1390.71,0.1,41.61,222.18,9.93,0.26,0.05,332,402.95,414.61,iron
1,371165122,0,0,1,39.64,0.47,330.12,0.61,355.59,-37.42,309.82,-44.9,0.917,0.063,0.772,0.051,781.02,11.47,4457.06,10634.16,1.39,0.04,-10155.95,54.21,-26387.08,29.45,-81.83,467174.08,6072806.66,1381.79,0.13,26.21,220.8,8.28,0.26,0.05,325,464.96,650.43,iron
1,829033873,0,0,1,18.47,0.47,135.99,1.37,258.36,25.96,150.07,-21.74,0.808,0.062,0.68,0.051,726.51,14.53,3418.77,8000.18,1.22,0.03,-18074.9,21.28,-20038.54,41.0,-58.14,459243.34,6079131.66,1398.85,0.09,47.37,220.85,10.65,0.26,0.05,390,370.86,445.9,iron
2,615118338,1,1,1,42.95,0.67,342.43,0.73,323.08,22.95,216.03,-36.27,3.575,0.267,3.085,0.227,795.12,19.41,4778.11,16687.81,5.28,0.14,8998.02,61.83,-16930.88,62.81,-49.71,486290.28,6082306.37,1377.42,0.08,84.37,231.77,9.97,0.25,0.05,491,480.09,501.32,iron
1,101177741,1,0,1,48.94,0.39,352.82,0.63,336.9,26.48,227.08,-27.22,1.038,0.069,0.875,0.056,782.81,15.31,5720.32,12129.26,1.51,0.05,-16075.13,57.83,-17751.98,35.67,-44.72,461236.27,6081421.93,1400.45,0.1,38.11,229.47,8.2,0.25,0.05,396,79.59,83.72,proton
4,860356997,1,0,0,43.97,0.44,337.32,0.58,347.75,-0.19,258.4,-39.26,1.016,0.068,0.857,0.055,712.7,10.39,5709.17,11312.68,1.59,0.04,-25025.14,60.89,17167.72,32.64,90.4,452204.99,6116297.43,1563.55,0.17,22.98,214.3,7.5,0.25,0.05,1776,205.27,211.92,iron
2,488000940,0,0,1,23.76,0.64,54.05,1.25,341.21,38.63,222.95,-15.13,0.647,0.048,0.541,0.039,637.97,18.05,4720.68,11669.11,0.98,0.03,19678.39,44.59,5249.68,42.39,-68.75,496910.05,6104500.0,1364.74,0.1,46.45,219.16,9.82,0.25,0.05,750,275.29,372.24,iron
2,879834560,1,0,1,39.28,0.43,154.24,0.65,279.96,47.16,177.07,-12.87,2.628,0.182,2.263,0.153,775.51,12.27,4500.35,15245.66,3.79,0.11,9018.43,58.13,-5743.32,40.86,-29.76,486284.18,6093486.52,1378.97,0.13,29.46,237.04,7.9,0.23,0.05,543,277.71,512.28,iron
2,103604976,0,0,1,41.2,0.65,121.5,0.71,303.5,64.21,193.11,1.34,0.783,0.056,0.656,0.045,686.71,17.48,5647.05,13238.01,1.17,0.04,11086.64,48.28,-7017.94,75.6,-37.99,488354.15,6092218.01,1375.55,0.1,37.88,222.87,8.88,0.25,0.05,555,242.46,417.88,iron
4,108321032,0,0,1,55.59,0.4,130.4,0.69,326.3,72.42,199.86,10.83,14.957,1.235,12.991,1.073,736.1,17.72,7230.41,25685.23,22.15,0.59,-1316.71,107.44,8214.36,171.3,-4.27,475920.11,6107409.66,1401.17,0.06,97.16,232.68,7.62,0.26,0.05,1429,52.06,186.57,iron
4,23033063,1,0,1,39.5,0.32,112.65,0.53,4.02,46.68,229.8,2.1,2.209,0.155,1.898,0.131,673.49,12.54,5604.15,10406.58,3.38,0.07,-22463.38,28.43,17127.29,33.36,75.92,454763.67,6116265.45,1540.62,0.09,56.48,222.53,9.19,0.25,0.05,713,268.85,399.28,iron
2,33090722,1,0,1,23.79,0.7,156.15,1.0,299.59,39.52,190.05,-23.28,1.124,0.082,0.953,0.068,871.49,10.8,2219.5,6381.0,1.67,0.03,16269.61,60.08,-2134.07,30.73,-50.51,493521.0,6097112.17,1372.2,0.1,37.87,226.29,8.26,0.27,0.04,742,189.55,564.45,proton
2,102821497,0,0,1,44.72,0.52,171.96,0.99,319.56,41.9,205.9,-19.29,1.402,0.119,1.192,0.101,675.48,28.26,6139.7,18887.22,2.08,0.11,8027.12,112.61,-5327.7,75.27,-25.46,485292.8,6093899.4,1381.26,0.23,28.33,227.52,10.66,0.25,0.05,645,522.6,522.64,iron
4,497435593,0,0,1,24.17,0.43,157.72,1.01,249.59,14.63,135.02,-23.51,0.816,0.061,0.686,0.05,760.28,13.96,3398.82,8598.66,1.21,0.03,-29525.83,26.79,6428.81,23.29,46.97,447732.99,6105554.25,1518.34,0.06,73.13,224.33,8.95,0.26,0.04,638,276.25,723.98,iron
4,52565283,1,0,1,27.5,0.31,272.61,0.88,297.8,-0.07,181.7,-62.49,1.636,0.119,1.4,0.1,722.66,12.6,4024.33,9562.04,2.39,0.05,-26140.23,26.74,23544.35,24.73,39.77,451073.74,6122666.09,1540.17,0.07,80.37,232.58,9.98,0.26,0.05,926,561.9,562.02,iron
1,928875481,0,0,1,46.25,1.05,78.67,0.78,316.86,72.57,197.06,10.15,0.808,0.063,0.677,0.052,631.73,26.69,6916.32,17839.16,1.21,0.06,-8469.14,121.91,-19863.57,130.92,-44.91,468842.18,6079327.7,1388.63,0.11,24.05,222.84,9.41,0.26,0.05,305,266.08,726.18,iron
4,646804477,1,0,1,55.83,0.29,41.89,0.63,28.15,25.28,258.16,7.33,1.198,0.081,1.012,0.066,909.33,18.09,5750.32,12285.13,1.6,0.05,-26289.13,60.54,5407.55,44.72,42.39,450972.06,6104543.46,1500.51,0.09,43.04,250.71,8.5,0.24,0.05,641,76.85,458.53,proton
2,826199131,1,0,1,30.02,0.46,103.37,0.84,288.27,56.08,184.7,-5.86,1.091,0.077,0.924,0.064,812.41,12.39,3322.61,9512.98,1.58,0.04,15335.38,45.06,819.74,40.86,-45.4,492580.55,6100061.55,1373.14,0.12,35.41,232.13,8.82,0.25,0.05,731,275.8,372.6,iron
1,353198435,1,0,1,51.06,0.27,349.41,0.49,2.23,-3.42,271.06,-28.74,1.592,0.103,1.356,0.085,810.25,13.39,5840.14,12473.2,2.2,0.05,-14178.45,37.44,-19336.0,34.54,-46.15,463133.73,6079844.03,1397.42,0.13,28.84,245.07,6.59,0.24,0.05,403,10.48,414.62,proton
1,753598234,1,0,1,24.44,0.52,38.02,1.14,27.0,-32.07,310.02,-18.67,1.095,0.081,0.928,0.067,705.35,14.76,4043.23,8768.29,1.65,0.05,-16821.62,25.64,-19990.27,47.78,-56.34,460495.5,6079182.95,1396.69,0.11,41.55,222.6,11.52,0.27,0.06,394,650.16,701.41,iron
4,746457835,1,0,1,32.79,0.36,43.78,0.61,290.42,51.85,185.05,-10.26,1.317,0.094,1.12,0.078,666.19,15.43,5156.25,8764.8,1.91,0.04,-27464.37,25.43,8154.28,25.25,60.73,449787.34,6107282.38,1521.73,0.09,60.05,232.82,9.44,0.26,0.05,613,661.27,759.91,iron
4,818005259,1,1,1,38.49,0.54,69.95,0.46,279.13,62.39,182.08,1.53,5.892,0.436,5.102,0.373,744.81,13.85,4837.96,17514.52,8.65,0.19,-16505.79,40.33,6936.4,60.48,24.28,460743.88,6106095.06,1450.41,0.06,59.17,233.71,7.85,0.28,0.04,1724,96.58,365.67,iron
2,724791528,1,0,0,43.31,0.44,146.36,0.6,255.61,44.46,160.99,-6.38,1.062,0.073,0.897,0.06,720.5,15.97,5662.74,12636.86,1.51,0.05,14278.54,46.59,-12078.93,46.61,-50.35,491559.85,6087166.16,1373.28,0.1,40.04,236.39,9.03,0.26,0.05,564,1019.8,1031.81,iron
1,107654179,1,0,1,59.73,0.33,15.52,1.11,36.82,-20.56,302.94,-5.95,1.755,0.119,1.494,0.099,730.11,20.49,8236.72,17302.54,2.6,0.08,-21126.75,136.23,-16854.64,53.29,-45.98,456184.94,6082305.89,1411.11,0.1,21.24,228.33,7.41,0.26,0.05,363,79.88,532.68,iron
2,984446489,1,0,1,31.18,0.34,23.04,0.52,16.2,-9.44,283.85,-19.12,3.383,0.229,2.923,0.193,690.05,8.63,4745.48,11735.01,5.3,0.1,19578.84,28.49,5761.22,34.24,-68.75,496809.5,6105010.82,1364.74,0.09,49.56,218.71,7.21,0.25,0.05,750,248.09,351.57,iron
2,493669105,0,0,1,44.23,0.76,17.66,1.17,29.11,-24.07,303.06,-13.89,0.75,0.058,0.628,0.047,683.75,26.77,6176.0,13111.37,1.1,0.04,14485.85,114.14,5806.65,84.88,-50.95,491720.87,6105043.79,1370.13,0.06,60.08,225.31,10.2,0.26,0.05,1006,460.9,743.95,iron
4,965564914,1,0,1,42.75,0.4,278.85,0.87,318.35,-30.51,300.55,-76.09,1.395,0.124,1.187,0.105,673.7,21.88,6098.26,10608.01,2.38,0.08,-26219.48,63.36,26476.77,42.42,22.11,450986.11,6125604.36,1524.39,0.08,88.92,198.4,13.67,0.2,0.06,917,813.53,1006.01,iron
4,7179155,1,0,1,45.27,0.72,359.55,0.64,29.63,-57.0,336.26,-24.23,1.703,0.129,1.454,0.108,740.77,21.16,5697.09,14621.96,2.55,0.09,-26996.24,83.07,4350.94,62.13,41.51,450267.91,6103484.02,1501.79,0.08,36.04,225.79,10.24,0.27,0.05,626,250.68,284.56,iron
2,900076619,1,1,1,43.93,0.22,300.18,0.53,312.94,-3.84,216.9,-64.83,10.394,0.738,9.027,0.638,808.77,7.38,4869.52,12817.77,15.48,0.18,21300.39,43.92,10502.15,21.8,-86.75,498518.02,6109752.28,1358.27,0.07,94.74,231.16,6.49,0.28,0.05,1709,104.22,264.85,proton
4,728049988,1,0,1,34.38,0.6,201.64,0.63,298.23,22.41,187.16,-40.25,2.352,0.188,2.023,0.16,786.31,16.58,4004.12,15386.69,3.41,0.12,-22190.52,47.5,2789.27,41.49,28.43,455072.82,6101935.41,1467.56,0.06,69.09,235.79,9.25,0.23,0.05,598,185.07,287.01,iron
4,417703253,1,0,1,49.28,0.66,337.66,0.61,5.7,-51.55,328.59,-37.61,1.379,0.099,1.171,0.082,796.37,21.19,5759.58,15541.78,1.97,0.07,-23667.36,75.94,24714.45,70.31,14.44,453540.6,6123844.02,1505.05,0.1,37.38,235.89,9.49,0.26,0.06,1036,234.49,845.96,proton
1,52082064,1,0,1,48.03,0.55,47.8,0.79,43.31,-12.09,298.36,3.51,1.047,0.074,0.883,0.061,670.28,21.15,6882.35,13122.11,1.58,0.05,-21242.62,72.22,-19935.19,54.57,-64.28,456080.55,6079230.67,1406.79,0.12,27.65,221.17,9.32,0.24,0.05,399,722.95,766.68,iron
1,198860006,0,0,1,35.32,1.0,95.14,1.02,32.07,1.23,281.37,-0.21,1.256,0.099,1.066,0.082,760.66,15.63,4346.67,14154.94,1.94,0.08,-8652.39,68.98,-19120.41,70.82,-46.05,468657.72,6080073.74,1389.45,0.1,43.49,217.57,10.83,0.26,0.05,310,499.72,778.85,iron
2,526006635,1,0,1,49.85,0.54,11.44,0.71,48.68,-56.5,339.61,-14.3,25.78,2.107,22.506,1.843,741.15,18.24,6375.92,27072.28,37.93,0.84,-1728.51,109.51,14086.35,127.97,-16.56,475495.6,6113277.39,1400.81,0.06,89.8,235.55,6.78,0.25,0.05,1362,321.77,657.73,iron
4,526055560,1,0,1,50.07,0.43,9.63,1.23,47.8,-57.82,340.61,-15.33,23.755,1.977,20.725,1.728,725.96,15.46,6569.29,36395.62,35.23,1.18,-1922.92,140.0,14236.66,138.89,-16.56,475300.48,6113426.98,1400.8,0.13,25.43,233.74,7.68,0.22,0.04,1362,487.1,488.6,iron
1,88505139,0,0,1,41.52,0.96,67.54,1.52,50.28,-23.06,311.2,3.76,2.155,0.172,1.85,0.146,728.86,22.54,5362.98,19656.77,3.21,0.16,-6281.01,114.63,-16527.01,115.4,-33.93,471021.15,6082670.9,1390.59,0.14,32.83,228.81,9.13,0.25,0.05,198,148.72,169.12,iron
2,207066078,0,0,1,27.24,0.49,74.28,0.82,259.25,43.45,162.36,-8.84,0.837,0.059,0.704,0.048,739.44,13.99,3878.33,8611.91,1.26,0.03,13689.0,30.53,-2739.24,27.96,-41.86,490944.18,6096500.69,1373.64,0.08,58.55,222.2,9.06,0.25,0.04,729,507.61,510.31,iron
2,803519635,1,1,1,54.43,0.41,13.19,0.53,13.33,13.59,261.51,-10.55,5.724,0.397,4.942,0.338,781.24,19.62,6753.01,19557.72,8.11,0.18,20399.9,102.01,11400.78,36.08,-86.66,497618.29,6110649.45,1358.24,0.1,41.63,241.8,6.22,0.24,0.04,1698,177.14,639.84,iron
1,18597375,1,1,1,30.75,0.18,207.43,1.07,314.47,17.88,208.11,-43.62,5.694,0.444,4.934,0.381,726.99,10.04,4289.9,15065.51,8.95,0.21,-4992.36,34.37,-17341.71,40.64,-41.11,472310.19,6081859.51,1386.19,0.06,90.55,218.53,8.67,0.28,0.05,202,102.44,678.75,iron
1,401328125,0,0,1,34.68,1.07,162.96,1.11,3.68,10.97,258.49,-19.89,1.171,0.09,0.993,0.075,754.61,22.27,4337.74,13955.53,1.74,0.07,-18905.59,82.11,-14522.67,57.79,-37.57,458397.7,6084642.62,1409.24,0.09,52.28,226.04,9.04,0.26,0.04,397,267.71,647.55,proton
4,177803554,1,0,0,51.61,0.43,236.13,0.8,272.4,-26.68,96.74,-62.84,1.151,0.08,0.972,0.065,677.78,18.4,7303.16,14693.45,1.66,0.05,-23652.86,69.13,8184.78,76.28,54.43,453597.93,6107323.95,1503.46,0.08,33.11,231.99,8.68,0.26,0.05,662,65.52,69.9,iron
1,851553500,1,0,1,39.44,0.4,126.16,1.08,295.04,60.99,189.04,-1.65,2.792,0.204,2.405,0.172,723.47,13.05,5150.41,18816.4,4.19,0.14,-23998.79,62.59,-13009.07,73.16,-31.09,453306.36,6086140.54,1425.08,0.14,27.4,227.52,8.59,0.26,0.05,409,487.95,598.6,iron
1,735541097,1,0,1,57.09,0.38,4.05,0.68,20.34,-9.4,285.67,-15.42,5.779,0.418,4.985,0.357,767.27,20.82,7355.97,20432.83,7.98,0.18,-22150.45,139.59,-9102.15,44.09,-10.98,455137.86,6090050.91,1430.82,0.06,47.64,247.71,7.42,0.26,0.05,1782,454.33,603.29,iron
1,273162881,1,0,1,43.05,0.85,154.35,0.71,311.75,52.04,198.36,-10.46,7.182,0.548,6.223,0.471,724.33,17.83,5544.84,23116.07,10.48,0.26,-24657.4,104.7,-8526.06,73.54,-14.02,452636.43,6090620.38,1438.53,0.12,43.14,235.51,8.53,0.26,0.05,1244,156.95,175.12,iron
4,273140351,0,0,1,42.88,0.46,155.39,0.66,311.06,51.45,198.01,-11.1,7.685,0.593,6.662,0.511,703.88,13.18,5746.74,22407.13,11.56,0.32,-24706.8,90.44,-8374.06,43.35,-14.02,452586.66,6090772.19,1438.54,0.06,83.91,228.53,7.97,0.26,0.05,1244,162.26,269.42,iron
4,654591773,1,0,0,38.57,0.51,191.96,0.54,339.27,16.63,235.96,-33.81,1.046,0.073,0.884,0.06,799.45,14.88,4235.24,11099.18,1.52,0.04,-29981.18,41.2,4675.25,31.29,57.78,447281.04,6103800.34,1531.52,0.07,52.78,230.15,8.87,0.26,0.05,624,332.64,385.16,proton
2,644341784,0,0,1,56.03,0.42,297.72,0.87,304.21,-49.89,10.74,-67.22,2.487,0.197,2.133,0.167,715.47,24.24,7628.08,16552.41,3.7,0.11,2032.94,128.61,4119.65,172.06,-7.89,479277.59,6103326.64,1393.21,0.04,88.82,228.87,11.22,0.25,0.05,1013,780.18,814.0,iron
2,427272026,1,0,1,45.34,0.21,252.78,0.46,315.0,-15.43,239.09,-73.79,7.624,0.556,6.606,0.478,724.07,11.73,5794.59,10842.25,11.56,0.14,18421.72,38.0,8387.71,23.49,-67.5,495646.1,6107632.88,1364.28,0.1,94.74,226.85,8.63,0.24,0.05,964,60.48,142.0,iron
2,945141264,0,0,1,44.49,0.63,119.26,1.06,33.72,9.61,274.64,5.06,1.018,0.077,0.858,0.063,704.11,18.66,5895.34,17387.54,1.58,0.08,13051.4,94.44,4328.95,95.97,-41.79,490289.09,6103562.94,1373.18,0.18,24.08,215.62,11.24,0.26,0.06,1009,42.3,77.47,iron
2,580387900,1,0,1,44.26,0.29,41.36,0.51,59.03,-44.13,332.69,-2.09,2.017,0.134,1.729,0.112,718.73,12.61,5709.44,10897.59,2.94,0.05,14443.56,32.35,1690.48,33.23,-41.03,491686.12,6100928.61,1374.21,0.1,52.04,233.39,7.42,0.25,0.04,719,965.85,1093.58,iron
2,118416816,0,0,1,30.96,0.34,277.71,1.7,319.66,-8.57,236.42,-65.61,0.789,0.063,0.662,0.052,641.27,28.89,5164.71,10600.93,1.17,0.04,22838.36,66.19,7372.66,27.87,-88.15,500062.62,6106628.52,1358.23,0.07,90.34,224.3,10.67,0.25,0.05,745,17.12,703.01,iron
2,602105075,0,0,1,42.7,0.61,91.25,0.94,26.54,28.54,254.57,7.51,0.947,0.071,0.797,0.059,665.65,17.73,6026.91,18405.53,1.42,0.07,26661.81,79.78,8115.57,91.05,-110.16,503881.74,6107384.37,1353.93,0.16,26.7,222.54,8.73,0.26,0.05,743,634.65,745.06,iron
4,425321541,1,0,1,36.07,0.46,333.66,0.5,357.59,-32.25,302.91,-42.75,1.761,0.117,1.507,0.098,765.14,6.91,4230.93,8804.85,2.64,0.05,-25558.79,56.05,13489.07,19.57,85.45,451678.89,6112620.64,1549.2,0.17,26.28,226.44,7.51,0.25,0.05,91,109.89,372.49,iron
3,101152137,0,0,1,43.44,0.93,23.76,1.03,44.18,-43.74,326.67,-10.95,0.759,0.061,0.635,0.049,697.74,26.77,5757.93,14025.15,1.12,0.05,9731.81,121.69,24299.87,82.61,-76.37,486919.52,6123512.21,1375.19,0.07,46.75,223.97,10.43,0.27,0.05,1532,368.87,476.55,iron
3,93997978,1,0,1,34.65,0.45,282.32,0.66,319.17,-11.23,239.8,-67.96,1.481,0.098,1.263,0.081,746.49,7.61,4330.18,10604.6,2.35,0.05,3430.91,23.2,26647.42,65.28,-71.01,480618.48,6125843.87,1385.02,0.15,26.78,213.32,7.06,0.24,0.04,1292,76.52,164.13,proton
3,597595634,1,0,1,23.07,0.58,17.43,1.0,0.45,5.56,261.4,-25.56,1.968,0.156,1.69,0.133,801.72,14.4,2885.75,11537.21,2.93,0.09,12235.22,38.44,27959.56,36.6,-97.57,489413.35,6127176.57,1373.49,0.08,47.4,228.87,8.99,0.25,0.04,1153,513.36,559.6,iron
3,151831095,0,0,1,36.8,0.61,358.41,0.89,337.53,24.86,228.65,-28.23,0.921,0.066,0.776,0.054,693.56,16.84,5183.85,16255.37,1.36,0.05,14303.4,63.59,26825.13,62.77,-101.15,491482.11,6126048.37,1368.96,0.12,34.37,226.07,9.14,0.24,0.05,1158,499.23,503.83,iron
1,505552427,0,0,1,33.62,0.6,101.71,1.08,328.59,57.87,206.18,-2.32,0.74,0.056,0.62,0.046,635.39,18.18,5564.65,13800.85,1.12,0.05,-15940.36,50.47,-16954.82,80.72,-44.72,461368.39,6082220.75,1400.5,0.13,33.4,220.39,10.45,0.26,0.05,396,84.1,696.57,iron
1,825298214,0,0,1,49.65,0.55,37.66,1.39,61.42,-42.55,332.51,0.25,1.899,0.148,1.624,0.125,714.99,20.99,6518.54,25704.3,2.72,0.13,-1545.26,137.5,-17652.33,132.46,-40.13,475757.05,6081558.43,1384.77,0.18,23.23,236.51,9.16,0.27,0.05,275,269.14,340.05,iron
4,729360709,1,1,1,45.68,0.27,211.86,0.35,339.41,0.54,250.61,-45.34,6.701,0.453,5.801,0.387,779.57,9.29,5290.67,14151.31,9.84,0.15,-21336.03,34.22,5483.6,35.54,33.68,455921.82,6104631.37,1469.59,0.07,56.56,234.37,5.13,0.2,0.04,1728,448.98,530.59,iron
1,774864244,1,0,1,25.01,0.52,143.48,0.87,307.27,44.14,196.14,-18.62,9.676,0.766,8.419,0.664,799.81,10.91,3056.41,15687.82,14.16,0.25,-18766.02,37.61,-12208.65,44.06,-26.75,458532.16,6086955.67,1414.36,0.08,44.61,236.3,8.14,0.21,0.04,667,392.54,504.45,iron
3,742323496,1,0,1,40.5,0.46,17.27,0.53,10.23,7.85,264.92,-16.15,1.09,0.075,0.921,0.061,771.81,14.52,4751.18,11311.6,1.59,0.04,10322.99,39.74,28824.67,38.48,-98.19,487502.52,6128037.1,1377.35,0.11,39.58,229.82,9.39,0.26,0.05,1152,440.04,496.69,iron
2,697202148,1,0,1,20.05,0.36,104.86,1.24,17.18,-3.78,278.99,-15.73,1.373,0.104,1.171,0.087,730.15,12.68,3488.5,8034.28,2.05,0.04,21675.85,18.48,2318.59,35.91,-73.52,498913.46,6101575.16,1363.04,0.09,42.11,227.04,10.96,0.26,0.05,769,285.47,680.19,iron
2,248758820,0,1,1,54.49,0.37,356.09,0.65,358.7,13.36,253.35,-22.45,6.112,0.446,5.278,0.381,747.62,14.97,6977.93,20254.98,9.15,0.2,1376.16,103.09,-19114.94,121.22,-47.73,478679.9,6080103.94,1380.95,0.07,93.77,229.0,7.11,0.24,0.05,272,163.98,181.49,iron
2,505743359,0,0,1,33.37,0.58,157.63,2.02,269.64,37.65,165.65,-18.09,1.623,0.129,1.387,0.109,812.15,16.59,3574.19,17551.12,2.36,0.09,8569.34,71.64,4529.67,68.79,-27.89,485809.38,6103752.11,1379.4,0.11,39.7,232.78,8.43,0.25,0.04,1718,142.92,215.04,proton
2,684615336,1,0,0,46.02,0.49,191.87,0.58,262.11,15.99,145.41,-31.45,1.492,0.101,1.27,0.084,713.59,15.0,6010.31,17331.25,2.22,0.08,9786.41,83.65,-1471.05,58.11,-29.26,487041.11,6097758.24,1378.06,0.17,23.77,226.08,7.96,0.3,0.05,700,731.08,734.01,iron
2,29744714,1,0,1,53.04,0.32,266.07,0.76,303.16,-23.56,196.21,-86.42,1.896,0.184,1.621,0.157,583.9,30.98,8487.0,15069.94,2.73,0.13,15459.77,40.89,-6675.31,46.25,-51.12,492723.7,6092570.59,1371.7,0.21,23.82,235.24,10.75,0.3,0.05,768,412.15,437.2,iron
1,559249598,1,0,1,19.16,0.49,248.07,1.21,297.4,9.71,183.81,-52.77,1.849,0.156,1.587,0.133,837.31,14.73,2348.03,9394.84,2.83,0.09,-8754.81,25.8,-25634.01,26.07,-74.26,468571.94,6073563.31,1382.98,0.06,70.04,222.03,9.81,0.27,0.05,329,77.06,97.38,proton
2,602239505,0,0,1,50.71,0.64,154.0,1.06,275.24,54.39,177.1,-5.06,0.638,0.047,0.531,0.038,615.84,26.6,7762.15,14531.31,0.91,0.04,21504.77,97.58,2805.73,70.32,-73.52,498741.53,6102061.65,1363.0,0.14,22.9,230.03,9.49,0.27,0.05,769,74.0,158.0,iron
2,981333983,0,0,1,33.45,0.25,308.8,1.17,339.65,-21.86,282.05,-56.3,1.097,0.081,0.928,0.067,736.33,17.49,4381.67,10623.84,1.62,0.05,15917.55,42.66,6018.67,31.08,-50.95,493148.62,6105259.53,1370.1,0.08,93.25,226.81,10.11,0.25,0.05,1006,657.19,674.01,iron
2,78384047,0,0,1,40.07,0.5,255.07,0.75,296.1,-10.09,170.85,-71.78,0.76,0.064,0.636,0.052,597.58,27.31,6488.93,11318.64,1.11,0.05,13884.88,42.46,-5385.57,51.24,-43.8,491146.68,6093856.76,1373.11,0.12,39.58,226.93,10.57,0.26,0.05,728,460.69,462.43,iron
4,875919916,1,0,0,36.77,0.42,88.76,0.58,355.24,52.38,221.76,1.66,1.008,0.071,0.851,0.058,707.47,13.56,4901.02,10934.8,1.47,0.04,-22579.73,37.79,17171.13,37.44,75.92,454647.98,6116308.55,1540.61,0.09,44.14,230.36,9.8,0.23,0.06,713,225.95,328.22,iron
2,279715314,0,0,1,19.06,0.66,51.73,1.31,32.73,-46.99,326.47,-19.61,0.687,0.051,0.576,0.041,674.58,14.98,4011.65,9836.83,1.06,0.03,17441.48,34.65,3354.18,36.76,-53.28,494678.65,6102599.23,1369.77,0.09,54.29,215.69,9.99,0.26,0.05,756,633.85,634.84,iron
2,671492113,0,0,1,50.0,0.92,123.95,1.36,280.53,70.09,185.32,8.55,1.459,0.116,1.241,0.097,992.89,28.9,4004.9,18833.04,2.18,0.1,8620.59,112.33,4098.68,99.6,-27.89,485861.54,6103321.68,1379.4,0.19,26.89,225.87,10.14,0.25,0.05,1718,164.73,166.55,proton
2,919244393,1,0,1,39.06,0.43,130.53,0.68,3.0,39.13,235.18,-3.25,1.031,0.07,0.871,0.057,631.61,10.69,6029.01,15071.82,1.53,0.05,13260.88,68.46,1833.16,58.83,-40.65,490504.95,6101068.89,1373.07,0.16,22.58,226.57,7.09,0.25,0.04,714,181.21,185.07,iron
4,709600326,1,0,0,43.64,0.45,75.8,0.61,48.98,-13.72,302.51,7.52,1.35,0.094,1.147,0.078,675.58,15.16,6038.25,13375.97,1.95,0.05,-20769.43,41.89,14301.12,59.5,67.19,456465.0,6113446.64,1520.23,0.08,40.46,233.77,8.91,0.26,0.05,96,335.05,749.06,iron
2,131697688,0,0,1,45.3,0.56,116.58,1.39,47.43,-13.01,301.14,6.57,1.084,0.082,0.916,0.067,928.77,18.32,3722.47,16219.97,1.57,0.07,17278.3,66.62,8277.56,94.91,-68.9,494502.28,6107522.21,1362.72,0.15,27.23,232.07,9.49,0.23,0.05,1005,739.06,1091.13,proton
4,926444538,1,0,0,37.2,0.2,91.84,1.01,20.12,27.32,252.95,1.94,1.783,0.141,1.526,0.12,839.26,15.32,3568.87,12894.74,2.64,0.09,-30109.55,39.98,833.09,22.52,50.67,447163.72,6099958.82,1519.51,0.06,99.97,229.63,9.93,0.26,0.05,1078,421.85,530.45,proton
1,982503188,1,0,1,43.62,0.39,358.34,0.72,17.89,-31.77,307.0,-25.88,1.406,0.1,1.195,0.083,703.63,13.97,5601.7,16635.41,2.05,0.09,-6084.61,87.52,-26091.0,44.15,-72.5,471239.21,6073113.28,1381.41,0.17,22.92,230.68,9.36,0.29,0.06,294,497.92,617.34,iron
4,402977427,1,0,0,50.51,0.35,345.52,0.74,13.75,-42.67,318.24,-31.61,1.25,0.085,1.059,0.07,702.99,14.94,6527.15,12374.63,1.91,0.05,-30353.61,39.65,7864.12,54.48,53.15,446907.25,6106985.32,1534.51,0.15,23.08,220.54,6.62,0.24,0.04,619,446.03,602.91,iron
1,586153134,1,0,1,24.99,0.37,134.54,0.95,12.27,4.14,269.32,-16.28,1.677,0.114,1.436,0.096,706.64,9.86,3918.99,8278.48,2.49,0.04,-13372.44,27.87,-21299.36,32.0,-59.62,463945.33,6077884.3,1392.41,0.09,54.81,228.9,8.98,0.25,0.05,344,222.88,653.36,iron
3,240786324,0,0,1,54.83,0.89,11.45,1.27,99.99,-73.09,6.22,-11.41,1.054,0.074,0.887,0.061,816.01,34.91,6217.21,16341.17,1.55,0.05,8627.41,179.91,23236.35,100.77,-76.37,485825.07,6122448.42,1375.24,0.09,38.42,227.23,8.39,0.25,0.04,1532,564.18,653.04,iron
2,713040247,1,0,1,35.1,0.43,165.6,0.53,15.92,-12.76,286.94,-20.78,1.837,0.122,1.574,0.102,715.01,10.85,4611.34,11997.87,2.85,0.07,25895.95,38.31,6115.61,32.05,-98.3,503121.7,6105380.62,1356.7,0.07,58.33,219.25,8.2,0.26,0.05,678,164.33,527.87,iron
2,854301359,1,0,1,38.51,0.35,76.25,0.6,22.99,23.61,257.46,2.39,1.357,0.098,1.154,0.081,688.74,15.71,5257.13,9927.07,2.02,0.05,12596.05,29.72,-3865.98,33.59,-40.68,489854.87,6095372.45,1373.78,0.1,58.08,226.58,9.34,0.26,0.05,717,329.44,562.5,iron
2,188837770,1,0,1,35.59,0.26,335.75,0.76,356.73,-58.28,338.28,-41.63,1.784,0.123,1.527,0.103,755.55,11.36,4207.03,9367.19,2.66,0.05,14540.49,27.08,3374.35,25.96,-46.85,491780.96,6102611.99,1372.48,0.08,91.71,227.82,9.47,0.25,0.05,759,379.89,753.44,iron
1,448753668,0,0,1,43.38,0.91,80.11,1.54,47.39,-10.95,299.31,7.56,1.846,0.161,1.579,0.137,841.24,30.03,4271.09,20482.01,2.77,0.15,-22919.09,91.95,-10138.7,89.93,-18.54,454377.48,6089015.66,1433.09,0.13,35.35,226.3,11.81,0.26,0.06,1250,613.07,785.16,proton
2,321020685,0,0,1,46.37,0.54,125.75,0.65,34.84,6.63,277.81,4.71,0.795,0.058,0.666,0.047,670.41,23.09,6328.4,14011.51,1.12,0.04,25734.04,60.18,4149.64,58.41,-93.59,502965.91,6103413.6,1357.35,0.14,34.89,235.47,8.56,0.28,0.05,771,439.78,515.18,iron
1,68034156,0,0,1,45.35,0.72,98.51,1.45,55.52,-19.84,311.11,9.6,0.758,0.06,0.634,0.049,710.7,18.53,5775.34,17063.5,1.1,0.06,-18928.97,103.73,-15242.9,128.62,-37.57,458377.57,6083922.79,1409.22,0.17,23.39,228.03,8.85,0.26,0.05,397,251.75,268.16,iron
2,811608613,0,0,1,47.55,0.5,279.15,1.02,304.98,-37.15,3.6,-79.83,1.387,0.103,1.178,0.086,735.99,20.16,5811.62,13537.27,2.08,0.06,10336.07,87.26,7341.21,84.58,-35.66,487567.79,6106567.19,1376.18,0.07,96.22,225.32,9.94,0.25,0.05,1521,365.89,366.01,iron
2,378826090,1,0,1,27.58,0.5,181.34,1.05,300.67,31.49,190.6,-31.34,1.624,0.121,1.389,0.102,751.14,14.56,3639.15,13156.87,2.42,0.08,11864.77,47.9,2254.69,42.77,-34.82,489108.77,6101486.84,1376.03,0.1,40.48,228.18,9.61,0.24,0.05,723,554.44,582.04,proton
1,717125595,1,0,1,35.65,0.43,348.95,0.53,357.62,-6.33,271.44,-34.17,2.902,0.206,2.502,0.174,719.44,10.5,4643.59,13000.24,4.5,0.09,-18435.6,44.77,-14428.14,29.71,-36.01,458868.33,6084737.9,1406.49,0.07,60.22,220.28,7.38,0.3,0.05,400,608.29,886.58,iron
2,373956033,1,0,1,32.74,0.31,200.97,0.49,317.58,20.8,210.84,-40.02,1.336,0.093,1.137,0.077,758.18,11.31,3980.24,10078.82,1.97,0.04,19806.42,25.07,5035.17,25.0,-68.75,497037.8,6104285.4,1364.75,0.08,61.18,229.33,8.7,0.25,0.05,750,172.07,538.01,iron
2,46606880,0,0,1,29.36,0.39,123.08,0.65,36.3,-28.07,309.53,-9.7,0.997,0.07,0.842,0.057,703.58,13.78,4255.27,8806.6,1.43,0.03,14250.63,29.88,-6999.18,23.51,-46.99,491516.28,6092244.52,1372.39,0.1,49.44,232.86,9.93,0.26,0.05,766,235.32,551.1,iron
3,734038570,0,0,1,63.49,0.31,124.55,0.87,62.98,-11.51,308.18,20.22,3.407,0.253,2.922,0.213,716.6,18.75,8915.82,17952.35,5.04,0.13,-596.32,231.23,12225.59,163.77,-13.85,476630.2,6111419.92,1397.74,0.04,68.56,229.77,9.88,0.27,0.05,1372,146.84,174.42,iron
3,802655643,1,0,1,20.43,0.53,273.52,1.27,330.17,-55.69,345.87,-55.35,1.27,0.103,1.081,0.087,815.12,15.35,2556.38,9008.75,1.91,0.06,10797.0,40.08,30059.21,32.1,-86.08,487971.6,6129271.44,1394.31,0.07,48.42,224.01,10.15,0.27,0.05,1359,123.46,637.08,proton
2,148627471,0,0,1,35.25,0.61,119.53,0.63,30.55,-3.29,284.7,-3.62,1.473,0.107,1.256,0.089,683.21,15.16,5025.17,14624.4,2.23,0.08,10165.85,44.62,-13111.99,53.68,-42.65,487450.1,6086123.99,1376.72,0.07,60.06,223.21,9.67,0.28,0.05,570,746.71,842.65,iron
4,872129938,1,1,1,51.42,0.27,310.34,0.51,291.33,-58.3,24.29,-57.78,2.997,0.193,2.579,0.162,781.8,11.57,6027.6,13295.68,4.23,0.07,-22995.1,42.95,18480.62,37.85,74.85,454231.91,6117612.27,1545.96,0.12,25.27,242.2,4.67,0.21,0.03,689,268.0,470.85,proton
3,653369039,0,0,1,43.41,0.4,354.49,1.0,17.76,-39.64,315.49,-28.05,1.297,0.093,1.1,0.077,778.54,14.02,4953.98,17413.22,1.95,0.08,17137.37,89.59,32863.0,58.79,-100.97,494302.63,6132089.29,1408.68,0.17,23.81,224.38,8.89,0.24,0.05,1555,107.19,423.78,iron
1,516259639,0,0,1,18.59,0.47,12.3,1.28,20.31,-63.47,342.75,-29.66,0.894,0.065,0.755,0.053,752.25,11.99,3159.98,7621.94,1.32,0.03,-11424.77,45.96,-26031.51,18.86,-75.43,465904.06,6073159.04,1386.57,0.1,42.51,227.38,9.85,0.26,0.05,300,546.91,573.8,iron
2,591709534,1,1,1,39.47,0.59,112.2,0.45,48.19,-23.38,310.48,1.95,2.904,0.207,2.503,0.175,662.9,14.14,5723.88,17941.16,4.36,0.13,5631.42,41.42,-6728.32,74.07,-22.6,482901.77,6092493.19,1382.79,0.08,46.86,227.56,7.9,0.29,0.05,454,511.54,526.71,iron
2,986553273,0,0,1,43.7,0.58,47.04,0.86,23.46,17.33,263.18,-0.23,0.694,0.051,0.58,0.041,677.63,20.11,6103.74,12724.15,1.05,0.03,12039.81,62.58,1869.43,80.64,-34.82,489283.86,6101101.7,1376.02,0.07,53.71,219.94,10.33,0.26,0.05,723,263.74,344.79,iron
3,986543329,0,0,1,44.11,0.17,25.89,0.99,48.56,-46.17,330.33,-9.38,1.933,0.155,1.655,0.131,651.64,22.76,6446.1,12026.77,2.87,0.09,-10058.15,43.63,26918.63,65.61,-30.93,467135.49,6126079.69,1432.04,0.09,104.28,229.2,10.66,0.25,0.05,986,400.55,443.18,iron
2,410633238,1,0,1,25.1,0.42,354.53,0.54,11.92,-59.15,337.73,-33.72,2.282,0.162,1.965,0.137,775.43,10.32,3299.22,10268.02,3.41,0.06,24227.34,24.64,4870.21,27.0,-91.02,501457.55,6104131.81,1358.09,0.07,54.23,228.58,8.25,0.26,0.05,732,12.91,724.62,proton
1,549706109,0,1,1,33.39,0.65,10.21,1.22,40.48,-73.5,354.94,-23.83,2.831,0.221,2.442,0.188,724.71,16.49,4488.92,19056.58,4.23,0.15,-5776.53,63.02,-15527.38,63.46,-29.74,471522.16,6083671.12,1390.82,0.1,39.88,229.45,9.66,0.23,0.05,194,192.36,387.17,iron
3,708467960,0,0,1,42.2,0.6,292.37,0.79,305.19,-48.0,8.64,-69.06,0.824,0.062,0.691,0.05,625.89,21.43,6514.37,17227.58,1.16,0.05,2548.0,68.17,22709.91,83.7,-53.27,479745.93,6121906.42,1387.35,0.14,27.2,236.36,10.23,0.28,0.06,1283,48.37,101.28,iron
2,695725666,1,0,1,32.16,0.33,104.93,1.17,63.89,-51.09,340.18,-3.86,1.773,0.121,1.518,0.102,713.26,11.39,4493.5,15603.05,2.64,0.07,18527.9,44.09,8265.53,64.71,-67.5,495752.5,6107510.46,1364.28,0.11,33.6,228.02,8.63,0.27,0.05,964,141.46,146.2,iron
2,195165447,0,0,1,66.63,0.74,210.85,2.47,350.75,-2.0,262.48,-37.82,1.343,0.156,1.131,0.132,855.18,52.49,8663.81,17192.75,1.97,0.17,28392.01,681.59,17421.71,594.95,-136.85,505590.36,6116687.8,1348.75,0.02,67.03,227.84,10.41,0.26,0.05,1629,84.21,113.19,proton
2,632727496,1,0,1,16.76,0.32,344.43,1.59,316.0,-78.8,9.66,-38.01,1.059,0.078,0.897,0.064,739.48,13.96,3222.25,7989.77,1.56,0.03,15472.96,23.36,821.72,22.94,-45.4,492717.98,6100063.85,1373.15,0.07,75.55,228.42,10.56,0.26,0.05,731,377.5,438.38,iron
4,779384669,0,0,1,70.39,0.39,246.83,1.64,278.49,-15.29,125.42,-64.4,2.354,0.195,2.001,0.164,899.49,30.05,9361.14,20302.62,3.4,0.13,-8064.41,400.23,24260.82,497.09,-32.21,469137.21,6123431.45,1418.36,0.03,57.46,233.86,10.15,0.25,0.05,1087,88.17,369.44,proton
3,300038128,0,0,1,44.78,0.49,273.62,0.91,309.64,-36.0,341.79,-79.46,0.698,0.05,0.583,0.04,666.34,16.41,6101.84,17221.51,0.99,0.04,3312.33,62.8,22947.55,103.84,-53.27,480509.24,6122147.04,1387.4,0.19,21.17,234.38,8.09,0.25,0.04,1283,711.91,778.69,iron
3,711875647,1,0,1,34.27,0.55,279.91,0.55,317.91,-45.47,343.75,-68.13,1.678,0.117,1.435,0.098,834.35,13.24,3357.26,11455.14,2.5,0.05,14488.49,38.89,34248.31,33.7,-73.22,491650.08,6133468.07,1434.03,0.08,50.97,228.3,8.05,0.23,0.04,1140,69.66,524.36,proton
3,245653115,1,1,1,30.67,0.36,151.11,0.71,17.4,-6.84,281.95,-16.91,2.549,0.174,2.196,0.146,744.73,8.51,3948.79,8231.29,3.63,0.06,-2729.62,37.53,32128.5,22.03,9.69,474449.49,6131304.51,1488.94,0.12,40.42,239.91,8.77,0.26,0.05,1482,469.58,480.35,proton
4,946524543,0,0,1,66.7,0.33,247.5,2.34,324.39,-15.93,257.89,-67.17,1.675,0.118,1.418,0.098,681.75,20.26,9973.65,20470.17,2.44,0.08,-19208.47,129.63,15151.38,356.43,59.22,458021.11,6114294.92,1507.29,0.08,25.1,230.61,8.39,0.26,0.05,920,162.57,512.23,iron
2,571742327,0,0,1,24.18,0.37,136.31,0.95,29.17,-32.6,311.25,-17.15,0.956,0.066,0.807,0.054,679.29,12.03,4210.41,10092.64,1.41,0.04,19081.0,25.87,3471.81,37.28,-63.63,496317.0,6102721.58,1366.52,0.13,39.34,227.15,9.07,0.25,0.05,793,289.1,797.89,iron
4,162205545,1,0,1,30.6,0.36,37.9,0.8,195.35,-57.51,44.7,-13.9,1.912,0.134,1.641,0.112,699.57,9.33,4352.4,8201.23,2.98,0.05,-27758.03,26.71,8468.89,31.22,67.79,449494.64,6107597.54,1533.8,0.08,57.91,218.37,9.37,0.24,0.05,612,821.46,1093.9,iron
1,817236970,1,0,1,41.05,0.29,138.84,0.52,91.53,-64.51,359.86,-4.86,2.5,0.166,2.15,0.139,697.65,10.01,5448.92,12102.04,3.57,0.07,-13853.89,33.34,-18328.67,39.05,-46.15,463456.03,6080852.45,1397.44,0.11,41.23,238.8,6.96,0.25,0.05,403,124.86,608.0,iron
3,760605300,0,1,1,48.04,0.22,121.07,0.58,75.1,-42.15,339.17,7.87,2.792,0.198,2.402,0.167,807.98,10.63,5235.3,13753.78,4.16,0.1,6082.16,56.18,17978.37,29.65,-43.03,483291.17,6117184.22,1383.12,0.07,100.44,229.0,8.55,0.27,0.05,1378,469.61,735.77,iron
1,9253050,0,0,1,34.15,0.59,25.43,1.18,153.51,-77.77,19.31,-16.46,0.83,0.062,0.697,0.051,682.42,20.05,5009.95,13421.42,1.21,0.05,-10607.02,62.41,-19854.88,62.24,-50.19,466706.75,6079334.41,1390.53,0.15,33.42,228.64,10.37,0.25,0.05,306,624.45,635.57,iron
4,646188,0,0,1,24.19,0.45,100.14,0.95,76.68,-68.11,356.93,-11.17,0.841,0.06,0.708,0.048,642.23,14.81,4728.08,9500.24,1.25,0.03,-27233.92,31.15,21483.56,35.58,71.33,449986.16,6120604.04,1562.5,0.1,45.02,224.87,9.46,0.25,0.05,1030,580.89,643.24,iron
1,116826277,1,0,1,58.84,0.75,81.45,1.01,43.46,33.85,255.28,22.89,1.77,0.129,1.507,0.108,865.25,39.28,6597.21,18180.15,2.98,0.13,-6783.73,90.08,-23810.49,157.33,-67.83,470537.48,6075392.73,1381.67,0.14,26.71,200.84,9.34,0.27,0.05,303,288.35,443.96,proton
2,150087361,0,1,1,53.48,0.98,147.55,0.72,69.94,-48.74,341.08,0.6,3.346,0.278,2.88,0.236,732.9,32.23,6811.14,28168.91,5.09,0.25,13819.71,179.44,15182.65,166.99,-62.35,491032.58,6114409.95,1368.24,0.16,20.45,224.52,7.24,0.27,0.04,1502,624.53,786.9,iron
4,941518448,1,0,1,39.58,0.17,181.82,0.77,4.78,-5.27,274.28,-27.39,2.182,0.155,1.874,0.131,778.24,9.67,4496.52,10950.4,3.34,0.07,-18882.86,20.55,14045.81,37.91,52.08,458350.68,6113193.33,1495.0,0.07,99.21,222.31,8.87,0.26,0.05,914,579.39,590.1,iron
3,188709347,0,0,1,44.61,0.97,309.8,1.02,276.1,-51.63,45.04,-58.26,0.95,0.078,0.799,0.064,668.9,27.74,6267.67,15446.96,1.39,0.06,-3232.2,129.29,24354.62,96.45,-45.13,473963.95,6123536.87,1400.17,0.07,39.34,227.79,9.57,0.25,0.05,1096,605.1,607.52,iron
3,421558327,0,0,1,63.07,0.48,189.99,1.07,12.41,-10.02,282.7,-22.74,3.361,0.257,2.882,0.217,759.06,27.34,8578.33,18361.43,4.99,0.13,29403.11,283.43,25192.3,310.19,-172.28,506577.03,6124454.29,1346.15,0.05,97.35,229.47,9.87,0.25,0.05,1677,16.52,222.76,proton
2,238975230,0,0,1,46.44,0.57,66.88,0.59,117.25,-54.26,9.51,8.46,0.776,0.054,0.649,0.043,777.52,17.58,5275.59,13719.61,1.1,0.04,17804.0,54.64,4508.58,66.04,-59.11,495038.16,6103753.72,1366.72,0.15,26.1,233.9,8.05,0.24,0.05,788,184.09,191.9,iron
4,559706316,1,0,0,42.77,0.51,273.34,0.62,296.44,-38.14,37.55,-77.72,1.002,0.068,0.845,0.056,663.66,13.25,6147.09,15013.61,1.44,0.05,-35802.8,51.35,5370.29,87.46,78.48,441462.64,6104481.15,1580.48,0.17,23.26,232.01,7.71,0.28,0.04,610,22.1,317.31,iron
1,742626600,0,0,1,38.72,0.58,37.64,1.48,204.88,-32.62,70.25,-8.1,1.053,0.081,0.89,0.067,783.79,14.89,4414.54,15365.82,1.61,0.07,-8814.33,83.02,-18744.75,79.77,-46.05,468496.11,6080449.0,1389.44,0.16,28.69,218.49,9.02,0.29,0.05,310,206.24,540.33,iron
4,268964223,0,0,1,46.49,0.56,310.88,1.03,267.62,-41.98,66.3,-57.66,1.584,0.115,1.351,0.096,712.28,15.73,6045.98,20473.89,2.36,0.1,-19274.54,100.56,6381.49,90.41,29.5,457977.23,6105533.6,1460.72,0.18,25.37,226.98,7.85,0.25,0.04,1725,474.44,552.0,iron
2,42709735,1,1,1,47.17,0.49,69.09,0.92,76.73,-40.76,339.17,9.72,2.924,0.223,2.517,0.189,823.45,19.1,5088.11,20633.51,4.24,0.18,22812.29,69.51,11687.4,97.34,-93.57,500025.03,6110939.75,1356.38,0.22,25.47,235.74,9.81,0.26,0.05,1710,644.74,749.51,proton
2,638638403,1,0,1,28.18,0.22,344.8,1.07,281.95,-78.71,17.94,-37.58,1.403,0.102,1.196,0.085,709.74,14.96,4225.89,8973.74,2.05,0.04,12765.34,23.21,-83.37,29.6,-37.21,490013.99,6099152.59,1374.82,0.08,88.59,230.9,10.33,0.26,0.05,726,258.56,585.16,iron
1,957519811,1,0,1,27.8,0.6,103.1,0.64,56.63,-52.48,338.56,-8.27,4.253,0.33,3.68,0.282,744.16,11.76,3823.59,14050.67,6.44,0.15,-4037.02,25.63,-27486.35,47.6,-81.48,473291.86,6071722.36,1376.24,0.07,64.41,226.48,8.83,0.3,0.05,350,566.27,828.3,iron
3,315328109,1,0,1,38.55,0.32,229.27,0.54,340.59,-38.67,312.76,-56.62,1.463,0.104,1.247,0.086,724.25,14.44,4996.03,11355.33,2.15,0.05,15714.87,26.17,33732.11,37.96,-80.46,492876.26,6132953.28,1430.11,0.07,75.54,230.39,9.53,0.26,0.05,1137,350.35,502.48,iron
3,346886257,0,0,1,43.48,0.47,204.34,0.64,329.79,15.02,227.84,-40.44,0.733,0.051,0.613,0.041,763.77,16.92,5170.17,11443.28,1.06,0.03,5768.41,52.16,25570.11,38.27,-70.55,482958.81,6124773.26,1381.79,0.1,40.48,228.49,8.73,0.25,0.05,1360,143.32,374.46,iron
4,242633753,0,0,1,64.58,0.45,209.5,2.27,325.16,20.59,219.43,-37.65,1.74,0.13,1.477,0.108,669.56,29.33,9795.46,21108.56,2.54,0.09,-21377.66,297.15,4729.37,285.71,31.17,455880.85,6103876.68,1468.4,0.06,32.05,230.82,9.06,0.26,0.05,592,118.88,361.62,iron
1,232630344,1,1,1,59.21,0.41,113.1,0.89,60.02,-7.0,302.45,20.29,4.34,0.325,3.734,0.276,708.05,24.35,8253.38,21122.88,6.04,0.18,-386.32,62.97,-22918.95,183.93,-62.92,476928.22,6076298.19,1378.68,0.07,46.76,245.22,8.93,0.28,0.05,317,120.49,636.14,iron
3,331939983,0,0,1,39.12,1.22,303.96,1.78,331.89,-44.75,327.82,-60.93,1.311,0.117,1.114,0.099,875.0,29.64,3610.46,16639.76,2.0,0.11,3281.27,95.68,19882.23,71.93,-44.25,480485.94,6119082.0,1387.59,0.13,42.19,220.86,10.82,0.26,0.05,1434,601.21,610.18,proton
2,78694295,0,0,1,26.7,0.57,147.08,0.76,20.35,-16.55,292.47,-18.4,0.641,0.046,0.536,0.037,672.89,16.17,4591.26,9961.55,0.97,0.03,24857.85,35.36,3678.83,32.52,-93.59,502089.43,6102943.22,1357.35,0.1,51.9,219.75,9.39,0.25,0.05,771,47.21,656.71,iron
3,120649221,0,0,1,36.28,0.72,345.23,2.28,237.69,-57.02,50.43,-35.83,0.938,0.074,0.79,0.061,738.48,18.51,4651.85,16891.03,1.42,0.06,17855.41,81.45,34606.02,92.73,-88.81,495013.89,6133833.17,1429.9,0.14,35.46,220.07,10.11,0.26,0.05,1148,383.18,595.7,iron
1,930191889,0,0,1,45.1,0.7,7.71,0.93,211.16,-50.08,55.7,-19.39,0.704,0.053,0.588,0.043,713.28,16.28,5931.45,16155.72,1.03,0.05,-7740.97,128.92,-23649.56,74.89,-67.15,469582.59,6075549.33,1384.04,0.21,22.73,227.14,8.04,0.27,0.04,340,481.54,595.59,iron
1,589245630,0,0,1,39.68,0.87,306.27,1.21,269.88,-23.42,102.52,-59.97,0.73,0.058,0.611,0.047,686.86,26.97,5544.67,11232.97,1.08,0.04,-9940.23,67.2,-22431.66,88.82,-62.32,467380.19,6076759.11,1387.22,0.07,47.51,225.15,10.68,0.26,0.05,328,233.9,542.2,iron
4,493180931,1,0,1,50.34,0.4,201.97,0.5,334.19,16.2,231.53,-37.11,2.503,0.169,2.15,0.142,723.58,14.67,6511.72,15862.29,3.67,0.09,-27850.89,72.11,2267.27,36.37,39.93,449419.61,6101400.44,1498.95,0.09,38.19,232.86,6.67,0.25,0.05,1071,191.68,636.56,iron
1,605325769,0,0,1,67.2,0.31,162.9,1.35,11.62,34.99,242.61,-0.21,1.787,0.145,1.515,0.122,683.33,25.38,10299.46,18937.85,2.58,0.09,-1860.03,263.29,-17249.95,299.3,-40.13,475438.37,6081960.49,1384.82,0.04,41.95,232.8,10.29,0.26,0.05,275,384.82,418.14,iron
1,270922656,1,0,1,29.09,0.31,303.76,0.61,265.88,-40.37,69.76,-56.78,6.789,0.475,5.891,0.408,728.97,7.36,4056.5,10152.12,10.13,0.15,-9344.51,41.36,-27993.66,17.82,-81.83,467987.04,6071205.65,1381.84,0.12,41.19,230.4,7.24,0.3,0.06,325,1057.47,1057.99,iron
1,519514928,0,0,1,27.61,0.36,208.69,1.22,355.36,-51.43,329.46,-44.02,0.901,0.069,0.759,0.057,716.03,20.49,4066.06,9040.66,1.35,0.04,-12720.94,30.74,-19068.7,26.56,-47.57,464591.89,6080114.68,1393.02,0.07,84.13,223.18,11.07,0.25,0.05,354,212.62,262.1,iron
2,600204390,1,1,1,49.1,0.26,229.85,0.55,338.39,-39.57,314.97,-58.14,3.392,0.241,2.922,0.204,839.29,13.1,5157.07,12924.2,4.89,0.11,24631.36,56.34,11018.34,34.09,-100.61,501846.21,6110278.33,1355.18,0.08,96.79,237.2,8.86,0.26,0.05,1691,151.05,216.63,proton
4,832261053,1,0,1,50.92,0.23,283.9,0.52,289.74,-28.84,91.42,-78.23,1.645,0.106,1.402,0.088,853.4,11.2,5313.28,10078.19,2.38,0.05,-23878.12,28.88,17272.98,31.27,85.19,453349.85,6116407.08,1552.27,0.1,40.6,233.18,6.61,0.26,0.05,1768,310.27,386.52,proton
4,541592660,1,0,0,40.96,0.43,340.45,0.64,3.03,-61.01,340.7,-37.87,1.006,0.07,0.849,0.057,702.67,12.24,5418.94,13164.26,1.51,0.05,-22613.83,73.96,14136.66,32.4,69.62,454618.87,6113275.6,1522.23,0.19,23.12,222.77,8.9,0.28,0.05,657,587.96,690.73,iron
2,855206815,1,1,1,40.41,0.42,140.98,0.81,16.41,17.3,259.86,-6.09,8.984,0.664,7.798,0.573,734.4,11.9,5028.78,20877.97,12.83,0.3,4626.26,81.16,71.09,59.94,-16.53,481879.76,6099286.48,1385.36,0.15,29.45,241.28,7.21,0.25,0.04,1715,372.47,421.29,iron
1,427799252,1,0,1,21.78,0.2,286.23,1.48,341.96,-32.71,301.9,-55.91,3.6,0.306,3.115,0.262,786.03,14.72,2973.34,13037.09,5.3,0.17,-23462.86,32.57,-14837.7,25.35,-42.3,453845.63,6084315.26,1419.57,0.06,82.28,233.39,9.64,0.24,0.05,377,310.06,337.01,iron
2,833797984,0,0,1,33.83,0.48,234.35,0.63,331.54,-10.14,256.13,-58.15,0.854,0.061,0.718,0.05,656.17,14.8,5222.79,9561.39,1.28,0.04,16234.36,46.01,-7979.75,31.77,-55.33,493500.9,6091269.35,1370.98,0.2,29.31,223.36,9.79,0.25,0.05,1173,531.55,630.83,iron
2,377413745,0,0,1,47.75,0.73,70.27,1.0,171.61,-38.12,49.78,10.42,0.861,0.067,0.722,0.055,782.19,25.58,5487.35,12078.29,1.27,0.05,11980.9,55.87,-1005.94,103.9,-35.85,489232.49,6098227.82,1374.79,0.09,43.29,225.19,11.31,0.26,0.06,725,16.52,377.89,iron
3,108623220,0,0,1,39.74,0.52,264.3,0.67,318.39,-35.98,320.66,-74.17,0.944,0.067,0.795,0.054,669.33,15.2,5624.56,13127.49,1.36,0.05,-5428.24,55.94,30053.76,48.86,18.66,471756.37,6129224.23,1492.94,0.12,32.28,231.88,8.53,0.27,0.05,1546,24.98,649.15,iron
2,950758241,1,0,1,40.81,0.4,70.71,0.47,89.31,-53.94,353.79,3.87,2.568,0.172,2.21,0.145,680.27,11.34,5621.36,13522.57,3.81,0.09,16175.4,41.3,3971.24,45.98,-52.92,493412.19,6103213.28,1368.94,0.13,30.08,229.9,7.16,0.28,0.05,775,117.6,262.08,iron
2,338655973,0,0,1,43.47,1.05,25.2,1.71,196.4,-49.13,52.47,-10.32,0.741,0.066,0.62,0.054,685.12,41.66,5848.11,12165.49,1.09,0.06,13340.55,143.27,3915.92,139.17,-41.79,490579.03,6103150.69,1373.2,0.05,61.57,226.46,10.56,0.26,0.05,1009,90.07,436.15,iron
4,58673154,1,0,1,44.09,0.54,110.13,0.68,148.28,-52.89,27.95,6.99,1.747,0.127,1.493,0.107,675.93,18.17,6008.64,14178.97,2.47,0.09,-18802.68,38.41,17881.01,84.05,43.27,458421.65,6117024.0,1493.49,0.07,51.72,239.63,9.95,0.28,0.06,845,407.02,501.72,iron
3,126518830,0,0,1,38.87,0.74,295.94,1.39,278.77,-41.9,59.81,-65.36,1.512,0.116,1.289,0.098,721.57,19.6,4924.04,18481.46,2.22,0.09,15614.64,82.42,25082.69,84.2,-105.29,492799.31,6124309.2,1364.75,0.14,33.65,229.8,9.09,0.25,0.05,1572,346.31,551.77,iron
2,376286518,0,0,1,39.86,0.76,209.94,1.59,338.63,-66.63,353.81,-44.85,0.957,0.071,0.806,0.058,669.04,18.46,5583.27,17229.56,1.45,0.06,12242.49,99.0,-14092.84,99.02,-51.42,489528.31,6085151.02,1374.33,0.15,29.64,220.24,8.39,0.25,0.04,513,583.77,609.98,iron
3,556453600,0,0,1,37.0,0.52,300.06,0.75,277.66,-46.54,51.88,-62.2,0.732,0.051,0.613,0.041,746.45,14.93,4549.14,12112.42,1.04,0.03,12411.0,59.24,30854.27,41.74,-86.5,489584.03,6130067.65,1404.2,0.13,32.31,233.87,8.53,0.25,0.05,1142,636.92,644.99,iron
2,742868101,0,0,1,32.0,0.61,147.24,0.72,56.2,-63.96,348.21,-14.8,0.7,0.05,0.586,0.04,708.79,12.33,4487.92,9497.02,1.04,0.03,15883.86,61.23,-651.75,45.22,-49.01,493132.07,6098592.53,1371.42,0.16,29.46,224.38,10.16,0.25,0.06,783,76.36,305.21,iron
1,751164741,0,0,1,46.44,0.57,80.94,0.59,175.1,-35.19,53.9,10.56,0.848,0.06,0.711,0.048,807.98,18.74,5046.89,13186.64,1.23,0.05,-9526.78,58.12,-22383.02,53.45,-55.69,467791.74,6076807.5,1388.15,0.15,24.48,228.78,8.33,0.26,0.05,315,471.12,521.2,iron
2,243075150,1,0,1,29.07,0.5,217.12,0.66,299.59,-69.03,14.65,-48.06,1.142,0.079,0.968,0.065,670.78,10.56,4662.58,11849.89,1.74,0.05,12575.85,38.37,759.4,38.44,-37.21,489823.06,6099994.4,1374.8,0.09,45.81,220.3,8.81,0.25,0.05,726,356.75,358.68,iron
2,409390663,1,0,1,45.5,0.56,218.33,0.64,332.54,-61.98,351.69,-50.0,1.488,0.101,1.267,0.084,718.16,15.05,5764.14,16360.31,2.17,0.07,9998.63,84.65,-6294.62,58.66,-32.64,487265.02,6092938.13,1378.27,0.18,25.02,231.8,7.77,0.28,0.05,571,169.16,177.29,iron
3,733938550,1,0,1,46.56,0.62,190.16,0.73,0.29,-2.46,269.0,-29.95,1.141,0.081,0.965,0.067,704.65,16.49,6134.87,17032.89,1.7,0.07,-6316.5,104.67,28580.45,83.01,7.47,470870.87,6127750.2,1476.31,0.21,20.93,224.88,8.19,0.25,0.05,1552,7.09,652.97,iron
4,766654849,0,0,1,50.64,0.64,171.37,0.92,26.43,-23.09,301.12,-15.76,2.09,0.165,1.791,0.14,709.44,20.69,6667.95,18276.84,3.11,0.12,-28581.66,167.25,-3240.58,61.12,19.09,448706.76,6095892.24,1478.86,0.05,62.56,228.64,9.6,0.25,0.05,1082,743.09,757.9,iron
4,556232269,1,1,1,37.29,0.29,306.65,1.41,276.92,-51.46,44.66,-58.76,11.394,0.872,9.91,0.756,775.22,10.09,4323.2,8141.63,16.05,0.33,-25696.04,64.24,18663.46,39.83,84.12,451528.87,6117792.3,1560.95,0.11,50.14,245.17,7.55,0.24,0.05,693,214.52,564.99,iron
1,291626675,0,0,1,41.87,0.75,49.46,1.5,179.57,-48.57,46.41,-1.03,1.133,0.094,0.959,0.078,662.26,23.29,6019.76,18961.28,1.66,0.09,-7244.3,123.13,-18062.28,118.39,-44.91,470064.55,6081136.76,1388.66,0.17,26.98,228.79,11.73,0.25,0.06,305,300.77,901.22,iron
1,721649562,1,1,1,27.45,0.41,81.42,0.51,157.55,-67.7,25.44,-8.28,3.143,0.219,2.715,0.185,744.79,8.87,3791.57,11204.78,4.86,0.08,-7648.59,30.11,-26067.03,27.03,-74.67,469678.34,6073131.87,1380.74,0.08,50.0,221.24,7.18,0.28,0.04,302,416.75,635.93,iron
1,439910679,1,0,1,49.1,0.4,73.28,0.92,155.14,-44.89,35.59,12.22,4.423,0.324,3.817,0.275,795.11,13.84,5610.47,22639.99,6.32,0.21,-15909.49,75.48,-9993.4,122.26,-14.21,461382.25,6089176.88,1413.99,0.22,20.54,240.58,7.89,0.17,0.04,160,258.48,266.75,iron
3,325712244,1,0,1,26.81,0.5,273.77,0.91,283.34,-51.22,39.18,-61.72,1.051,0.07,0.89,0.057,707.22,9.26,4152.48,9762.11,1.51,0.03,913.76,29.49,27227.18,61.61,-57.67,478101.62,6126415.18,1403.18,0.12,35.4,234.06,7.53,0.26,0.04,1281,13.1,537.27,iron
4,621720431,1,0,1,54.85,0.59,7.34,1.02,210.43,-37.5,67.74,-14.29,1.314,0.096,1.113,0.079,673.49,23.36,7770.94,17703.56,1.86,0.07,-27802.32,145.16,3367.76,78.99,46.7,449464.99,6102499.67,1509.46,0.09,30.13,237.41,8.71,0.27,0.05,1070,239.44,300.21,iron
3,883768538,0,0,1,51.27,0.8,308.97,1.48,267.52,-29.33,90.37,-58.84,0.826,0.071,0.692,0.058,685.0,34.79,7063.71,14398.61,1.23,0.06,-4160.16,138.94,27468.2,142.2,-18.54,473031.51,6126642.79,1443.85,0.07,36.14,223.78,10.38,0.26,0.05,1486,413.14,521.44,iron
1,446816890,0,0,1,48.41,0.83,317.39,1.48,262.77,-20.69,103.96,-52.88,0.641,0.056,0.534,0.046,684.78,39.21,6640.16,12939.98,0.94,0.05,-11167.11,122.28,-19843.95,117.01,-52.49,466148.49,6079341.75,1390.74,0.08,45.84,225.67,10.26,0.26,0.05,332,35.67,710.31,iron
3,247245649,0,0,1,45.82,1.01,245.06,0.97,311.95,-47.11,355.71,-68.8,0.717,0.08,0.599,0.067,664.45,48.62,6507.2,15623.89,1.04,0.09,-6220.5,104.92,30811.64,110.82,45.32,470963.77,6129982.38,1520.78,0.17,33.04,227.84,11.65,0.26,0.06,1549,339.92,357.77,iron
2,986090286,0,0,1,45.72,0.65,44.41,0.91,212.44,-0.11,102.53,0.39,1.043,0.08,0.879,0.066,670.15,23.63,6317.48,14157.23,1.49,0.06,14264.75,92.71,4501.99,79.63,-48.11,491501.87,6103739.32,1370.16,0.09,41.74,233.62,10.11,0.27,0.05,1321,117.29,426.25,iron
1,51127337,1,0,1,21.99,0.4,110.51,2.27,51.51,-59.8,343.34,-14.57,1.856,0.151,1.593,0.129,817.23,14.96,2642.2,10880.41,2.78,0.09,-22517.64,36.89,-17968.49,46.21,-52.94,454798.28,6081188.59,1410.31,0.11,44.24,227.22,9.5,0.26,0.05,338,396.8,409.12,iron
1,163659741,1,0,1,19.27,0.47,317.76,1.14,288.0,-69.48,20.44,-46.77,1.055,0.08,0.894,0.066,781.86,13.0,2854.62,8304.19,1.59,0.04,-10465.03,34.16,-25484.62,21.63,-74.55,466862.27,6073708.18,1384.88,0.1,49.13,223.4,9.34,0.27,0.05,330,104.73,255.84,proton
1,333761871,1,0,1,47.02,0.3,186.43,0.47,20.41,-45.87,322.84,-27.49,3.09,0.213,2.661,0.18,776.36,11.19,5414.17,12172.76,4.78,0.11,-14347.88,50.27,-15331.1,28.51,-32.36,462959.28,6083846.11,1399.34,0.09,63.62,220.93,7.47,0.23,0.05,128,755.87,811.89,iron
3,873327978,0,1,1,47.65,0.63,358.23,1.18,207.37,-71.5,33.07,-23.9,3.982,0.307,3.435,0.261,750.98,15.68,5821.06,25387.47,5.91,0.23,22811.24,129.92,28472.36,111.3,-151.08,499985.59,6127715.92,1356.2,0.18,25.07,230.72,7.66,0.26,0.04,1631,495.54,511.28,iron
3,567810154,0,0,1,20.04,0.52,312.16,1.26,301.32,-68.81,13.74,-48.31,0.724,0.053,0.608,0.042,724.9,13.05,3548.56,8428.03,1.07,0.03,9034.27,42.71,29888.63,39.6,-77.18,486210.76,6129096.18,1401.02,0.11,40.96,225.33,9.81,0.26,0.05,1369,84.25,510.09,iron
4,227241442,1,0,1,51.94,0.74,228.66,0.51,339.71,-40.36,316.01,-56.98,3.434,0.258,2.957,0.219,1026.9,30.37,4101.35,16575.72,4.84,0.14,-26984.64,72.83,1356.58,63.87,39.93,450283.7,6100489.72,1498.95,0.13,46.06,242.42,10.18,0.25,0.06,1071,164.09,591.44,proton
4,778970120,1,0,0,35.71,0.51,355.07,0.62,233.9,-31.28,80.85,-30.6,1.082,0.075,0.915,0.061,649.88,12.32,5517.81,13402.76,1.63,0.05,-25566.11,44.43,6305.88,45.47,42.93,451688.88,6105441.5,1494.96,0.11,33.23,222.84,8.71,0.24,0.05,629,5.86,689.82,iron
2,309575990,0,0,1,37.11,0.76,103.64,0.56,62.63,-42.34,332.91,1.07,0.684,0.048,0.571,0.038,886.61,9.71,3249.91,7281.04,0.99,0.02,21081.3,16.15,914.15,81.05,-64.97,498322.56,6100171.03,1370.86,0.2,24.5,229.67,8.41,0.24,0.05,673,241.94,499.07,proton
3,867151228,0,0,1,48.77,0.59,18.94,0.68,217.85,-13.08,93.31,-10.23,1.379,0.104,1.171,0.087,686.53,22.0,6677.62,20615.1,2.04,0.1,17831.76,113.34,33319.32,72.68,-100.97,494991.06,6132546.27,1408.67,0.23,22.27,228.37,8.99,0.25,0.05,1555,398.17,406.67,iron
2,475624584,1,0,0,43.93,0.48,213.94,0.69,351.78,-28.7,296.81,-47.12,1.313,0.094,1.115,0.078,698.65,13.99,5972.36,17308.75,1.93,0.08,12967.9,85.36,-13452.1,86.07,-51.91,490252.81,6085794.08,1372.59,0.2,20.93,229.43,8.62,0.28,0.05,547,1025.35,1056.12,iron
1,97632712,0,0,1,36.91,0.52,17.92,0.58,205.91,-55.43,49.24,-18.28,0.723,0.05,0.605,0.04,695.8,11.42,5206.69,10482.48,1.08,0.03,-11254.73,65.69,-26389.41,22.89,-81.62,466076.39,6072802.2,1384.44,0.21,24.36,222.81,8.92,0.26,0.05,337,481.19,532.99,iron
3,669899111,0,0,1,42.33,0.82,139.58,0.95,167.75,-59.04,34.17,-3.8,0.66,0.051,0.551,0.041,761.99,20.26,5102.8,11592.72,0.96,0.04,-4175.23,67.6,28768.52,77.67,-2.71,473011.03,6127944.54,1464.94,0.09,41.5,226.33,10.14,0.26,0.05,1548,110.88,292.97,proton
3,91372368,1,0,1,36.71,0.55,298.85,0.53,274.99,-17.89,116.71,-62.65,2.029,0.146,1.741,0.123,722.25,15.22,4891.72,14284.53,3.0,0.1,16151.26,43.05,35872.84,54.27,-76.8,493307.18,6135096.07,1442.82,0.1,41.65,230.4,8.82,0.27,0.05,1146,321.6,322.84,iron
4,55732114,1,0,1,30.51,0.41,292.76,0.69,301.44,-55.61,14.63,-61.49,1.309,0.09,1.113,0.075,668.47,10.53,4936.1,10863.06,1.98,0.04,-23958.47,40.42,11261.97,31.23,68.22,453284.38,6110399.46,1521.23,0.12,36.03,222.56,9.03,0.27,0.05,653,170.36,443.11,iron
2,746948261,0,0,1,45.66,0.78,113.89,0.76,161.52,-47.71,37.9,7.51,0.637,0.047,0.53,0.038,757.77,22.58,5569.22,14391.75,0.93,0.04,12815.77,81.1,227.29,76.98,-37.21,490064.34,6099462.29,1374.81,0.19,28.18,225.85,8.74,0.26,0.05,726,45.33,410.63,iron
1,519116763,0,0,1,40.32,0.9,27.53,1.4,227.36,2.95,112.21,-11.41,0.792,0.067,0.664,0.055,852.18,26.32,3960.66,15433.84,1.14,0.06,-10730.84,69.29,-16283.75,77.17,-35.29,466573.97,6082903.1,1395.29,0.15,36.07,231.34,10.07,0.25,0.05,196,81.7,190.2,proton
3,65651777,1,0,1,28.36,0.34,6.52,0.81,217.86,-75.43,29.26,-27.42,1.329,0.096,1.131,0.08,654.52,15.49,4879.31,9171.53,2.01,0.04,-2538.43,27.01,27287.46,25.81,-25.75,474652.62,6126468.06,1435.71,0.09,78.52,223.03,9.59,0.25,0.05,1382,835.9,836.08,iron
2,195035624,1,1,1,43.31,0.27,312.7,0.34,264.52,-30.33,88.12,-56.33,14.079,0.996,12.253,0.864,738.54,8.6,5368.29,15201.3,21.02,0.26,8710.93,30.99,-12287.16,38.42,-42.65,485994.18,6086944.97,1376.68,0.08,57.7,231.52,3.89,0.23,0.04,570,424.32,537.22,iron
2,579186289,0,0,1,39.01,0.89,212.4,1.17,342.01,-62.41,347.81,-46.4,2.045,0.155,1.755,0.131,764.59,16.12,4598.12,18122.93,3.06,0.12,6008.23,70.12,-3234.93,85.11,-18.24,483269.49,6095985.96,1385.19,0.14,38.63,227.68,9.35,0.26,0.05,646,238.02,356.15,iron
3,278073363,0,0,1,41.02,0.56,298.57,0.72,275.69,-22.23,108.07,-64.81,0.712,0.049,0.595,0.039,790.31,14.25,4551.46,10346.43,1.07,0.03,2986.69,28.15,27427.5,73.65,-64.99,480173.27,6126620.79,1396.25,0.18,29.59,220.0,9.13,0.25,0.05,1270,367.79,406.86,proton
2,150204370,0,0,1,19.43,0.52,73.8,1.66,215.8,-32.56,74.22,-16.43,0.704,0.054,0.59,0.044,780.55,14.78,2882.33,8650.14,1.03,0.03,20911.17,24.14,3298.23,49.82,-73.52,498146.88,6102553.0,1363.03,0.1,43.06,227.38,9.02,0.25,0.04,769,445.56,571.82,proton
3,686331170,1,0,1,32.46,0.62,173.21,0.97,216.68,-62.86,43.18,-25.62,1.111,0.088,0.941,0.073,721.4,19.45,4395.36,10141.23,1.66,0.06,6105.11,59.0,24949.88,33.14,-70.55,483295.11,6124153.64,1381.8,0.05,65.78,225.29,9.47,0.26,0.04,1360,325.01,427.21,iron
3,923116282,1,0,1,38.51,0.36,252.98,1.05,321.01,-41.24,331.04,-69.52,1.793,0.131,1.534,0.11,753.24,14.89,4679.18,16479.44,2.62,0.1,393.54,50.71,21693.26,74.53,-42.86,477595.81,6120885.66,1392.78,0.15,28.66,232.52,9.6,0.24,0.05,1273,40.51,328.67,proton
2,286870364,1,0,1,39.59,0.38,164.9,0.59,197.43,-64.48,38.74,-18.0,1.038,0.073,0.876,0.06,677.79,15.47,5600.81,9888.88,1.5,0.04,18989.63,26.46,1010.4,38.49,-61.12,496231.58,6100261.39,1367.85,0.16,30.85,232.12,8.61,0.27,0.05,758,369.17,702.97,iron
2,834438849,1,1,1,45.86,0.31,73.05,0.46,206.03,6.64,105.67,9.15,3.91,0.263,3.374,0.223,729.5,11.32,5821.37,14275.84,5.68,0.12,12612.11,43.3,2112.5,41.53,-40.65,489856.0,6101347.56,1373.1,0.12,32.87,235.07,5.53,0.31,0.04,714,10.87,636.49,iron
3,894555539,0,0,1,12.71,0.39,224.96,2.03,248.45,-46.62,63.11,-43.36,0.679,0.048,0.569,0.038,679.0,13.45,3737.99,7449.93,1.0,0.02,-1387.87,27.83,30540.5,25.87,-12.31,475793.2,6129721.83,1460.33,0.09,48.66,225.4,9.11,0.26,0.04,1507,122.66,461.89,iron
1,789660904,1,0,1,49.66,0.75,137.95,0.57,176.41,-45.88,46.91,2.37,1.605,0.114,1.367,0.095,766.37,25.22,5917.72,16990.41,2.42,0.1,-18043.16,97.63,-14932.64,77.23,-36.01,459262.66,6084234.17,1406.42,0.16,28.55,224.28,8.84,0.25,0.05,400,275.52,277.21,iron
1,638448255,1,0,1,20.6,0.3,186.42,1.25,332.47,-80.71,7.28,-35.1,1.817,0.132,1.559,0.111,735.22,10.88,3471.35,7723.08,2.75,0.05,-11320.01,22.95,-22850.7,21.6,-64.42,466000.84,6076338.27,1387.67,0.08,78.94,225.17,10.43,0.26,0.05,343,134.25,361.92,iron
1,419517208,1,0,1,21.12,0.44,95.07,0.85,204.12,-48.2,55.72,-14.42,1.315,0.093,1.12,0.078,702.69,13.33,3847.94,8277.54,1.9,0.04,-10720.42,28.19,-25257.15,22.39,-74.55,466606.5,6073934.93,1384.9,0.1,55.34,234.1,10.25,0.26,0.05,330,379.39,575.39,iron
4,130028518,1,0,1,35.01,0.3,219.23,0.82,283.7,-65.06,25.38,-50.16,1.539,0.112,1.314,0.094,682.05,16.37,5089.23,10289.44,2.3,0.05,-20244.58,23.77,16939.25,38.96,52.83,456982.13,6116081.53,1507.52,0.08,88.34,227.16,10.18,0.25,0.05,909,361.75,486.95,iron
1,891928306,0,0,1,19.71,0.49,323.68,0.92,257.93,-11.7,113.92,-45.12,0.888,0.066,0.749,0.054,735.13,14.43,3407.09,8188.99,1.33,0.03,-13266.45,24.55,-21093.5,25.59,-52.62,464050.76,6078090.1,1393.52,0.08,58.29,222.91,10.3,0.26,0.05,333,390.7,764.03,iron
2,210768611,0,0,1,29.67,0.79,265.89,1.32,275.41,-37.04,72.81,-64.78,0.748,0.062,0.627,0.051,687.83,25.06,4593.27,10026.78,1.12,0.04,12729.55,47.16,42.36,67.93,-37.21,489978.31,6099278.43,1374.81,0.06,67.67,222.87,10.94,0.26,0.05,726,142.79,485.3,iron
4,149389513,0,0,1,42.0,0.61,160.46,1.16,88.78,-74.58,4.01,-14.11,1.35,0.132,1.147,0.112,786.93,24.44,4763.38,11814.25,2.0,0.11,-19740.83,58.21,20535.1,92.49,42.03,457477.8,6119676.02,1504.27,0.04,82.55,227.13,10.15,0.26,0.05,915,390.07,561.72,proton
4,159937279,1,0,1,44.07,0.29,30.47,0.54,222.86,3.49,110.55,-7.2,1.631,0.113,1.392,0.094,1014.58,12.45,3000.18,7414.29,2.25,0.04,-27397.9,25.7,9763.37,26.98,67.79,449850.98,6108891.93,1533.68,0.1,39.9,245.43,8.17,0.21,0.04,612,54.48,150.53,proton
1,941231259,1,0,1,51.52,0.55,10.29,1.19,243.05,21.7,136.84,-14.26,1.376,0.108,1.168,0.091,662.49,27.28,7396.62,14699.03,2.01,0.07,-22901.94,154.88,-15498.58,77.95,-41.72,454403.35,6083655.94,1414.7,0.05,48.11,230.05,10.21,0.25,0.05,372,529.8,570.52,iron
3,663887914,0,0,1,42.78,0.49,188.29,0.71,228.01,-51.57,56.77,-30.08,0.977,0.069,0.823,0.056,748.26,17.57,5250.2,15205.6,1.4,0.05,-6035.95,64.87,28604.28,55.76,-4.71,471155.89,6127775.52,1459.02,0.19,26.97,232.9,9.46,0.26,0.05,975,524.65,865.7,iron
3,283974972,0,0,1,30.49,0.45,206.56,0.84,251.29,-57.88,47.51,-42.84,0.901,0.068,0.759,0.055,754.04,17.24,3915.08,10068.84,1.31,0.04,12869.53,28.93,29872.43,33.46,-97.37,490041.91,6129089.38,1388.48,0.07,73.94,229.85,9.85,0.26,0.05,1150,479.82,480.36,iron
1,627880314,1,0,1,16.88,0.66,30.71,1.55,236.42,-10.87,103.54,-25.75,1.023,0.079,0.866,0.065,803.13,11.63,2516.27,6326.4,1.58,0.04,-13571.29,44.66,-23570.07,37.66,-70.29,463753.97,6075614.18,1391.15,0.1,44.75,217.64,10.12,0.28,0.05,431,268.07,733.93,proton
3,32349753,1,1,1,51.82,1.02,142.07,0.5,97.68,-57.94,359.76,2.34,17.0,1.54,14.793,1.342,761.34,36.08,6382.94,33777.36,25.36,0.85,-24122.7,111.01,23695.17,187.93,31.34,453090.76,6122822.65,1519.81,0.1,47.09,231.42,8.35,0.26,0.05,1039,9.81,529.36,iron
4,428748338,0,1,1,57.26,0.3,223.76,0.58,320.12,-63.55,0.54,-51.9,3.807,0.279,3.276,0.236,773.74,15.51,7210.54,19014.9,5.4,0.15,-8270.91,79.24,15143.21,135.18,-0.94,468954.45,6114318.36,1420.98,0.06,80.05,240.83,8.2,0.25,0.05,806,274.86,594.06,iron
2,935463000,0,0,1,23.39,0.41,208.79,1.21,249.97,-27.66,89.35,-43.35,0.74,0.053,0.621,0.042,733.02,12.07,3591.15,9429.45,1.09,0.03,13495.47,43.39,-6042.4,24.87,-41.0,490759.34,6093199.14,1375.38,0.1,38.45,226.95,8.71,0.26,0.05,747,16.49,363.61,iron
2,426398002,0,0,1,50.27,1.0,179.01,0.94,43.56,-67.39,348.99,-20.97,0.708,0.057,0.59,0.046,703.09,30.41,6699.74,19144.63,1.04,0.06,10811.95,143.56,1633.85,132.83,-29.81,488059.12,6100863.71,1378.5,0.2,22.83,225.37,9.24,0.25,0.05,721,236.91,437.69,iron
3,164513181,0,0,1,67.84,0.34,314.1,1.5,319.52,9.96,218.56,-49.57,3.379,0.253,2.89,0.213,814.23,27.73,9290.06,22997.98,4.85,0.15,-17089.24,202.35,28232.77,378.36,-12.57,460102.55,6127380.9,1470.28,0.06,45.13,236.44,8.28,0.28,0.05,1052,216.53,233.99,proton
3,832923663,1,0,1,32.73,0.4,195.8,0.78,269.0,-77.69,21.44,-37.08,1.461,0.097,1.245,0.08,734.29,8.38,4249.69,11111.12,2.26,0.05,-4059.68,51.15,30016.03,38.37,18.66,473122.91,6129190.35,1492.95,0.14,28.66,218.49,7.08,0.27,0.04,1546,670.87,744.03,iron
2,794477109,0,1,1,51.34,0.27,253.23,0.98,308.32,-40.26,355.45,-76.13,5.528,0.464,4.775,0.398,753.68,14.32,6344.0,18951.77,8.37,0.24,22966.86,138.78,19554.51,62.91,-118.1,500159.08,6118799.66,1356.88,0.05,108.5,226.3,9.94,0.27,0.05,1637,670.01,674.33,iron
2,186842333,1,0,1,29.41,0.72,123.84,1.53,209.88,-27.51,76.82,-9.71,1.272,0.103,1.081,0.087,828.42,17.03,2986.25,12778.28,1.91,0.07,21777.62,45.06,7220.01,56.88,-83.17,499002.52,6106474.48,1358.98,0.1,45.09,224.88,9.65,0.27,0.05,741,356.42,438.62,proton
3,171454850,0,0,1,30.95,0.4,37.61,1.12,230.06,3.32,113.87,-13.6,0.852,0.069,0.716,0.057,619.98,24.3,5476.02,9245.68,1.27,0.04,277.78,43.01,25152.76,28.53,-56.72,477471.21,6124341.77,1393.19,0.08,83.59,224.35,9.7,0.25,0.05,1296,625.46,631.52,iron
2,631247793,0,0,1,25.72,0.43,149.74,0.88,220.7,-31.75,76.59,-20.01,0.901,0.063,0.76,0.051,696.88,11.29,4191.56,9859.87,1.37,0.03,13419.61,41.55,-6443.72,26.23,-41.0,490684.66,6092797.48,1375.39,0.1,40.98,219.43,9.83,0.26,0.05,747,391.02,430.24,iron
4,890072832,1,1,1,28.44,0.31,53.04,0.68,240.33,23.28,136.59,-11.3,4.144,0.295,3.586,0.251,744.6,8.69,3864.55,9527.85,5.94,0.09,-30004.58,24.08,5115.55,23.62,46.97,447257.4,6104240.1,1518.34,0.07,76.65,239.55,8.97,0.25,0.05,638,442.03,615.86,iron
4,160378101,1,0,1,26.17,0.4,10.52,0.8,261.28,21.67,149.11,-26.72,1.272,0.093,1.082,0.077,740.93,9.72,3740.72,7893.93,2.06,0.04,-28842.27,22.91,21262.1,32.87,76.7,448377.67,6120379.8,1574.33,0.1,42.82,208.28,10.39,0.29,0.05,924,592.69,671.23,iron
3,23393802,0,0,1,33.57,0.61,262.9,1.14,282.43,-16.15,128.66,-68.06,1.035,0.076,0.875,0.063,694.36,16.66,4845.12,14953.32,1.57,0.06,-4162.23,54.8,24971.79,56.26,-43.82,473034.22,6124148.87,1407.83,0.13,37.28,221.56,9.94,0.26,0.05,1230,604.33,685.34,iron
4,447948527,1,0,1,31.06,0.25,246.52,0.96,276.21,-13.46,126.22,-61.55,2.014,0.148,1.729,0.125,691.04,10.93,4660.69,10813.33,3.2,0.07,-23170.59,30.33,23440.4,30.9,31.34,454040.91,6122569.6,1519.81,0.07,88.46,214.54,10.64,0.25,0.05,1039,598.69,600.36,iron
3,389465204,1,0,1,52.87,0.34,162.74,0.72,217.86,-9.79,96.31,-8.8,1.291,0.089,1.094,0.073,796.93,16.78,6252.54,12631.66,1.87,0.06,3359.11,84.87,23144.92,32.95,-60.57,480552.13,6122343.93,1385.2,0.1,50.35,232.53,9.01,0.26,0.05,1310,18.53,712.74,proton
4,459527101,1,0,0,44.04,0.32,319.12,0.61,289.29,8.76,170.74,-51.75,1.033,0.072,0.871,0.059,767.59,13.56,5207.72,9892.4,1.6,0.05,-26546.8,35.1,21940.0,33.91,71.33,450670.1,6121064.5,1562.5,0.1,48.12,216.18,9.94,0.25,0.06,1030,250.03,572.26,iron
4,606007713,0,0,1,40.6,0.73,258.22,0.84,285.12,-23.26,112.44,-73.44,2.91,0.222,2.507,0.188,696.33,13.8,5541.76,22078.85,4.27,0.15,-22756.5,86.98,-1578.63,80.65,11.68,454517.54,6097565.99,1455.69,0.11,36.24,233.04,7.94,0.27,0.04,1308,881.04,893.42,iron
1,505675593,1,1,1,43.35,0.46,57.94,0.47,252.61,55.45,166.94,3.06,8.682,0.614,7.531,0.529,723.25,8.8,5579.13,17416.28,12.84,0.22,-20715.66,53.88,-13738.73,71.71,-35.03,456589.5,6085423.11,1415.94,0.14,25.75,232.21,4.67,0.3,0.03,447,599.91,650.08,iron
3,524679728,0,0,1,37.35,0.71,211.95,1.87,251.66,-41.66,69.87,-45.98,0.747,0.061,0.625,0.05,804.7,20.03,4038.38,14434.32,1.08,0.05,-5294.91,72.63,26427.74,71.71,-31.89,471898.51,6125601.73,1425.54,0.16,27.97,229.97,9.23,0.26,0.05,1089,193.43,232.1,proton
4,419440158,0,1,1,49.16,0.43,156.68,0.74,212.71,-17.41,87.17,-7.65,2.785,0.225,2.396,0.191,710.42,18.82,6539.98,15868.68,4.07,0.13,-27633.47,113.97,-2337.21,55.23,30.07,449643.76,6096799.33,1492.49,0.04,74.3,233.79,10.42,0.25,0.05,1081,326.64,372.32,iron
2,535619365,0,0,1,31.1,0.52,134.94,0.77,230.78,9.19,119.46,-11.33,0.913,0.066,0.77,0.053,730.87,14.12,4252.52,9625.83,1.38,0.04,13675.7,40.29,-5811.22,33.72,-41.0,490938.97,6093430.09,1375.4,0.14,39.15,220.99,9.96,0.25,0.05,747,178.15,624.27,iron
2,154582055,0,0,1,16.94,0.55,117.2,1.79,222.22,-27.95,80.87,-19.92,0.838,0.064,0.706,0.052,751.1,14.36,3150.03,10127.63,1.23,0.04,12660.97,41.92,-1394.47,32.52,-37.43,489913.24,6097842.18,1376.15,0.09,47.89,227.39,8.88,0.24,0.04,724,611.65,674.06,iron
4,685197504,0,0,1,38.78,0.83,13.37,0.66,252.3,23.86,144.31,-19.37,1.448,0.112,1.233,0.094,719.15,22.46,5158.72,16314.04,2.14,0.08,-28488.1,88.32,-322.54,40.72,41.69,448788.46,6098810.0,1507.14,0.08,61.37,229.14,9.17,0.26,0.05,1077,393.11,533.27,iron
2,177896584,0,0,1,45.99,0.58,249.55,0.82,286.15,-38.14,60.62,-72.13,2.78,0.207,2.393,0.175,754.13,17.37,5683.94,21685.26,4.15,0.15,9333.41,94.95,-16615.03,94.11,-54.58,486625.93,6082621.56,1374.79,0.18,28.66,228.48,7.67,0.26,0.04,493,389.84,709.5,iron
2,539935044,1,0,1,27.15,0.29,7.01,1.08,281.07,31.35,171.76,-27.92,1.72,0.13,1.473,0.11,733.52,14.03,3927.82,11691.01,2.56,0.08,9651.97,25.22,-868.84,35.01,-28.76,486905.27,6098359.71,1379.35,0.08,84.47,228.44,9.73,0.26,0.05,709,120.7,422.45,iron
2,331752215,1,1,1,33.53,0.44,58.54,0.34,261.64,48.93,167.04,-5.48,8.444,0.617,7.334,0.532,753.9,10.13,4233.1,16282.22,12.4,0.21,9839.86,36.42,5529.14,38.11,-30.94,487076.36,6104753.83,1378.45,0.09,50.43,234.71,6.58,0.26,0.04,1416,199.88,447.43,iron
4,161060653,1,0,1,44.81,0.58,78.03,0.45,245.81,60.27,167.92,9.0,2.102,0.148,1.803,0.125,714.11,16.17,5930.05,17459.67,3.11,0.1,-17936.7,51.16,18828.94,73.29,33.84,459283.55,6117974.55,1485.52,0.12,36.3,230.18,7.94,0.26,0.05,842,176.16,372.24,iron
1,478695443,1,0,1,33.16,0.48,29.14,0.9,252.29,29.33,148.45,-15.58,1.099,0.076,0.931,0.062,733.29,9.72,4421.71,11756.45,1.66,0.05,-9855.18,66.93,-22880.22,43.44,-62.32,467465.66,6076312.76,1387.2,0.14,29.33,221.87,8.05,0.28,0.05,328,110.01,296.43,iron
2,565724230,1,0,1,31.3,0.55,97.72,0.7,239.77,34.51,145.37,-4.17,1.054,0.077,0.892,0.063,747.43,12.98,4080.47,12392.98,1.6,0.05,11526.14,45.31,-37.36,40.73,-35.85,488775.79,6099195.52,1374.84,0.09,42.05,221.41,9.21,0.28,0.05,725,657.13,736.45,iron
2,476277293,0,0,1,36.13,0.63,3.99,0.48,319.51,35.38,207.8,-25.56,1.919,0.148,1.646,0.125,689.31,20.63,5166.67,17053.45,2.91,0.11,25704.86,64.61,10286.46,41.78,-105.46,502921.16,6109548.58,1356.22,0.1,53.29,224.53,10.69,0.25,0.05,708,58.88,496.06,iron
3,244668067,0,0,1,41.81,0.31,49.19,0.89,239.33,39.61,149.22,-0.81,1.836,0.138,1.571,0.116,685.92,21.0,5847.96,12170.31,2.68,0.07,-9829.58,39.26,28768.01,63.18,74.9,467362.13,6127929.96,1549.21,0.08,95.49,232.4,10.19,0.26,0.05,969,331.28,358.71,iron
2,759555964,1,1,1,42.47,0.67,186.67,0.3,225.38,-59.39,47.64,-29.35,2.88,0.214,2.481,0.181,637.34,19.08,6494.77,11757.06,4.0,0.1,15727.19,82.17,-4881.12,13.32,-48.35,492987.34,6094365.26,1371.95,0.34,20.66,245.4,10.09,0.3,0.06,754,102.72,288.43,iron
3,967484980,1,0,1,30.36,0.32,263.73,0.68,274.71,-27.59,95.24,-64.99,1.723,0.124,1.475,0.105,696.89,13.32,4571.95,8132.17,2.51,0.04,-2376.33,30.43,32333.94,19.99,9.69,474800.95,6131513.39,1488.96,0.13,43.96,232.91,10.74,0.27,0.06,1482,510.55,622.74,iron
2,8561863,0,0,1,51.64,0.69,30.27,1.07,259.34,52.2,167.84,-1.99,0.926,0.07,0.778,0.057,737.54,27.03,6687.3,14981.8,1.45,0.06,18429.95,136.1,5713.71,68.36,-64.31,495660.72,6104960.12,1364.64,0.08,29.02,212.26,9.68,0.27,0.05,792,42.48,106.2,iron
2,693231079,0,0,1,52.28,0.56,122.05,0.96,206.88,12.88,111.75,11.13,1.126,0.081,0.951,0.066,693.58,24.09,7260.4,16187.81,1.61,0.06,10656.48,69.68,-9660.19,121.63,-41.59,487930.36,6089577.2,1375.49,0.08,31.38,234.99,8.99,0.23,0.05,521,234.78,234.98,iron
4,196960071,1,0,1,44.14,0.42,50.06,0.51,241.68,45.44,154.88,1.4,1.75,0.118,1.496,0.098,763.75,12.65,5298.88,14164.24,2.46,0.07,-22367.15,69.19,19066.08,43.8,64.65,454854.39,6118200.18,1530.38,0.15,22.62,241.57,8.04,0.24,0.05,694,411.68,452.75,proton
3,522365096,1,0,1,26.45,0.42,29.1,0.74,328.33,39.12,213.55,-19.63,1.104,0.079,0.935,0.065,641.76,15.46,4908.92,9331.83,1.62,0.04,9199.28,28.93,29111.67,28.97,-90.55,486377.19,6128320.57,1382.6,0.1,50.39,229.62,9.59,0.26,0.05,1348,90.1,258.36,iron
4,101339595,0,1,1,49.12,0.83,54.6,0.52,220.45,30.03,132.94,7.32,2.618,0.202,2.25,0.171,817.39,24.28,5505.0,20403.54,3.97,0.17,-14596.57,60.11,12369.96,110.83,15.78,462636.69,6111527.46,1442.51,0.11,41.75,225.0,9.32,0.27,0.05,866,63.12,740.33,iron
2,305897268,1,0,1,29.72,0.4,66.8,0.69,234.84,22.88,133.33,-7.39,1.024,0.069,0.866,0.056,703.09,9.5,4465.4,9692.39,1.59,0.04,18165.89,27.49,2451.85,37.83,-60.43,495405.44,6101700.19,1366.76,0.12,39.23,215.84,8.3,0.27,0.04,761,396.02,507.79,iron
2,146003074,1,0,1,45.71,0.52,236.32,0.53,272.69,-36.26,75.67,-62.83,1.15,0.078,0.972,0.064,758.86,15.81,5571.41,14391.99,1.76,0.06,10763.74,56.6,-4810.45,54.2,-33.68,488025.81,6094423.16,1377.37,0.15,32.15,219.48,8.03,0.28,0.05,686,14.5,89.09,iron
3,932684047,0,0,1,36.13,0.49,182.16,0.57,224.74,-56.57,50.82,-28.74,0.884,0.061,0.744,0.049,753.27,11.52,4480.37,9286.16,1.27,0.03,-2941.67,57.78,33551.57,21.48,35.33,474234.94,6132726.8,1521.51,0.21,25.92,232.45,10.31,0.26,0.06,1551,531.58,679.66,iron
1,86210588,0,0,1,40.55,0.97,23.09,0.88,260.23,38.21,159.64,-13.41,1.458,0.12,1.242,0.101,794.13,26.65,4543.0,17444.99,2.12,0.1,-14021.3,92.63,-12510.86,68.46,-24.38,463276.67,6086665.64,1404.86,0.13,41.81,232.34,9.88,0.25,0.05,152,545.66,545.72,proton
2,446375765,1,0,1,35.45,0.38,149.66,0.54,231.37,6.19,117.1,-13.34,1.579,0.101,1.348,0.084,684.87,7.51,5161.76,11048.84,2.31,0.04,16350.35,38.89,1003.97,40.75,-49.87,493594.67,6100248.05,1370.77,0.19,27.23,231.61,6.6,0.26,0.04,735,304.99,653.42,iron
2,405306477,1,0,1,36.91,0.47,74.81,0.86,290.12,63.04,187.09,0.74,1.515,0.106,1.292,0.089,728.88,13.67,4748.68,14637.34,2.22,0.07,19664.51,43.35,7048.54,67.87,-68.22,496891.06,6106296.14,1364.27,0.16,31.11,231.11,8.92,0.25,0.05,778,497.9,498.1,iron
2,810660110,0,0,1,38.59,0.47,213.77,0.64,257.95,-16.81,107.19,-47.26,0.705,0.05,0.589,0.04,652.36,15.87,5816.74,11991.91,1.0,0.03,13445.45,55.44,-2857.82,39.08,-40.68,490701.26,6096381.61,1373.79,0.15,30.13,234.04,8.89,0.28,0.05,717,599.71,599.99,iron
4,352735483,1,0,1,35.02,0.52,270.09,0.51,292.27,-10.02,160.39,-70.16,1.628,0.119,1.391,0.1,746.16,15.6,4407.07,13651.5,2.37,0.07,-19538.28,39.2,11951.6,42.1,53.77,457700.5,6111097.74,1496.32,0.08,44.9,232.71,8.75,0.22,0.05,1742,113.3,371.68,iron
2,186456183,0,0,1,31.5,0.35,63.65,1.04,274.67,52.75,176.1,-6.4,0.966,0.073,0.815,0.06,684.62,20.36,4769.43,11004.75,1.43,0.04,11715.64,35.2,-11905.72,40.77,-45.85,488994.77,6087334.12,1374.82,0.08,87.3,225.83,10.2,0.25,0.05,544,518.73,551.43,iron
3,819193198,0,0,1,36.96,0.64,223.9,0.74,262.66,-45.9,61.44,-53.13,0.723,0.057,0.605,0.046,652.92,19.98,5694.01,12502.23,1.06,0.04,6244.51,64.9,25352.25,51.96,-70.55,483434.38,6124556.72,1381.81,0.08,37.22,225.44,9.52,0.25,0.05,1360,511.03,516.52,iron
3,216729790,0,0,1,39.25,0.84,291.2,0.57,286.84,-11.15,146.32,-67.99,2.275,0.174,1.955,0.148,725.31,18.76,5115.45,18245.07,3.38,0.12,19892.89,48.31,33625.74,97.45,-110.9,497053.85,6132856.24,1412.14,0.1,44.69,229.68,9.0,0.24,0.05,1664,442.17,456.92,iron
3,888748314,1,0,1,35.59,0.47,296.82,0.67,315.15,-2.92,220.71,-63.12,1.25,0.088,1.061,0.073,715.31,15.05,4852.04,11128.54,1.77,0.05,3310.94,26.12,26512.98,63.0,-71.01,480499.0,6125708.79,1385.02,0.16,30.69,238.3,10.07,0.26,0.06,1292,38.44,42.55,iron
2,540420116,0,0,1,40.4,0.52,168.01,0.68,242.23,12.19,128.33,-19.23,0.709,0.05,0.593,0.04,801.08,14.57,4489.21,12042.23,1.08,0.04,15034.2,55.19,1878.3,54.64,-45.07,492277.72,6101118.48,1371.93,0.16,27.34,216.7,9.27,0.28,0.05,733,374.72,377.01,proton
1,549287646,1,0,1,29.98,0.51,62.93,0.67,333.61,50.18,212.12,-8.04,1.32,0.092,1.123,0.076,686.47,11.18,4699.85,8669.49,1.96,0.04,-15586.12,26.22,-21738.45,47.67,-60.76,461734.68,6077438.72,1394.68,0.17,31.6,227.81,9.18,0.25,0.05,425,79.98,163.91,iron
3,278984369,1,1,1,38.55,0.94,232.2,0.54,283.66,-1.51,153.82,-58.41,2.533,0.225,2.18,0.192,832.88,6.98,3948.97,8031.51,3.82,0.08,1090.57,47.71,29768.5,96.01,-30.86,478270.6,6128954.81,1441.58,0.2,23.71,226.52,13.09,0.24,0.05,1100,144.59,468.0,proton
2,685676468,1,0,1,46.16,0.42,201.64,0.45,241.58,-55.72,51.78,-38.11,2.436,0.171,2.093,0.144,683.07,14.14,6493.13,19445.83,3.49,0.11,7845.36,81.64,-1950.93,53.77,-24.29,485102.0,6097273.65,1380.93,0.16,19.87,237.81,7.62,0.27,0.04,705,195.15,228.94,iron
2,441178211,0,0,1,40.2,0.6,183.69,0.62,227.6,-42.88,66.55,-28.39,0.702,0.052,0.587,0.042,657.86,16.18,6038.05,13430.24,0.98,0.04,13300.07,93.85,-7284.73,42.63,-46.99,490565.77,6091956.85,1372.4,0.19,21.25,237.82,10.02,0.28,0.06,766,270.93,451.88,iron
1,475464917,1,1,1,37.84,0.52,115.03,0.82,217.03,7.44,111.34,-0.22,2.93,0.217,2.526,0.184,782.6,15.31,4386.58,15594.18,4.31,0.14,-16613.52,48.9,-14102.01,63.99,-30.78,460688.75,6085068.53,1406.68,0.15,34.18,232.47,9.95,0.24,0.06,435,315.32,344.62,proton
2,368955303,1,0,1,58.74,0.35,279.99,1.15,310.22,-20.68,240.32,-80.73,1.438,0.102,1.219,0.084,747.38,21.41,7946.27,15684.72,2.17,0.07,10708.18,39.92,-5042.89,145.32,-33.68,487970.98,6094190.73,1377.38,0.1,34.34,222.34,8.83,0.26,0.05,686,128.96,229.04,iron
3,835487634,0,0,1,48.79,0.79,315.56,0.68,320.03,4.79,222.8,-54.06,2.078,0.154,1.781,0.13,791.88,23.15,5722.38,18334.66,3.14,0.12,-5506.27,104.67,21369.72,77.65,-27.09,471699.88,6120546.68,1410.88,0.12,49.07,224.86,9.34,0.26,0.05,1203,1.71,131.09,iron
1,663439684,0,0,1,41.99,0.75,261.27,0.79,300.72,-13.16,184.01,-75.87,2.75,0.225,2.368,0.191,812.46,22.62,4553.64,16532.96,4.06,0.15,-1617.01,42.54,-22285.0,84.11,-56.07,475697.14,6076930.05,1381.15,0.08,80.0,231.41,10.47,0.26,0.05,280,538.06,591.67,proton
3,327385767,0,0,1,21.92,0.48,186.71,1.04,295.47,27.81,184.84,-34.6,0.832,0.061,0.7,0.05,782.94,13.46,3046.98,7553.18,1.25,0.03,2308.79,20.69,27813.13,33.42,-64.99,479494.26,6127005.54,1396.24,0.09,53.13,223.12,9.84,0.26,0.05,1270,278.33,278.45,proton
1,728378973,1,0,1,57.94,0.48,19.54,1.13,354.6,44.34,227.1,-4.36,2.635,0.205,2.26,0.173,728.01,24.47,7869.4,18646.87,3.87,0.15,-26413.44,182.35,-13328.62,117.3,-34.91,450883.16,6085813.05,1427.2,0.07,44.18,231.34,9.89,0.26,0.06,1262,802.02,847.38,iron
1,803897737,1,0,1,39.68,0.43,35.74,0.49,331.22,50.78,210.48,-8.18,1.233,0.083,1.046,0.068,693.83,11.67,5475.75,11967.71,1.81,0.06,-13512.82,41.61,-20766.53,54.6,-52.62,463803.07,6078414.68,1393.49,0.27,22.89,229.04,8.76,0.28,0.06,333,7.27,438.61,iron
3,310848239,0,0,1,49.38,0.6,354.02,1.01,327.14,32.57,215.47,-26.02,1.043,0.082,0.879,0.068,750.67,26.21,6196.56,13973.7,1.53,0.06,-3185.35,124.55,22355.59,80.04,-37.72,474018.02,6121537.46,1403.13,0.07,65.13,227.39,10.38,0.26,0.05,1196,149.51,207.17,iron
3,599073268,1,0,1,24.72,0.41,279.92,0.87,314.44,1.66,215.74,-59.15,1.054,0.073,0.892,0.06,660.09,10.8,4594.94,11135.81,1.59,0.04,-1430.41,33.96,26742.55,41.31,-56.0,475759.94,6125926.71,1399.34,0.12,41.51,223.24,9.07,0.25,0.05,1293,350.07,350.95,iron
4,326195194,1,0,0,35.78,0.66,307.17,0.58,333.53,-12.77,262.31,-57.99,1.254,0.086,1.064,0.071,730.61,10.53,4679.58,8210.9,1.76,0.03,-27491.09,55.91,11781.81,42.4,87.42,449753.3,6110908.89,1557.78,0.2,26.93,239.68,9.7,0.27,0.05,659,404.27,412.14,iron
1,368357477,1,0,1,24.3,0.38,292.02,1.05,302.53,5.82,192.12,-57.04,1.578,0.114,1.35,0.096,676.89,14.33,4331.64,8833.21,2.37,0.05,-14744.1,27.8,-18699.72,23.98,-46.15,462568.55,6080478.53,1397.46,0.09,77.17,225.93,9.73,0.26,0.05,403,774.32,781.9,iron
4,814213772,0,0,1,58.65,0.56,251.7,0.88,285.6,-31.66,82.02,-74.26,1.774,0.132,1.511,0.111,954.62,29.96,5949.14,16915.22,2.67,0.11,-18224.68,65.45,10228.49,139.31,38.93,459017.84,6109380.9,1472.6,0.11,46.34,225.09,10.06,0.24,0.06,1733,340.11,347.91,proton
4,856905852,0,0,1,67.3,0.68,45.22,2.62,291.94,80.84,191.03,18.12,2.927,0.226,2.501,0.19,743.23,32.06,9868.52,20385.47,4.49,0.15,-30176.02,767.68,-9224.74,510.1,-16.76,447122.83,6089909.08,1461.56,0.03,53.83,220.92,9.74,0.25,0.05,960,95.33,646.15,iron
1,204175910,0,0,1,17.79,0.48,219.97,1.32,270.53,4.66,143.35,-45.39,0.787,0.061,0.662,0.05,661.45,20.44,4174.19,8013.38,1.16,0.03,-20768.29,24.75,-19980.42,28.96,-62.77,456551.17,6079182.78,1403.2,0.08,65.99,225.78,11.18,0.26,0.05,391,41.58,330.19,iron
1,896912395,0,0,1,17.53,0.41,80.69,1.41,284.45,42.73,178.68,-18.09,0.705,0.052,0.591,0.042,687.18,13.68,3848.16,8607.27,1.06,0.03,-15237.88,24.11,-20382.52,37.93,-54.75,462079.41,6078794.67,1394.72,0.1,43.51,221.07,10.86,0.27,0.05,408,477.65,537.99,iron
2,530966229,0,0,1,46.43,1.19,198.64,0.97,267.86,14.91,149.58,-35.91,1.119,0.085,0.946,0.071,760.58,36.83,5585.97,17329.83,1.68,0.07,12549.16,126.67,7013.57,108.56,-45.16,489779.38,6106244.13,1372.15,0.1,47.23,224.03,8.7,0.25,0.04,1237,285.89,471.35,proton
1,774354012,1,0,1,37.29,0.4,280.18,0.62,320.19,-17.26,254.68,-71.26,1.931,0.147,1.655,0.124,823.25,13.38,3811.33,12892.28,2.83,0.09,-8749.01,37.29,-17356.57,36.23,-34.55,468556.57,6081836.75,1393.68,0.07,76.47,232.01,9.27,0.25,0.05,121,973.12,973.12,proton
3,20795380,0,0,1,14.61,0.5,235.21,1.65,295.77,15.9,182.84,-46.42,0.957,0.066,0.809,0.054,711.11,10.77,3468.71,6492.08,1.43,0.02,-616.77,31.13,31050.09,29.03,-1.34,476561.96,6130232.2,1477.48,0.12,47.07,224.28,9.17,0.26,0.04,1553,727.45,729.54,iron
2,510822100,0,0,1,27.51,0.48,21.12,0.83,258.65,25.76,150.14,-22.06,0.673,0.05,0.563,0.04,791.51,14.36,3315.8,8258.96,0.98,0.03,22939.81,23.82,2662.29,36.01,-80.23,500175.72,6101922.05,1361.48,0.1,44.11,226.83,9.81,0.26,0.05,890,96.88,312.81,iron
3,776745091,1,0,1,44.81,0.55,231.2,0.9,267.55,-32.78,83.68,-58.98,1.441,0.101,1.226,0.084,712.35,12.29,5918.1,17243.53,2.23,0.09,-3354.94,89.28,24850.49,114.21,-48.38,473840.7,6124029.62,1402.21,0.24,23.32,218.36,9.04,0.27,0.05,1094,135.73,236.5,iron
1,959449188,1,0,1,35.16,0.39,61.76,0.85,287.67,58.46,184.93,-3.47,1.288,0.091,1.095,0.075,668.96,12.67,5310.68,14396.68,2.01,0.07,-10002.87,50.75,-19580.6,50.03,-46.05,467308.47,6079608.25,1389.45,0.15,29.61,215.93,9.5,0.25,0.05,310,4.86,664.32,iron
3,663390327,0,0,1,23.54,0.43,279.39,1.06,300.33,4.75,187.96,-58.02,0.847,0.064,0.713,0.052,690.65,15.76,4153.66,7808.11,1.29,0.03,9696.1,35.68,32311.85,22.42,-71.96,486865.44,6131521.59,1413.61,0.11,46.35,220.07,12.02,0.25,0.06,1125,705.41,705.46,iron
2,951396204,0,0,1,38.88,0.48,316.2,0.77,321.45,4.72,224.98,-53.47,1.05,0.08,0.887,0.066,698.73,24.18,5373.28,12336.12,1.49,0.05,23856.12,62.89,8318.45,31.9,-94.02,501078.41,6107575.96,1357.92,0.07,75.29,235.61,10.44,0.27,0.05,744,473.26,478.41,iron
2,130663642,0,0,1,55.88,0.79,206.6,2.37,268.06,11.34,146.88,-38.77,0.899,0.072,0.753,0.059,665.01,35.98,8174.84,15599.71,1.35,0.05,17659.04,280.19,5192.8,135.5,-64.31,494888.56,6104436.09,1364.7,0.06,32.75,221.32,10.19,0.26,0.05,792,470.28,472.51,iron
3,658696530,0,0,1,43.37,0.28,68.38,0.96,20.84,34.56,246.93,6.03,1.936,0.144,1.659,0.121,701.43,18.35,5859.99,13316.08,2.89,0.08,-6938.76,64.24,22160.14,56.16,-30.23,470266.82,6121333.5,1412.97,0.07,100.03,227.52,10.43,0.25,0.05,1204,208.52,606.65,iron
2,413249852,0,0,1,30.54,0.44,115.11,0.75,4.22,31.92,241.45,-7.0,0.933,0.066,0.787,0.054,670.35,13.47,4894.77,10725.66,1.42,0.04,12899.95,45.1,-3377.56,30.5,-40.68,490157.07,6095860.94,1373.75,0.1,40.58,219.48,10.36,0.24,0.05,717,73.78,223.3,iron
2,745516189,1,0,1,33.24,0.4,310.79,0.71,306.22,7.51,198.57,-55.21,1.006,0.071,0.85,0.058,749.21,15.71,4244.15,9696.55,1.46,0.03,24031.0,34.55,5284.04,23.92,-91.02,501260.4,6104544.11,1358.07,0.08,75.93,230.38,8.86,0.26,0.04,732,259.91,473.14,proton
4,17093299,1,0,1,34.97,0.26,154.28,0.75,238.45,13.35,127.17,-15.53,2.405,0.177,2.07,0.15,737.21,11.5,4536.66,12503.31,3.58,0.09,-17908.58,21.63,15764.58,39.69,41.97,459319.62,6114913.48,1486.61,0.07,88.64,229.5,9.29,0.25,0.05,905,288.5,434.08,iron
1,854457720,0,0,1,46.05,0.38,280.32,0.88,306.57,-15.94,210.38,-78.32,2.004,0.16,1.717,0.136,733.77,20.65,5866.79,13779.96,2.97,0.09,-12397.78,87.64,-11491.32,53.11,-17.7,464895.34,6087688.62,1404.25,0.06,94.5,229.52,11.09,0.25,0.06,157,76.68,185.42,iron
2,862362239,1,0,0,44.61,0.35,162.08,0.55,241.29,20.74,135.03,-13.52,2.067,0.146,1.772,0.123,766.52,13.68,5332.02,12279.89,3.02,0.07,28962.4,46.68,5158.96,38.61,-106.21,506194.34,6104430.41,1355.2,0.07,61.09,232.42,8.72,0.26,0.05,748,1100.99,1158.43,iron
2,631134693,1,0,1,38.35,0.45,60.88,0.54,16.48,27.87,250.84,-0.56,1.455,0.102,1.24,0.085,715.51,13.84,5105.96,13090.96,2.15,0.07,11540.23,39.13,1817.45,45.31,-34.82,488785.28,6101049.14,1376.0,0.09,50.08,229.34,8.98,0.25,0.05,723,32.86,135.14,proton
3,933081697,1,0,1,39.76,0.58,277.41,0.63,292.59,-14.2,154.08,-73.87,9.044,0.677,7.851,0.585,759.49,15.22,4782.66,21715.05,13.12,0.32,18568.65,58.73,22702.32,60.92,-107.89,495757.07,6121937.88,1360.72,0.12,39.39,237.35,7.82,0.26,0.05,1641,193.13,630.56,iron
3,328222310,0,0,1,28.5,0.54,21.52,0.95,2.47,10.53,258.15,-21.12,0.853,0.061,0.718,0.05,711.87,12.62,4237.3,9868.9,1.31,0.04,10961.3,47.3,30837.19,36.17,-78.15,488135.73,6130050.13,1409.8,0.11,40.63,217.75,10.05,0.26,0.05,1141,611.64,744.5,iron
2,401222145,0,0,1,65.17,0.36,303.74,0.92,323.42,-53.97,349.14,-59.22,14.053,1.256,12.154,1.087,837.01,15.47,8487.5,28788.99,22.57,0.78,9479.33,327.78,35560.6,309.0,-57.92,486635.22,6134774.48,1443.82,0.05,121.59,213.32,8.89,0.29,0.05,1130,868.03,951.66,proton
2,821470914,1,0,0,47.05,0.35,132.72,0.69,209.89,-0.11,101.37,2.65,1.787,0.122,1.527,0.102,692.04,15.14,6422.38,12640.9,2.56,0.06,27522.89,47.53,2701.65,45.53,-96.23,504760.65,6101967.79,1357.15,0.11,38.78,236.51,8.41,0.26,0.05,891,997.66,1359.42,iron
3,336427987,1,0,1,34.24,0.42,200.57,1.06,252.57,-9.59,113.2,-39.47,1.08,0.084,0.914,0.069,686.53,22.48,5003.81,10287.26,1.61,0.05,14762.33,30.42,31943.18,52.5,-96.47,491929.8,6131164.27,1400.77,0.07,85.48,224.93,11.01,0.26,0.05,1587,152.16,722.46,iron
3,643667249,1,1,1,39.2,0.39,248.7,0.61,280.51,-19.29,118.96,-67.99,6.447,0.447,5.585,0.383,745.99,8.55,4854.8,15783.75,9.39,0.17,4205.56,35.88,22094.66,78.04,-57.04,481403.69,6121294.11,1384.36,0.15,26.35,236.08,6.43,0.24,0.04,1302,89.99,423.51,iron
2,544561304,0,0,1,58.97,0.55,274.31,1.33,309.1,-28.22,295.62,-84.43,1.489,0.113,1.263,0.094,770.3,29.38,7672.08,18504.54,2.15,0.09,5437.15,78.37,-2341.65,245.18,-18.24,482696.46,6096875.89,1385.27,0.08,47.25,232.86,9.28,0.26,0.05,646,569.61,590.67,iron
3,214834293,0,0,1,38.71,0.88,172.34,0.93,271.39,33.61,164.77,-22.28,0.861,0.064,0.723,0.052,675.79,15.93,5566.86,14739.86,1.34,0.05,-5950.82,72.39,28353.5,80.72,-4.71,471240.24,6127524.4,1458.99,0.12,35.12,213.79,10.56,0.25,0.05,975,257.17,693.47,iron
4,797181812,0,0,1,45.63,0.48,158.8,0.82,275.7,47.89,174.64,-11.09,1.328,0.099,1.128,0.082,788.75,17.5,5212.89,12959.7,1.98,0.07,-25387.82,71.7,1537.81,48.35,31.58,451878.53,6100677.45,1484.42,0.07,84.78,225.68,10.08,0.26,0.05,1286,296.7,405.29,iron
2,142112387,0,0,1,34.08,0.4,42.55,0.62,270.44,47.7,171.34,-9.67,0.943,0.068,0.795,0.055,730.52,13.93,4495.91,11136.09,1.38,0.04,21265.61,27.91,4516.13,48.09,-70.09,498496.79,6103769.54,1364.74,0.1,35.55,228.93,9.25,0.24,0.05,751,561.12,568.37,iron
3,823783225,0,0,1,36.95,1.02,105.77,1.49,284.27,62.49,184.36,0.86,0.84,0.074,0.705,0.061,884.22,20.58,3232.04,12168.35,1.27,0.06,-4119.68,66.55,24612.78,55.98,-40.57,473078.34,6123788.92,1405.54,0.07,85.68,219.84,10.4,0.27,0.05,1093,415.26,613.29,proton
3,362182504,0,0,1,44.53,0.51,20.22,0.73,2.53,25.49,245.64,-12.14,0.856,0.061,0.718,0.05,690.94,18.53,6062.86,12151.69,1.25,0.04,8908.95,55.81,27508.43,50.6,-88.02,486091.65,6126717.83,1378.29,0.1,37.27,227.55,9.52,0.25,0.05,1387,41.58,282.51,iron
1,36565083,1,1,1,47.18,0.44,7.26,0.58,5.1,11.27,259.05,-18.57,6.146,0.449,5.317,0.385,781.75,14.11,5482.18,18735.19,8.6,0.22,-5989.82,86.83,-20035.35,68.41,-51.44,471321.79,6079165.55,1383.64,0.15,16.17,245.59,8.09,0.23,0.04,299,382.95,384.54,iron
3,278712006,1,1,1,47.45,0.65,287.28,0.45,318.9,-22.0,266.87,-74.61,5.303,0.387,4.583,0.331,777.63,20.51,5561.81,20071.89,7.57,0.19,-11517.65,64.81,25128.9,87.14,-27.75,465683.61,6124286.46,1434.0,0.08,45.93,239.95,7.81,0.28,0.05,988,326.09,789.57,proton
4,278719380,0,1,1,47.35,0.85,288.32,0.74,319.73,-21.91,267.62,-73.87,4.985,0.406,4.307,0.347,751.14,27.55,5813.61,22842.1,7.09,0.26,-11631.18,76.35,25099.36,138.31,-27.75,465570.22,6124256.77,1433.99,0.07,66.94,241.03,9.0,0.26,0.05,988,247.65,672.76,iron
2,892489216,0,0,1,17.41,0.51,27.61,1.34,261.76,23.08,150.52,-25.94,0.94,0.07,0.794,0.057,800.32,12.66,2626.78,7814.99,1.39,0.03,15140.58,25.27,-218.39,24.33,-45.4,492388.67,6099023.62,1373.16,0.07,67.7,226.45,8.62,0.26,0.04,731,616.53,639.91,proton
4,110938799,1,0,1,37.27,0.53,344.61,0.45,320.07,24.25,212.26,-36.02,7.878,0.577,6.835,0.497,696.21,11.49,5236.29,18318.2,11.56,0.24,-21363.27,56.34,27882.73,54.77,-6.02,455830.54,6127017.29,1482.48,0.09,46.27,234.99,7.15,0.22,0.05,1045,1239.68,1457.26,iron
2,403409906,1,0,1,46.54,0.74,272.22,0.56,305.55,-19.22,210.28,-81.73,1.756,0.124,1.5,0.104,675.8,20.12,6578.84,18338.49,2.66,0.09,10077.03,82.79,-12637.03,99.28,-42.65,487359.29,6086601.05,1376.68,0.1,32.6,223.86,8.24,0.26,0.05,570,341.54,735.75,iron
2,94349226,0,0,1,43.67,0.54,287.03,0.65,310.12,-11.66,217.82,-73.12,0.973,0.071,0.82,0.058,793.17,18.42,4962.44,11984.84,1.42,0.05,11983.35,41.8,-8892.48,59.29,-41.24,489254.78,6090347.73,1375.25,0.09,43.05,229.74,9.46,0.24,0.05,541,243.31,374.14,iron
1,850834814,1,0,1,31.05,0.34,111.93,0.55,273.14,52.56,175.17,-6.17,2.072,0.145,1.78,0.122,730.95,10.99,4269.15,10689.32,3.04,0.07,-7921.83,26.98,-25073.39,29.66,-67.15,469403.66,6074123.82,1384.06,0.08,61.18,232.3,8.83,0.25,0.05,340,703.66,728.55,iron
3,34937304,1,0,1,27.18,0.19,27.51,1.22,14.62,-7.52,281.31,-19.69,4.217,0.339,3.649,0.29,795.74,14.01,3248.17,13614.26,6.0,0.18,-10176.49,23.52,30822.05,39.43,97.88,467008.87,6129980.3,1579.58,0.06,86.54,241.43,8.98,0.22,0.05,962,259.91,706.23,proton
3,104739544,0,0,1,22.16,0.56,184.39,1.57,250.76,-1.11,121.24,-33.67,0.662,0.05,0.554,0.04,707.51,15.39,3922.12,10296.18,0.99,0.03,-4807.24,57.87,31434.75,36.07,26.67,472373.38,6130606.62,1506.76,0.12,39.1,222.98,9.73,0.26,0.05,1550,90.58,725.42,iron
3,636522580,0,0,1,48.21,0.88,177.23,0.6,243.41,11.27,128.23,-20.7,2.293,0.177,1.968,0.15,876.12,26.79,4843.4,18898.5,3.45,0.13,-2141.5,106.21,18738.62,60.97,-26.51,475069.52,6117925.39,1401.37,0.1,48.95,226.28,9.35,0.27,0.05,1193,268.98,320.06,proton
1,228002123,1,0,1,30.77,0.27,171.23,1.06,300.14,37.01,190.38,-25.8,1.204,0.092,1.022,0.076,668.37,23.37,4979.79,10083.96,1.75,0.05,-6677.75,25.36,-26266.63,38.52,-79.94,470647.98,6072936.37,1380.03,0.09,90.13,231.48,10.23,0.26,0.05,470,592.2,602.0,iron
2,889424971,0,0,1,46.43,0.7,231.9,0.73,291.02,0.9,168.7,-59.72,0.645,0.049,0.538,0.04,685.05,24.41,6484.72,14748.68,0.95,0.05,11508.39,66.37,-3735.31,85.87,-35.08,488767.34,6095499.58,1376.46,0.14,28.22,224.41,10.29,0.26,0.05,718,195.65,196.44,iron
4,204181354,1,0,1,49.57,0.37,7.5,0.73,8.41,9.08,262.84,-17.03,1.805,0.125,1.542,0.105,684.96,15.19,6835.36,12664.86,2.78,0.07,-32900.59,83.87,3812.85,29.58,76.05,444365.0,6102931.13,1560.22,0.08,51.41,220.03,8.84,0.25,0.05,940,210.7,732.46,iron
1,145378633,1,0,1,56.08,0.59,38.62,0.96,35.26,7.97,276.8,5.68,1.85,0.139,1.579,0.117,735.04,30.14,7408.77,17880.71,2.52,0.1,-21456.77,132.81,-16427.98,75.56,-45.98,455854.13,6082731.37,1411.09,0.09,24.24,249.09,9.58,0.25,0.05,363,24.07,27.93,iron
4,792327862,1,0,1,33.46,0.37,0.92,0.58,5.07,-7.68,276.84,-28.24,1.661,0.111,1.42,0.093,713.04,8.98,4621.29,9425.37,2.54,0.05,-26424.86,33.11,10095.94,30.55,68.6,450820.93,6109226.88,1528.31,0.15,34.67,221.76,8.64,0.27,0.05,661,1.87,673.51,iron
3,538710889,1,0,1,56.41,0.62,136.38,0.79,1.18,59.15,219.04,8.7,24.192,2.023,21.078,1.766,771.97,29.33,7111.56,25730.19,35.39,0.96,-7712.33,203.21,10972.17,108.52,3.67,469520.43,6110150.71,1418.77,0.07,72.84,236.22,8.32,0.27,0.05,843,430.16,776.77,iron
4,538674248,1,0,1,56.6,0.5,135.99,0.99,1.89,59.26,219.18,9.05,20.848,1.646,18.144,1.434,793.46,21.42,6946.44,18934.23,29.45,0.51,-7754.25,136.96,10841.61,213.7,3.67,469478.68,6110020.32,1418.77,0.06,92.35,243.96,6.02,0.29,0.05,843,107.82,682.55,iron
3,818661571,1,0,1,46.13,0.48,314.14,0.72,340.09,-19.63,278.5,-55.22,1.622,0.116,1.384,0.097,708.19,16.54,6052.77,13519.89,2.44,0.07,-6804.61,56.55,27708.87,72.43,-4.71,470386.53,6126878.52,1458.97,0.07,52.97,224.56,9.28,0.26,0.05,975,170.92,425.75,iron
3,172930911,0,0,1,43.07,0.58,265.72,0.91,306.35,-15.14,208.41,-77.59,0.99,0.073,0.834,0.06,724.25,19.39,5482.03,10671.7,1.51,0.04,12155.87,42.28,33257.11,71.08,-73.05,489321.76,6132473.16,1422.89,0.08,43.54,219.17,10.08,0.26,0.05,1129,313.12,501.06,iron
1,774698176,0,0,1,41.5,0.6,13.95,1.36,326.28,41.85,210.91,-17.72,0.735,0.059,0.614,0.048,766.74,18.64,4938.17,15718.17,1.08,0.06,-6538.2,96.87,-23555.6,68.71,-59.68,470779.4,6075645.33,1384.38,0.17,27.92,225.23,9.04,0.26,0.05,324,310.13,816.72,iron
2,647563016,0,0,1,57.14,0.61,74.44,2.23,359.23,78.39,203.15,20.32,0.724,0.054,0.603,0.044,681.4,30.38,8170.35,15368.72,1.09,0.04,11661.62,95.37,-3001.83,262.89,-35.08,488918.76,6096233.35,1376.47,0.07,31.14,218.52,9.4,0.26,0.05,718,262.23,274.26,iron
4,384671223,0,0,1,45.95,0.32,156.51,0.73,254.29,39.37,156.81,-9.52,2.315,0.174,1.988,0.147,654.21,19.52,6690.94,13715.08,3.53,0.09,-14921.3,41.37,17206.71,79.34,22.4,462300.0,6116362.86,1464.57,0.07,94.09,223.65,10.52,0.25,0.05,870,191.94,313.06,iron
1,184384032,0,0,1,44.55,0.57,296.49,0.94,327.52,-23.92,280.12,-67.62,0.966,0.075,0.813,0.062,754.53,22.43,5410.45,11928.83,1.43,0.05,-10004.92,74.37,-18434.1,70.2,-46.05,467304.76,6080754.76,1389.45,0.07,62.19,226.18,10.93,0.26,0.05,310,607.49,614.05,iron
3,50287250,0,0,1,59.25,0.11,34.87,0.77,310.4,68.93,195.55,6.22,6.756,0.505,5.83,0.432,688.56,14.45,8443.7,18195.55,9.76,0.19,-19958.79,95.78,18950.25,131.28,55.91,457264.49,6118093.22,1516.61,0.06,119.47,237.0,9.97,0.27,0.05,919,138.23,371.25,iron
2,724036381,0,0,1,47.32,0.94,138.97,0.89,236.63,38.3,146.92,0.11,0.83,0.064,0.696,0.052,684.4,26.14,6510.55,15325.28,1.25,0.05,11478.17,93.43,-6801.38,131.01,-41.91,488742.96,6092437.09,1374.43,0.09,24.92,220.78,9.09,0.27,0.04,507,572.61,726.87,iron
2,280964702,1,1,1,41.45,0.27,263.5,0.45,295.7,-14.68,163.0,-75.84,3.447,0.235,2.974,0.199,758.3,10.51,4982.65,10220.71,5.11,0.08,13354.39,27.21,2562.34,28.54,-43.4,490596.28,6101796.85,1372.44,0.08,74.61,231.02,7.97,0.24,0.05,773,546.16,602.88,iron
4,86370510,1,0,0,28.26,0.45,339.29,1.02,349.19,-3.81,263.35,-40.11,1.079,0.08,0.913,0.066,735.42,13.36,3948.6,11120.13,1.62,0.05,-25622.11,39.08,7589.31,41.71,53.06,451631.54,6106723.79,1509.35,0.1,37.74,223.03,9.67,0.28,0.05,640,552.61,638.11,iron
2,855372914,0,0,1,46.9,0.93,221.05,0.85,294.12,10.08,178.73,-51.82,0.936,0.071,0.787,0.058,747.08,27.53,5787.74,17298.63,1.39,0.06,8760.09,101.57,-4706.85,107.61,-28.92,486022.47,6094521.13,1379.76,0.14,29.65,225.12,8.84,0.25,0.05,676,57.39,526.08,iron
2,271373442,0,0,1,18.73,0.48,137.29,1.35,275.8,36.23,169.54,-21.68,0.846,0.062,0.712,0.05,693.66,13.53,3878.61,10049.95,1.27,0.04,12535.38,38.3,-4910.22,27.41,-36.62,489796.81,6094327.94,1377.16,0.07,46.88,223.3,9.45,0.26,0.05,727,128.07,198.34,iron
3,432111921,1,0,1,21.34,0.22,137.9,1.34,274.21,38.0,169.17,-19.53,1.185,0.084,1.006,0.069,754.01,12.31,3329.15,8546.58,1.73,0.03,10370.86,22.03,28806.16,22.21,-98.19,487548.35,6128018.74,1377.35,0.07,81.76,230.88,9.29,0.25,0.05,1152,529.84,603.9,iron
2,709083622,1,0,1,30.25,0.4,98.39,0.73,286.44,56.48,183.8,-5.23,1.713,0.118,1.466,0.098,821.9,10.22,3236.71,9202.7,2.47,0.04,23783.28,22.41,3025.19,50.17,-87.24,501017.59,6102288.2,1360.07,0.11,32.66,235.66,8.34,0.25,0.05,896,587.54,609.57,proton
3,212388246,1,1,1,29.36,0.34,263.06,1.71,322.68,-9.17,242.66,-64.1,21.354,1.83,18.669,1.603,727.97,10.31,4150.08,24821.9,31.85,0.65,-4295.75,67.3,13079.19,64.75,-8.05,472930.64,6112263.65,1407.51,0.09,40.86,231.96,8.42,0.31,0.04,846,50.83,368.73,iron
2,956574430,0,0,1,46.05,1.18,177.05,1.07,266.77,31.85,160.22,-21.7,0.924,0.071,0.777,0.058,666.71,32.72,6601.82,16573.66,1.37,0.06,16530.8,161.3,6709.43,107.57,-58.26,493761.25,6105950.53,1365.9,0.11,36.65,224.43,9.73,0.25,0.05,1003,202.18,319.59,iron
3,328325652,1,0,1,48.48,0.48,169.74,0.72,302.39,47.13,192.48,-15.74,1.105,0.077,0.933,0.063,749.0,18.11,6056.59,12843.15,1.62,0.05,1332.46,79.21,24508.07,37.98,-56.44,478529.27,6123699.62,1388.71,0.09,41.31,228.34,8.56,0.24,0.05,1312,415.26,666.03,iron
1,305918798,0,0,1,39.64,0.64,41.12,1.05,25.85,0.67,279.01,-5.99,0.692,0.052,0.578,0.042,764.61,20.65,4707.17,12552.14,1.0,0.04,-13492.01,55.5,-19019.61,75.03,-46.15,463821.4,6080162.1,1397.43,0.16,29.6,228.82,9.62,0.26,0.05,403,434.59,441.16,proton
4,28615470,0,0,1,43.54,0.55,28.2,0.91,38.16,-29.24,311.32,-8.75,0.909,0.068,0.764,0.056,700.24,20.99,5841.39,11396.4,1.37,0.04,-30327.41,87.36,3803.89,40.58,57.78,446939.01,6102929.21,1531.53,0.07,62.14,221.38,10.21,0.25,0.05,624,37.93,576.93,iron
4,854088806,0,0,1,46.92,1.04,89.59,0.67,268.91,71.99,182.68,11.87,2.336,0.178,2.006,0.151,678.18,26.71,6541.0,21257.56,3.6,0.15,-15080.57,83.48,21612.59,150.2,0.43,462131.15,6120762.64,1452.69,0.08,44.13,221.1,9.48,0.25,0.05,928,358.04,545.16,iron
1,929924588,1,0,1,39.26,0.43,122.25,0.68,8.38,37.67,238.92,-0.8,6.678,0.508,5.786,0.437,713.63,12.74,5183.44,15265.77,9.55,0.19,-1752.41,25.54,-28484.14,72.61,-82.61,475580.22,6070727.8,1374.63,0.05,75.73,240.46,8.77,0.24,0.05,345,1345.79,1346.31,iron
2,101769900,0,0,1,52.45,0.8,159.31,0.93,235.7,24.68,135.27,-7.03,1.223,0.093,1.034,0.077,741.29,26.8,6573.92,23297.46,1.86,0.1,9328.64,149.06,5906.89,142.33,-30.94,486564.93,6105130.31,1378.44,0.23,21.35,219.97,8.71,0.26,0.05,1416,174.55,280.41,iron
1,305525226,0,0,1,49.32,0.42,127.53,1.01,336.35,65.94,205.92,6.52,2.915,0.225,2.509,0.19,706.18,15.06,6485.22,25808.91,4.29,0.17,-27725.02,103.44,-10344.57,116.93,-24.58,449573.68,6088796.68,1445.28,0.15,21.38,231.99,8.05,0.26,0.04,1245,164.06,418.72,iron
3,752377974,0,1,1,33.12,0.83,277.72,0.81,296.36,-5.56,175.52,-67.54,2.686,0.197,2.315,0.167,707.67,11.81,4661.55,17981.86,4.12,0.12,-8796.25,62.68,24040.48,65.88,-32.21,468405.4,6123207.95,1418.34,0.09,47.07,222.75,8.46,0.27,0.05,1087,245.19,258.94,iron
4,49314788,0,0,1,52.16,0.3,114.32,0.65,226.18,52.04,154.85,13.54,3.4,0.251,2.927,0.213,771.73,14.71,6359.75,15251.26,5.11,0.15,-16022.58,71.14,3346.22,83.16,20.24,461235.58,6102507.41,1441.11,0.06,96.89,227.32,9.67,0.25,0.05,593,108.73,112.36,proton
1,281599649,1,0,1,36.27,0.38,27.75,0.62,348.93,35.17,230.17,-14.05,1.223,0.086,1.038,0.071,678.98,12.57,5282.64,10896.77,1.88,0.05,-21654.94,37.08,-18498.24,36.18,-57.04,455662.05,6080662.29,1407.38,0.1,49.48,219.51,9.71,0.24,0.05,366,5.52,548.36,iron
2,70220351,0,0,1,50.42,1.0,183.07,0.87,269.07,30.84,161.38,-23.63,1.992,0.16,1.705,0.136,658.88,30.78,7249.24,21443.75,2.98,0.14,13390.41,176.58,9459.34,128.02,-50.11,490615.61,6108690.92,1370.51,0.08,33.1,227.19,9.92,0.25,0.05,1708,130.72,160.15,iron
2,411173351,1,0,1,34.44,0.35,71.29,0.94,7.06,36.53,239.21,-2.33,1.755,0.132,1.502,0.111,697.94,14.9,4895.36,12162.35,2.65,0.08,11024.08,40.62,-13200.38,46.48,-47.85,488306.91,6086038.21,1373.86,0.07,87.21,225.14,10.38,0.26,0.05,566,550.7,562.43,iron
4,619947244,1,0,1,26.11,0.45,245.92,0.96,315.6,2.71,217.1,-57.76,1.596,0.11,1.365,0.092,684.53,9.95,4385.04,9098.78,2.34,0.05,-29245.69,26.92,7864.15,51.33,53.96,448008.87,6106988.37,1528.15,0.12,40.74,231.81,9.13,0.25,0.05,623,195.89,580.35,iron
4,239889606,1,0,1,42.79,0.6,349.03,0.56,348.92,10.16,249.34,-31.88,1.695,0.118,1.448,0.099,721.47,9.53,5533.97,11233.83,2.48,0.06,-26014.29,78.29,11124.12,52.71,77.8,451232.62,6110255.11,1542.66,0.2,20.34,232.01,8.51,0.26,0.05,650,484.71,522.94,iron
1,247521922,0,0,1,47.94,0.92,61.17,1.38,357.48,60.43,216.82,8.16,0.853,0.076,0.715,0.063,742.3,27.77,5970.88,18171.7,1.22,0.08,-9282.96,149.24,-18266.93,149.55,-46.05,468026.76,6080926.92,1389.45,0.17,20.61,232.12,9.59,0.24,0.05,310,411.06,552.29,iron
4,127494519,1,1,1,51.15,0.42,43.9,0.4,24.36,26.04,255.91,4.65,4.951,0.345,4.274,0.293,756.45,16.23,6326.6,18508.31,7.36,0.19,-19016.25,81.99,15939.17,51.98,51.21,458212.79,6115085.73,1500.14,0.17,21.53,230.71,6.51,0.24,0.04,903,124.45,171.04,iron
2,890976833,1,0,1,30.18,0.32,354.13,0.83,353.18,3.44,258.69,-32.74,1.794,0.131,1.537,0.111,755.41,11.2,3886.76,8482.71,2.8,0.05,14881.58,23.96,1592.29,24.42,-45.07,492124.78,6100832.47,1371.92,0.08,82.72,218.23,11.05,0.25,0.06,733,88.0,239.01,iron
4,164265464,1,0,0,56.64,0.29,234.64,1.03,280.26,-7.48,141.13,-60.88,1.112,0.08,0.937,0.065,631.55,20.76,8543.96,15033.44,1.56,0.05,-24083.31,62.16,10440.76,90.59,68.22,453162.95,6109578.59,1521.24,0.09,30.96,237.29,9.46,0.29,0.05,653,347.29,371.23,iron
3,166136611,0,0,1,12.34,0.53,319.06,2.18,345.14,-2.04,258.37,-42.46,0.654,0.049,0.547,0.039,705.3,14.04,3461.51,8146.78,0.99,0.03,2087.58,24.77,27347.21,39.55,-64.99,479274.68,6126539.05,1396.27,0.08,53.68,219.76,9.69,0.27,0.05,1270,417.64,673.96,iron
4,549623806,1,0,0,49.38,0.54,197.52,1.03,318.55,26.62,209.77,-34.19,1.076,0.078,0.908,0.064,689.5,21.94,6743.52,12403.5,1.6,0.04,-28172.97,104.04,5738.64,52.62,45.35,449086.91,6104867.99,1509.88,0.07,43.69,224.68,10.14,0.26,0.05,632,17.14,43.6,iron
2,117264358,0,0,1,45.33,0.68,140.35,0.99,275.63,57.81,178.71,-2.03,1.4,0.104,1.19,0.086,908.35,20.19,4028.81,15547.45,2.08,0.08,9174.96,90.8,-1555.0,59.57,-29.26,486429.49,6097673.07,1378.05,0.17,31.01,227.1,9.97,0.26,0.05,700,525.29,540.54,proton
4,92526973,1,0,1,36.21,0.18,89.07,0.91,35.51,-2.9,286.61,0.97,2.154,0.162,1.85,0.137,754.66,12.31,4401.52,11976.39,3.24,0.09,-34294.33,41.54,1529.2,21.83,76.25,442979.84,6100645.0,1567.65,0.07,95.59,226.86,10.1,0.25,0.05,954,317.99,825.7,proton
2,589874054,0,0,1,36.78,0.58,186.61,0.76,273.75,24.49,161.61,-31.2,0.709,0.054,0.593,0.044,653.93,22.64,5523.72,11290.33,1.06,0.03,21172.99,61.68,5549.96,33.88,-78.51,498402.16,6104803.44,1359.79,0.08,55.48,222.3,10.44,0.25,0.05,784,180.28,182.08,iron
4,618746823,1,0,1,42.29,0.53,309.46,0.56,324.92,-54.49,348.43,-58.27,1.67,0.115,1.426,0.096,674.65,14.86,5877.3,15257.86,2.45,0.08,-20382.27,66.34,13830.6,52.13,61.26,456852.36,6112974.45,1508.84,0.12,30.62,231.34,8.97,0.26,0.06,906,306.77,400.94,iron
2,474879171,1,0,1,46.11,0.66,145.71,0.54,351.07,47.32,223.26,-3.87,1.974,0.139,1.691,0.116,800.11,19.11,5100.53,16559.4,2.95,0.1,25776.7,82.12,9224.02,50.78,-100.27,502996.18,6108485.69,1356.38,0.1,44.04,227.1,7.98,0.25,0.05,738,470.63,472.51,proton
3,390724675,1,1,1,26.39,0.54,153.57,0.63,349.78,25.55,237.55,-20.64,3.12,0.233,2.695,0.198,727.56,10.91,3871.84,13568.27,4.69,0.11,-659.68,41.3,22080.38,32.91,-47.13,476541.17,6121269.25,1393.0,0.06,59.98,228.21,7.99,0.26,0.04,1301,67.6,557.76,iron
2,573841162,0,1,1,58.01,0.33,224.0,0.84,316.42,8.68,214.79,-51.88,2.733,0.19,2.345,0.16,720.41,17.08,7808.2,17276.35,4.34,0.12,15874.87,154.21,11576.06,78.01,-69.55,493090.75,6110810.66,1362.43,0.06,50.1,214.52,7.4,0.25,0.05,1495,252.07,347.82,iron
3,945750872,0,0,1,45.17,0.45,30.89,0.67,58.94,-50.7,337.94,-6.07,0.943,0.063,0.793,0.051,742.25,13.82,5542.96,11725.27,1.4,0.04,10881.57,53.45,31123.53,45.35,-78.15,488055.56,6130336.62,1409.77,0.13,28.2,224.96,8.03,0.26,0.05,1141,344.79,422.85,proton
2,291252255,0,0,1,30.92,0.86,2.96,0.99,317.34,33.11,206.54,-28.22,0.732,0.057,0.613,0.047,770.05,21.87,3803.02,11037.45,1.11,0.04,24378.91,48.27,5162.49,41.3,-91.02,501607.96,6104424.36,1358.06,0.1,54.73,219.9,10.36,0.26,0.05,732,75.03,411.92,iron
3,563188512,0,0,1,37.23,0.85,271.01,1.02,307.47,-9.88,207.64,-72.23,0.724,0.055,0.606,0.045,696.71,19.31,5065.28,15128.22,1.07,0.05,-5516.8,68.24,26052.06,68.41,-31.89,471677.92,6125224.59,1425.54,0.12,40.07,224.83,9.51,0.26,0.05,1089,274.01,316.28,proton
2,630957283,0,0,1,57.81,0.73,193.84,1.13,268.76,25.16,157.62,-28.2,0.921,0.066,0.772,0.053,811.75,32.26,6881.87,17014.56,1.35,0.05,15457.34,133.36,4017.49,109.65,-48.11,492696.98,6103258.23,1370.2,0.13,26.75,227.13,8.19,0.26,0.05,1321,280.86,600.23,proton
3,291791082,0,0,1,42.79,0.58,138.92,0.64,349.0,49.39,220.86,-3.2,1.301,0.094,1.105,0.078,699.34,18.36,5679.73,15091.77,1.92,0.07,-5505.28,66.12,24240.53,60.05,-36.48,471694.89,6123414.66,1410.71,0.08,51.5,227.73,9.99,0.25,0.05,1090,143.98,367.94,iron
4,277533322,1,1,1,50.26,0.18,206.66,0.34,323.58,18.05,219.05,-40.58,17.972,1.244,15.65,1.081,762.95,8.7,6047.6,13641.64,25.85,0.24,-26846.37,30.74,4563.23,26.93,41.51,450413.02,6103695.35,1501.81,0.1,39.18,240.25,2.71,0.25,0.03,626,359.92,371.41,proton
3,283851867,0,0,1,27.72,0.53,286.52,0.94,314.71,-0.2,217.58,-60.78,0.889,0.064,0.749,0.052,832.46,12.45,2925.39,8354.13,1.34,0.03,10373.88,36.46,31349.02,27.65,-78.15,487545.83,6130558.31,1409.78,0.09,43.65,222.2,8.89,0.27,0.04,1141,456.49,632.93,proton
3,854222224,0,0,1,46.92,0.76,282.05,1.05,313.9,-20.06,250.03,-77.72,1.353,0.108,1.149,0.091,672.48,23.6,6506.05,22664.57,2.02,0.11,531.67,125.47,18200.54,130.17,-33.23,477742.58,6117393.05,1394.11,0.15,22.38,225.91,9.27,0.27,0.05,1461,182.93,308.78,iron
3,843432691,0,0,1,30.13,0.6,58.88,0.8,45.27,-39.53,323.28,-8.26,0.796,0.057,0.669,0.046,679.23,15.15,4686.45,10143.73,1.18,0.03,11840.51,37.16,30604.86,45.84,-91.89,489012.58,6129818.61,1391.02,0.07,53.19,224.05,8.79,0.26,0.04,1151,292.09,292.82,iron
3,483619918,1,1,1,41.68,0.32,161.37,0.45,18.71,-4.69,280.56,-14.79,4.309,0.288,3.723,0.244,737.64,9.69,5167.13,14162.24,6.35,0.11,6231.76,47.48,20131.28,24.73,-51.99,483435.01,6119337.93,1381.77,0.07,70.04,232.91,6.78,0.24,0.05,1468,462.81,511.72,iron
3,437738130,1,0,1,51.02,0.4,266.74,0.57,308.3,-27.67,290.58,-85.21,1.661,0.109,1.416,0.09,717.28,15.98,6651.98,15677.18,2.41,0.07,16151.65,35.74,32949.48,79.37,-91.04,493315.68,6132173.56,1414.6,0.1,38.03,233.33,7.09,0.26,0.05,1554,32.16,74.2,iron
2,311929977,0,0,1,19.56,0.51,161.61,1.36,14.96,-28.28,302.43,-27.25,0.733,0.053,0.615,0.043,761.89,12.57,3089.61,7947.11,1.07,0.02,14802.81,51.47,-2599.15,24.16,-44.86,492056.5,6096643.53,1374.07,0.1,41.5,229.15,9.29,0.25,0.05,720,555.1,689.82,proton
1,404148745,1,0,1,42.09,0.53,69.46,0.63,17.87,35.98,244.49,4.64,1.22,0.082,1.034,0.067,762.24,12.78,4949.0,12273.67,1.75,0.04,-9943.75,62.37,-23143.5,47.98,-62.32,467377.27,6076048.89,1387.2,0.12,25.71,234.04,7.04,0.26,0.04,328,254.54,317.88,iron
2,101674932,0,0,1,48.97,0.32,354.83,0.6,16.22,-26.77,301.21,-25.72,1.38,0.096,1.172,0.079,778.3,17.78,5717.59,12872.37,1.99,0.05,10695.52,57.52,6309.38,57.36,-35.66,487929.5,6105536.1,1376.21,0.08,87.65,233.84,9.32,0.27,0.05,1521,31.26,676.78,proton
2,746770034,1,0,1,41.61,0.55,169.62,0.59,319.74,41.63,206.11,-19.5,1.738,0.118,1.486,0.098,866.09,8.48,3890.96,9543.45,2.56,0.05,15787.08,69.12,-633.25,49.01,-49.01,493034.87,6098610.7,1371.43,0.14,22.37,230.21,7.09,0.22,0.04,783,36.71,357.61,proton
4,335054873,1,0,1,31.75,0.47,270.39,0.85,329.04,-29.37,294.58,-66.94,1.274,0.091,1.083,0.075,728.92,11.38,4236.97,11569.26,1.94,0.05,-27056.25,41.04,6521.04,59.89,51.32,450200.8,6105651.46,1513.9,0.1,33.02,221.48,8.85,0.26,0.05,628,39.86,525.8,iron
1,58167284,1,0,1,42.95,0.38,60.67,0.43,59.95,-35.91,326.57,3.44,2.056,0.135,1.763,0.113,742.82,11.97,5243.41,12975.73,2.95,0.07,-21726.32,35.6,-18160.97,44.0,-52.94,455589.51,6080999.22,1410.33,0.13,28.95,237.29,6.75,0.28,0.05,338,224.87,656.17,iron
2,593258542,0,0,1,29.76,0.57,181.14,0.88,277.51,27.04,166.49,-30.57,0.679,0.05,0.568,0.04,658.4,19.19,4852.29,9589.92,1.01,0.03,22370.54,45.1,4203.91,31.19,-76.87,499603.34,6103461.31,1362.95,0.07,58.42,223.0,9.34,0.25,0.04,777,204.85,216.35,iron
4,122390814,1,0,0,39.52,0.48,331.56,0.56,351.68,-16.38,279.88,-43.76,1.122,0.074,0.949,0.06,688.01,9.05,5294.91,10083.36,1.63,0.04,-25311.32,63.82,14956.59,18.22,88.98,451922.8,6114087.78,1555.55,0.16,24.28,231.43,7.46,0.25,0.05,1774,153.2,204.89,iron
3,758660017,0,0,1,40.02,0.85,279.54,0.73,310.97,-12.46,221.61,-73.5,0.728,0.054,0.609,0.043,680.07,22.49,5460.33,15970.03,1.05,0.05,-5430.24,77.65,25264.06,75.26,-40.09,471766.43,6124438.2,1412.89,0.1,39.07,229.42,8.79,0.26,0.05,1086,488.06,904.69,iron
2,432746317,1,0,1,37.73,0.44,117.38,0.82,312.87,61.83,197.53,-0.68,1.367,0.093,1.163,0.077,703.23,11.18,4982.16,14508.76,2.04,0.06,17848.49,46.32,5931.58,83.51,-64.31,495078.85,6105177.39,1364.67,0.14,24.96,225.3,8.14,0.29,0.05,792,399.2,550.17,iron
2,134936277,1,1,1,34.41,0.43,100.17,0.5,336.26,57.04,210.26,-1.26,3.633,0.262,3.138,0.222,860.69,12.85,3141.34,11066.41,5.25,0.1,12191.63,37.22,-785.37,29.16,-35.85,489442.9,6098448.79,1374.81,0.08,38.02,236.99,8.97,0.26,0.04,725,276.29,582.1,proton
4,700313976,0,0,1,64.27,0.36,180.07,0.82,282.28,45.92,178.17,-14.58,7.395,0.562,6.371,0.481,772.52,21.02,8458.18,22935.88,10.45,0.25,-10171.5,232.46,-5652.11,233.92,-2.14,467107.23,6093529.43,1407.71,0.04,80.57,241.93,7.67,0.24,0.05,104,154.78,444.6,proton
3,671662354,0,0,1,25.73,0.25,170.24,1.22,352.96,12.87,249.93,-27.12,0.665,0.051,0.557,0.041,706.74,19.86,3969.08,9327.09,0.98,0.03,13542.28,23.91,32632.22,29.09,-80.71,490708.37,6131849.79,1418.09,0.07,86.4,225.25,10.66,0.26,0.05,1135,188.69,391.67,iron
2,754623091,0,0,1,22.19,0.46,182.38,0.93,351.5,5.01,256.0,-33.15,0.93,0.067,0.785,0.055,619.97,14.76,4744.95,9184.62,1.39,0.03,19730.72,25.94,3261.56,34.42,-67.44,496966.95,6102512.88,1364.23,0.09,54.7,223.29,9.56,0.25,0.05,757,78.69,304.15,iron
2,532016012,0,0,1,44.85,0.84,301.83,1.03,305.31,-53.06,9.61,-64.01,0.985,0.075,0.83,0.061,665.71,25.88,6154.88,14937.55,1.48,0.05,8569.75,69.24,-10069.53,128.55,-34.03,485845.98,6089162.79,1378.67,0.07,59.49,222.76,9.91,0.26,0.05,573,251.62,648.26,iron
3,244903839,1,0,1,29.27,0.53,87.13,0.56,42.16,-29.47,313.13,-5.74,20.616,1.556,18.021,1.361,727.45,9.18,3993.05,17577.35,32.05,0.44,-13411.06,29.5,29451.73,46.13,32.81,463780.08,6128601.97,1512.64,0.07,78.51,223.15,7.99,0.25,0.05,979,417.57,480.52,iron
4,284745831,1,0,1,47.69,0.36,202.94,0.62,287.97,22.23,175.06,-38.56,2.133,0.151,1.828,0.127,727.76,14.82,5870.94,12519.07,3.17,0.08,-19062.05,44.68,8613.98,65.87,36.57,458185.0,6107764.52,1470.6,0.07,78.94,228.89,9.5,0.26,0.05,1732,250.04,312.44,iron
2,894168878,0,0,1,32.53,0.4,228.42,0.79,323.52,2.11,230.28,-54.66,0.878,0.061,0.739,0.049,725.37,11.55,4262.01,11193.31,1.32,0.04,14154.34,48.16,-9729.39,37.74,-48.82,491426.92,6089516.03,1374.07,0.15,28.79,221.66,8.81,0.24,0.05,581,52.74,341.17,iron
4,433776959,1,0,0,33.61,0.43,48.29,0.64,36.93,-25.5,307.45,-8.07,1.018,0.068,0.86,0.056,665.27,9.44,4991.67,10105.5,1.51,0.04,-26253.63,44.42,19661.53,38.63,81.83,450969.89,6118786.67,1565.56,0.16,27.77,226.23,8.64,0.27,0.05,1031,1.89,465.88,iron
2,287979777,0,0,1,20.37,0.45,200.2,1.24,349.4,-3.54,263.2,-39.79,0.768,0.054,0.645,0.043,730.22,10.12,3449.35,7863.99,1.16,0.02,15485.53,41.63,-7628.68,25.56,-51.12,492752.09,6091618.76,1371.67,0.1,41.02,220.89,8.99,0.26,0.05,768,262.41,262.45,iron
1,91587569,0,0,1,41.86,0.4,293.44,0.69,315.7,-46.02,348.03,-68.57,0.749,0.052,0.627,0.041,752.8,15.19,4999.25,10304.46,1.09,0.03,-9784.28,38.43,-25002.26,39.73,-74.55,467542.45,6074189.62,1384.91,0.1,43.82,227.26,9.22,0.26,0.05,330,300.07,641.98,iron
1,54025745,0,0,1,41.16,0.85,64.18,0.77,64.89,-41.93,333.67,2.62,0.64,0.047,0.533,0.037,681.46,16.12,5671.56,13632.1,0.97,0.04,-8525.8,66.77,-24233.56,84.88,-67.15,468796.97,6074962.82,1384.04,0.1,29.48,217.06,9.59,0.26,0.05,340,156.82,556.71,iron
1,531764806,0,0,1,40.38,0.76,161.38,0.83,4.1,17.46,253.15,-15.82,0.981,0.074,0.827,0.061,706.09,19.85,5327.26,12334.82,1.5,0.06,-15519.69,84.26,-16681.38,43.56,-39.45,461789.21,6082493.09,1400.4,0.07,48.42,218.46,11.04,0.26,0.06,1802,15.84,277.77,iron
2,978574259,0,0,1,45.81,1.1,58.32,0.86,63.76,-36.35,328.84,5.57,0.633,0.048,0.527,0.039,751.49,30.11,5533.43,15962.72,0.93,0.04,15809.21,110.95,6662.59,86.8,-58.26,493040.02,6105902.92,1365.9,0.11,38.94,224.89,9.27,0.25,0.05,1003,303.75,307.87,proton
3,513881610,1,0,1,34.15,0.39,344.23,0.68,6.6,-42.63,317.41,-36.82,1.855,0.124,1.59,0.103,787.54,8.21,3894.62,11244.76,2.77,0.05,12222.6,60.71,31449.91,31.13,-86.5,489393.6,6130664.69,1404.17,0.13,27.67,228.27,7.31,0.24,0.04,1142,221.43,253.84,iron
3,365378579,0,0,1,31.97,0.82,44.74,3.28,48.2,-47.89,331.73,-10.44,0.847,0.079,0.712,0.066,882.13,28.17,2784.49,11975.58,1.26,0.07,-7674.41,49.79,29052.58,72.47,29.62,469513.9,6128218.52,1499.93,0.07,101.64,224.88,10.02,0.26,0.05,984,274.41,560.32,proton
4,852940015,0,1,1,46.77,0.96,58.62,0.54,77.54,-45.4,342.66,6.55,6.184,0.486,5.35,0.417,725.36,25.56,5958.81,26535.4,9.24,0.32,-8226.57,67.79,10326.4,155.71,3.67,469009.96,6109504.3,1418.74,0.08,47.9,229.84,8.3,0.25,0.05,843,305.96,613.26,iron
3,331530826,0,0,1,40.71,0.75,269.13,0.89,314.53,-17.57,243.49,-75.64,0.641,0.047,0.535,0.037,732.12,22.74,5136.75,12669.43,0.92,0.03,14902.14,45.88,33594.85,79.94,-87.56,492065.36,6132818.92,1414.24,0.07,47.38,229.37,8.8,0.25,0.05,1565,592.63,605.71,iron
1,79792350,0,0,1,45.21,0.91,90.21,2.08,8.32,56.03,223.9,9.85,1.058,0.085,0.893,0.07,708.03,22.88,5964.17,20524.78,1.58,0.08,-20657.09,149.27,-12034.72,144.51,-27.87,456642.48,6087125.21,1417.91,0.16,26.22,223.81,10.11,0.25,0.05,424,91.12,334.44,iron
3,501619924,0,0,1,50.3,0.91,349.7,0.92,8.74,-16.5,287.67,-28.64,0.682,0.052,0.568,0.042,648.5,30.16,7328.7,16757.26,1.0,0.05,8607.0,131.38,26123.63,118.22,-82.41,485793.25,6125332.85,1377.42,0.12,19.66,225.27,9.86,0.25,0.05,1384,318.54,481.33,iron
1,192770791,1,1,1,47.51,0.35,339.38,0.42,2.61,-65.19,345.87,-37.05,6.033,0.423,5.218,0.361,772.64,12.21,5642.4,18055.57,8.65,0.17,-17169.92,69.48,-8951.56,27.31,-10.96,460118.67,6090214.75,1417.32,0.07,58.93,239.11,5.91,0.27,0.04,159,158.59,402.38,iron
3,723197205,1,0,1,41.25,0.44,189.92,0.63,328.21,25.93,219.67,-31.63,2.002,0.136,1.717,0.114,706.9,11.73,5492.84,16458.52,2.94,0.07,-6434.51,58.88,26987.57,55.64,-19.2,470759.72,6126158.65,1439.81,0.13,26.19,231.68,6.93,0.23,0.04,982,20.34,682.42,iron
1,817412723,0,0,1,32.32,0.81,4.86,1.03,27.19,-65.96,345.82,-26.92,0.825,0.064,0.693,0.052,640.68,23.55,5346.99,11144.44,1.2,0.04,-17537.05,70.5,-17558.07,43.46,-46.13,459775.06,6081612.09,1402.99,0.09,50.18,229.4,11.06,0.26,0.06,416,108.35,187.55,iron
3,574725453,1,0,1,48.96,0.39,82.9,0.67,69.03,-29.07,326.23,13.69,2.094,0.147,1.794,0.123,725.89,17.12,6315.8,12014.71,3.06,0.06,13859.86,43.47,29286.98,68.82,-108.19,491034.39,6128506.29,1373.21,0.08,61.09,232.74,8.51,0.25,0.05,1143,141.23,214.53,iron
3,318593964,0,0,1,26.62,0.44,342.62,1.36,3.78,-55.31,333.47,-38.44,0.976,0.073,0.824,0.06,764.06,14.32,3488.13,10475.83,1.45,0.04,12875.46,49.61,34851.19,30.02,-59.67,490038.71,6134064.87,1453.06,0.12,39.42,225.49,9.8,0.26,0.05,1138,627.78,714.43,iron
3,719158393,1,0,1,39.06,0.51,1.43,0.7,14.4,-21.88,295.49,-25.62,1.088,0.076,0.92,0.062,763.89,11.7,4582.71,11576.05,1.67,0.05,10663.44,59.04,29273.19,49.93,-90.55,487837.64,6128485.62,1382.71,0.15,31.3,218.81,8.05,0.26,0.05,1348,853.6,978.29,iron
2,939999198,1,0,1,37.82,0.57,235.04,0.81,332.37,-15.01,264.97,-60.08,1.445,0.109,1.231,0.091,780.92,14.65,4264.01,13426.36,2.43,0.09,11092.05,69.45,-8495.4,47.72,-41.24,488362.77,6090740.68,1375.26,0.14,38.36,200.78,11.87,0.25,0.06,541,327.08,542.59,proton
4,285796207,1,0,0,35.75,0.27,201.9,0.95,359.26,-26.3,295.52,-40.12,1.122,0.085,0.95,0.07,693.54,17.95,4978.86,9867.03,1.7,0.04,-23288.5,33.45,22808.46,35.07,40.44,453927.07,6121940.18,1521.36,0.07,92.34,221.54,11.46,0.25,0.06,963,461.4,472.67,iron
1,281445708,1,0,1,37.77,0.39,171.86,0.53,350.09,22.27,240.25,-22.78,1.53,0.106,1.305,0.088,653.49,14.9,5560.09,11763.81,2.22,0.06,-15728.9,40.37,-16775.2,29.09,-39.45,461580.91,6082398.86,1400.41,0.09,54.73,233.45,9.3,0.26,0.05,1802,164.64,439.31,iron
3,443946432,1,0,1,27.36,0.34,132.41,0.96,32.85,-30.27,310.28,-13.35,2.325,0.159,2.002,0.134,774.4,7.9,3397.16,6644.6,3.42,0.05,-1674.6,31.32,31810.46,21.71,-1.34,475503.68,6130989.7,1477.47,0.09,51.38,231.86,8.32,0.27,0.05,1553,412.87,590.05,proton
1,118805675,0,0,1,43.15,0.85,281.24,1.1,318.37,-31.68,305.25,-75.82,0.903,0.071,0.76,0.059,721.21,31.27,5421.9,13642.53,1.32,0.05,-6260.16,73.32,-20276.49,106.82,-51.44,471051.41,6078924.06,1383.66,0.06,70.05,228.94,10.64,0.26,0.05,299,259.84,564.47,iron
2,160310908,1,0,1,42.05,0.55,39.27,0.46,48.53,-36.78,322.15,-4.67,2.79,0.195,2.403,0.164,846.38,15.43,4098.58,15218.21,3.88,0.11,12547.97,49.15,6890.65,43.75,-45.16,489780.46,6106122.37,1372.15,0.07,52.22,246.28,8.52,0.17,0.05,1237,353.8,508.2,proton
3,961534124,1,1,1,37.65,0.32,318.08,0.44,269.52,-56.8,42.21,-52.03,3.158,0.219,2.724,0.185,775.01,10.17,4247.85,10797.22,4.73,0.08,-5178.86,26.97,28709.45,28.76,7.47,472010.11,6127881.28,1476.27,0.07,60.35,228.25,8.56,0.29,0.05,1552,401.42,409.5,iron
3,719832413,0,0,1,40.0,0.5,307.85,0.89,300.55,-58.3,15.28,-58.78,0.833,0.061,0.699,0.05,669.39,14.8,5688.05,14255.23,1.24,0.06,9767.32,65.91,27012.1,74.0,-86.39,486948.66,6126225.73,1375.48,0.17,22.4,223.86,9.44,0.24,0.05,1381,629.87,662.89,iron
4,236489502,1,0,0,31.53,0.25,183.14,0.99,16.17,-49.4,326.31,-30.89,1.08,0.08,0.914,0.066,692.12,17.67,4602.33,9327.9,1.59,0.04,-21777.08,23.33,18418.21,32.07,64.65,455445.78,6117555.64,1530.37,0.07,90.15,227.75,10.72,0.26,0.05,694,356.85,390.58,iron
3,844266134,0,0,1,36.79,0.43,248.37,0.68,315.16,-6.38,224.32,-66.22,0.67,0.048,0.559,0.038,777.88,13.92,4212.32,9300.13,1.01,0.03,12456.58,31.49,33169.19,34.63,-73.05,489623.07,6132385.49,1422.91,0.08,58.65,219.44,9.61,0.26,0.05,1129,321.52,726.01,iron
3,5763308,1,0,1,31.26,0.65,65.79,0.74,22.44,7.35,271.49,-5.88,1.058,0.082,0.895,0.068,660.16,17.68,4965.96,11987.75,1.56,0.05,13680.71,40.54,29651.56,59.29,-108.19,490853.99,6128870.13,1373.24,0.06,56.46,227.22,9.98,0.26,0.05,1143,388.1,653.59,iron
4,966117720,1,0,1,34.92,0.36,271.99,1.0,324.93,-24.59,280.49,-70.07,1.796,0.139,1.538,0.118,836.4,14.57,3458.05,11360.77,2.65,0.08,-33395.54,30.46,5215.06,56.42,76.73,443868.8,6104331.92,1565.58,0.12,30.3,230.41,10.46,0.27,0.05,627,126.61,653.34,proton
4,747391512,1,0,1,37.16,0.37,215.9,0.69,331.09,4.27,238.07,-48.47,1.505,0.102,1.284,0.085,754.35,10.5,4488.97,8412.04,2.15,0.04,-31795.44,18.11,8589.52,44.99,53.15,445461.55,6107709.57,1534.49,0.12,34.94,237.23,9.3,0.26,0.06,619,565.46,683.51,proton
4,434956421,0,0,1,47.85,0.82,297.05,0.71,306.91,-49.09,5.95,-67.83,1.301,0.102,1.104,0.085,769.53,26.77,5628.81,16464.12,1.91,0.08,-18069.88,56.76,17519.48,112.76,43.27,459154.28,6116666.4,1493.47,0.08,43.54,229.36,10.11,0.25,0.05,845,46.8,306.13,iron
1,33811727,1,0,1,23.94,0.43,81.28,0.95,36.39,-32.91,314.02,-11.7,4.565,0.323,3.954,0.276,714.75,8.07,3850.64,11334.2,6.86,0.11,-21916.94,32.76,-17919.23,62.46,-57.04,455398.32,6081240.74,1407.47,0.1,39.81,228.59,7.55,0.28,0.05,366,30.9,1112.88,iron
4,189166213,1,0,0,41.06,0.41,6.91,0.74,209.74,-59.81,45.56,-21.67,1.133,0.078,0.959,0.064,710.33,12.12,5316.88,14761.12,1.67,0.06,-20885.69,77.8,14015.66,39.91,61.26,456347.05,6113157.92,1508.86,0.15,24.45,227.48,8.24,0.28,0.05,906,489.22,576.23,iron
4,624429228,1,0,1,38.21,0.61,227.07,0.4,333.2,-7.83,254.55,-55.44,17.69,1.451,15.43,1.266,756.23,13.94,4566.98,21845.75,26.82,0.54,-24046.49,66.92,-3926.74,51.49,5.9,453234.22,6095218.19,1453.44,0.08,46.48,228.64,7.97,0.21,0.04,1251,100.92,634.92,iron
2,519864832,1,0,1,27.14,0.43,11.26,0.66,29.17,-66.08,346.08,-26.14,1.911,0.142,1.64,0.12,813.83,10.51,3009.31,7574.25,2.95,0.06,21170.48,20.58,2541.79,26.9,-73.52,498408.25,6101797.27,1363.02,0.08,53.54,220.19,9.74,0.27,0.05,769,220.68,473.6,iron
3,453243059,0,0,1,36.29,1.01,86.44,1.62,69.07,-47.25,339.61,1.23,0.727,0.068,0.609,0.057,844.62,23.26,3438.32,11648.46,1.09,0.06,12961.19,68.98,26882.23,76.68,-95.42,490142.3,6126099.76,1371.51,0.06,82.14,221.85,10.7,0.27,0.05,1156,611.32,644.4,proton
1,957616673,0,0,1,39.81,0.52,61.3,0.83,63.78,-43.86,334.61,0.74,1.082,0.079,0.915,0.065,734.04,15.93,4860.26,14868.14,1.57,0.06,-17617.99,47.24,-15492.39,68.99,-36.01,459688.18,6083675.76,1406.42,0.15,30.18,230.88,9.19,0.25,0.05,400,70.04,330.49,iron
3,422638113,1,0,1,25.23,0.42,161.85,0.91,31.57,-61.09,340.87,-24.17,1.415,0.105,1.207,0.088,793.69,11.69,3015.49,7670.19,2.12,0.04,-3025.43,40.77,32755.24,20.66,35.33,474150.54,6131930.84,1521.48,0.1,39.86,226.03,10.32,0.26,0.06,1551,243.22,296.84,iron
3,766124641,0,0,1,34.53,0.47,314.93,0.74,344.9,-39.25,312.99,-53.22,0.685,0.048,0.573,0.038,673.29,14.16,5025.59,12330.91,0.99,0.03,13007.2,54.95,32835.25,36.41,-80.71,490173.82,6132050.93,1418.08,0.12,31.93,228.89,9.05,0.26,0.05,1135,100.08,208.49,iron
3,107322490,1,0,1,23.25,0.33,7.49,1.27,16.79,-40.41,316.16,-28.94,1.126,0.078,0.955,0.064,702.06,12.21,3899.46,11339.66,1.63,0.04,13602.11,45.02,34645.49,27.61,-73.22,490762.73,6133861.73,1434.04,0.1,37.98,233.01,8.96,0.23,0.05,1140,440.19,566.14,iron
3,225838749,0,0,1,46.12,0.6,277.37,1.12,311.21,-34.86,332.36,-79.52,0.817,0.063,0.685,0.052,725.52,24.8,5750.66,18469.47,1.14,0.06,2335.42,73.6,21409.98,108.44,-45.81,479536.81,6120606.97,1390.09,0.19,25.83,237.3,9.75,0.27,0.05,1291,476.01,516.25,proton
3,113542646,0,0,1,39.79,0.89,20.96,1.01,52.42,-60.91,344.57,-14.72,1.553,0.122,1.325,0.103,866.89,22.55,3668.29,14742.37,2.36,0.09,1549.99,79.91,19615.2,35.66,-40.66,478757.2,6118811.02,1390.77,0.07,83.05,223.05,10.32,0.26,0.05,1413,377.42,515.93,proton
1,970330096,1,0,1,42.08,0.33,270.52,0.74,315.75,-32.99,313.84,-77.47,1.932,0.143,1.655,0.12,727.43,14.57,5239.94,11904.03,2.95,0.07,-10603.35,51.5,-15477.53,39.59,-31.29,466698.8,6083710.22,1394.86,0.07,90.99,222.63,10.67,0.25,0.05,167,160.67,496.44,iron
3,486168487,0,0,1,29.08,0.53,341.29,1.59,355.55,-67.4,349.74,-38.95,0.666,0.05,0.556,0.04,657.7,17.17,4786.27,13966.72,0.96,0.04,14690.79,75.0,31266.26,53.35,-93.18,491859.99,6130487.56,1400.66,0.11,36.1,229.14,8.95,0.25,0.05,1144,91.05,692.04,iron
4,263944297,0,0,1,47.04,0.63,294.41,1.66,319.28,-42.53,336.24,-69.65,1.404,0.119,1.193,0.101,797.19,21.56,5283.79,22464.67,2.09,0.12,-25426.94,110.47,-1858.62,127.51,14.04,451849.54,6097283.18,1463.91,0.18,26.37,226.66,9.69,0.26,0.05,1076,172.78,277.54,proton
3,802843648,0,0,1,37.79,1.14,224.28,0.94,329.23,-0.8,241.04,-53.52,1.286,0.108,1.093,0.091,731.67,24.89,4814.64,15253.37,1.92,0.08,6389.56,112.76,21870.61,65.96,-57.71,483588.59,6121078.1,1380.93,0.08,42.89,225.38,10.16,0.26,0.05,1353,84.11,609.47,iron
4,264492824,1,0,1,49.83,0.73,16.61,0.74,42.8,-42.15,324.75,-11.13,1.35,0.099,1.145,0.082,670.6,23.41,7049.74,16024.93,2.07,0.08,-23814.7,90.63,8456.92,99.38,54.43,453434.37,6107595.14,1503.47,0.1,22.44,219.39,9.37,0.27,0.05,662,5.03,243.41,iron
4,742259674,0,0,1,51.48,0.5,342.08,1.17,251.61,-78.77,23.39,-33.75,2.332,0.186,2.001,0.158,747.09,18.12,6508.59,25460.16,3.35,0.17,-14601.8,157.46,8055.38,121.17,16.82,462643.99,6107217.25,1438.94,0.21,20.86,236.75,8.89,0.27,0.05,1746,194.6,208.59,iron
1,740863710,0,0,1,38.26,0.7,131.48,0.82,65.41,-53.06,342.3,-4.43,0.705,0.054,0.589,0.044,756.37,19.7,4634.21,10408.5,1.04,0.04,-11875.27,51.22,-20431.3,49.19,-52.49,465440.53,6078754.47,1390.7,0.08,47.27,224.67,10.16,0.26,0.05,332,52.52,211.03,iron
1,188021850,1,1,1,57.13,0.55,28.05,0.79,61.11,-41.94,331.89,0.44,4.97,0.364,4.284,0.309,727.51,29.24,7633.49,19594.49,7.2,0.21,-18994.35,129.36,-14899.13,62.93,-37.57,458312.91,6084266.52,1409.22,0.14,28.91,235.6,7.85,0.29,0.05,397,122.81,173.65,iron
1,119320022,0,0,1,37.6,1.46,104.49,1.39,142.07,-60.18,22.25,1.29,1.022,0.102,0.863,0.086,738.65,40.94,4601.6,15200.87,1.51,0.1,-9826.62,81.63,-16971.25,75.26,-34.55,467479.24,6082216.5,1393.61,0.13,52.41,226.31,9.76,0.26,0.05,121,34.33,638.6,iron
3,718760803,1,0,1,39.67,0.58,130.61,0.46,80.7,-58.56,352.31,-2.6,4.61,0.347,3.986,0.296,736.82,14.55,4866.2,18431.23,6.55,0.17,-9033.01,55.36,21807.69,54.13,-19.69,468175.81,6120973.72,1421.62,0.07,60.15,241.77,8.07,0.24,0.05,1189,549.46,552.45,iron
2,21095005,0,0,1,39.63,0.71,123.63,1.06,102.37,-61.88,3.33,-0.54,0.717,0.055,0.6,0.045,667.34,22.15,5594.18,17663.85,1.07,0.05,20549.13,77.82,9274.93,81.51,-79.37,497769.59,6108525.06,1361.1,0.13,32.69,223.38,9.52,0.26,0.05,1697,115.22,218.11,iron
2,264899673,0,0,1,47.74,0.51,125.45,0.73,77.61,-46.14,343.16,6.01,0.981,0.067,0.826,0.054,637.02,15.88,7105.37,14805.88,1.46,0.05,25984.4,73.12,3801.29,62.31,-93.59,503217.52,6103065.32,1357.39,0.13,27.09,223.86,7.63,0.25,0.04,771,695.66,722.32,iron
2,403652452,1,0,1,22.55,0.39,202.0,0.76,327.54,-74.98,4.69,-40.55,1.533,0.115,1.31,0.097,695.65,13.98,4015.44,7487.06,2.33,0.04,19982.98,18.95,2204.64,22.93,-67.44,497221.82,6101457.24,1364.27,0.09,62.07,223.45,11.36,0.25,0.06,757,83.54,790.95,iron
3,649417423,1,1,1,51.09,0.49,313.79,0.63,265.02,-21.55,103.63,-55.14,4.907,0.34,4.236,0.289,694.31,16.51,6975.13,18735.26,7.4,0.18,-8315.62,85.75,23405.25,87.17,-32.21,468889.19,6122571.85,1418.35,0.08,44.07,227.21,6.25,0.24,0.05,1087,321.97,346.18,iron
3,253005433,0,0,1,35.87,1.27,156.51,0.99,12.84,3.9,269.83,-15.9,1.107,0.097,0.937,0.081,883.4,29.73,3117.12,12747.84,1.65,0.08,-1037.48,66.18,23117.43,43.22,-47.13,476163.08,6122303.76,1393.03,0.08,70.44,225.34,10.28,0.26,0.05,1301,628.97,680.48,proton
2,520720331,0,0,1,41.58,0.66,117.35,1.68,111.75,-59.46,7.2,2.92,1.237,0.098,1.049,0.082,741.02,18.86,5159.53,19407.32,1.82,0.09,13530.33,93.97,8729.0,108.17,-50.25,490756.69,6107961.44,1370.19,0.17,30.06,229.18,8.84,0.26,0.04,1702,38.95,500.66,iron
4,528782733,1,1,1,36.16,0.31,50.9,0.73,71.79,-58.09,348.45,-5.28,3.313,0.235,2.86,0.199,691.36,8.22,5142.43,13214.63,5.4,0.12,-32559.82,48.14,265.95,24.32,71.41,444716.66,6099387.81,1554.91,0.06,85.48,210.04,8.09,0.26,0.05,1053,95.23,253.95,iron
2,703977100,0,0,1,60.61,0.3,199.18,1.42,356.08,2.1,261.92,-31.11,1.003,0.072,0.841,0.059,713.95,20.1,8535.84,15666.1,1.47,0.05,21378.07,178.83,6054.03,65.77,-83.17,498600.45,6105305.7,1359.06,0.08,28.75,226.38,9.3,0.26,0.05,741,407.7,728.57,iron
1,433445952,0,0,1,20.7,0.47,111.32,1.27,148.45,-77.67,18.35,-15.9,0.658,0.049,0.551,0.039,648.47,17.16,4491.72,9327.89,0.98,0.03,-20516.6,27.47,-20047.38,47.69,-62.77,456802.88,6079117.16,1403.2,0.12,40.17,223.77,10.77,0.26,0.05,391,252.32,309.83,iron
1,69268376,0,0,1,44.25,0.78,21.47,1.69,203.43,-43.56,59.8,-11.99,1.655,0.132,1.413,0.111,749.02,20.69,5417.73,20860.85,2.62,0.13,-1574.7,112.15,-25539.17,121.3,-75.48,475747.37,6073676.11,1375.99,0.18,29.27,214.11,10.16,0.24,0.05,351,52.8,291.69,proton
4,127094615,0,0,1,47.1,0.88,23.41,1.9,209.13,-26.73,77.25,-8.77,1.444,0.126,1.228,0.107,730.18,23.11,5997.2,22826.36,2.13,0.12,-17165.88,165.79,24635.86,169.89,-12.59,460040.78,6123781.83,1459.44,0.12,24.48,228.48,9.79,0.25,0.05,1042,262.97,503.99,iron
4,879556135,1,0,1,43.11,0.62,227.37,0.43,340.14,-42.01,318.8,-56.29,6.315,0.489,5.467,0.419,791.48,18.15,4877.9,17786.27,9.33,0.21,-21573.31,68.07,1906.41,56.89,21.76,455692.23,6101055.08,1457.83,0.06,47.12,232.53,8.08,0.25,0.04,589,53.84,215.88,iron
3,141773576,1,0,1,46.32,0.42,5.81,0.5,216.0,-41.17,65.81,-19.63,1.195,0.079,1.012,0.064,922.33,14.34,4103.74,10456.75,1.69,0.04,9571.3,43.59,29632.09,39.82,-90.55,486744.56,6128841.3,1382.62,0.19,31.81,237.9,7.72,0.27,0.04,1348,442.8,624.93,proton
2,348119479,1,0,1,36.38,0.35,225.05,0.56,330.11,-57.82,348.5,-53.86,1.285,0.086,1.092,0.071,773.25,10.93,4234.7,9466.47,1.85,0.04,14122.23,36.85,-2626.16,24.22,-41.86,491377.17,6096615.04,1373.63,0.13,38.18,233.96,8.27,0.25,0.05,729,294.22,484.58,iron
1,503651677,0,0,1,38.65,0.83,44.58,1.86,123.47,-68.36,13.06,-5.49,0.632,0.053,0.527,0.043,610.52,24.38,6270.95,15062.74,0.94,0.05,-9921.2,122.41,-20960.2,122.04,-55.69,467395.3,6078232.11,1388.15,0.14,26.37,223.55,9.81,0.26,0.05,315,823.07,823.36,iron
3,654879041,1,0,1,35.67,0.41,293.76,0.61,289.24,-50.28,33.51,-64.6,1.907,0.128,1.635,0.107,672.42,10.09,5248.23,13008.88,2.82,0.07,2592.08,29.82,24957.49,66.12,-63.87,479784.77,6124151.81,1386.52,0.17,28.55,229.96,7.53,0.25,0.05,1278,17.96,189.27,iron
2,835549460,1,0,1,43.31,0.47,25.73,0.45,184.11,-59.57,39.65,-10.13,1.766,0.124,1.51,0.104,727.9,16.24,5478.2,15651.33,2.5,0.08,22942.51,51.05,7962.84,48.7,-88.15,500165.23,6107219.41,1358.18,0.14,32.83,239.4,8.55,0.28,0.05,745,49.81,220.38,iron
3,748992509,0,0,1,38.07,0.84,303.79,0.93,273.91,-45.28,57.0,-60.65,0.932,0.07,0.785,0.057,698.5,15.65,5192.12,15625.67,1.4,0.06,649.83,81.24,22221.46,71.77,-49.89,477850.9,6121412.26,1390.34,0.12,36.47,222.88,8.61,0.25,0.05,1307,298.79,564.63,iron
1,245248103,0,0,1,44.29,0.68,74.15,0.78,185.05,-30.08,63.35,7.56,0.909,0.064,0.764,0.052,700.2,18.73,5832.8,13123.32,1.31,0.04,-8590.94,59.4,-25334.69,82.06,-74.26,468735.16,6073863.65,1382.98,0.1,30.52,232.39,8.51,0.24,0.05,329,137.58,175.07,iron
4,288800926,1,1,1,50.3,0.36,176.93,0.8,133.06,-82.21,14.31,-19.45,2.87,0.218,2.468,0.185,715.1,19.16,6606.59,12790.49,4.28,0.1,-17049.1,67.49,22725.35,91.18,5.82,460162.38,6121872.14,1468.11,0.06,95.51,228.58,10.67,0.26,0.05,950,195.44,195.47,iron
2,570183157,0,0,1,23.52,0.59,271.12,1.11,302.21,-58.34,13.59,-58.78,0.64,0.05,0.534,0.04,790.45,16.84,3027.57,9182.5,0.93,0.03,12845.21,28.8,-1867.67,32.67,-36.21,490098.67,6097369.83,1376.19,0.07,65.75,227.41,8.57,0.25,0.04,722,413.86,548.48,iron
1,894807181,0,0,1,43.52,0.61,98.72,0.69,199.61,-8.64,88.99,7.72,0.969,0.069,0.816,0.056,659.71,20.49,6241.05,13945.82,1.35,0.05,-13321.21,61.44,-19424.46,71.28,-46.15,463992.56,6079757.5,1397.46,0.15,26.42,239.91,9.05,0.28,0.05,403,682.42,703.87,iron
2,450625642,0,0,1,21.31,0.46,157.8,1.08,227.14,-31.64,78.62,-25.16,0.761,0.055,0.639,0.045,674.72,15.07,4159.04,8760.24,1.15,0.03,19505.72,25.47,2592.89,35.44,-67.44,496743.42,6101844.26,1364.24,0.1,46.81,220.66,10.51,0.26,0.05,757,455.45,545.6,iron
3,435912917,0,0,1,29.7,0.99,228.48,0.85,334.14,-56.27,344.07,-53.32,0.888,0.064,0.748,0.052,817.6,9.58,3179.45,6746.2,1.34,0.03,921.13,46.81,29986.42,83.95,-30.86,478101.39,6129173.12,1441.56,0.13,31.64,221.97,9.44,0.26,0.05,1100,81.79,376.31,proton
1,706398283,1,0,1,42.26,0.82,289.88,0.99,282.23,-34.49,75.26,-70.8,1.768,0.133,1.512,0.112,723.14,23.49,5439.88,13929.85,2.58,0.11,-6281.07,66.4,-21376.6,109.79,-55.8,471033.69,6077823.36,1384.31,0.07,56.28,232.03,10.08,0.26,0.05,296,126.34,283.87,iron
3,996639187,0,0,1,47.04,1.11,159.86,1.01,87.97,-70.37,1.57,-10.63,0.986,0.076,0.831,0.062,708.15,33.24,6233.17,14941.85,1.52,0.06,-4428.22,118.42,27145.37,121.39,-36.57,472766.24,6126320.07,1419.77,0.1,35.86,217.24,10.69,0.25,0.05,1092,536.83,663.17,iron
2,761680086,1,1,1,31.05,0.44,114.12,0.56,178.32,-57.31,39.43,-6.36,5.996,0.425,5.198,0.365,804.77,8.86,3462.5,12157.95,8.63,0.12,10273.8,43.85,-4323.84,30.56,-33.68,487534.7,6094909.11,1377.41,0.1,43.23,239.43,7.11,0.2,0.04,686,393.05,670.44,proton
2,545943880,0,0,1,55.12,0.39,305.61,0.88,271.11,-23.25,103.42,-61.02,2.096,0.159,1.794,0.134,777.23,18.66,6879.94,14960.57,3.18,0.09,6346.21,63.1,-7165.5,144.65,-26.54,483617.23,6092058.27,1380.9,0.05,58.37,223.84,9.59,0.25,0.05,562,128.41,153.0,proton
4,727975672,1,1,1,33.78,0.75,81.23,0.98,162.35,-58.54,32.22,-1.73,3.258,0.257,2.813,0.219,764.83,16.35,4134.1,14832.74,4.91,0.14,-19899.88,46.4,5280.91,54.71,29.5,457355.58,6104429.99,1460.74,0.07,83.71,227.1,10.31,0.26,0.05,1725,690.69,823.91,iron
1,179769938,1,0,1,41.65,0.54,6.25,0.9,222.82,-32.62,76.35,-22.0,1.462,0.104,1.245,0.087,811.46,13.5,4485.81,14161.94,2.21,0.08,-7489.33,98.7,-24140.41,47.91,-67.15,469833.67,6075059.17,1384.03,0.22,25.99,222.98,9.6,0.28,0.05,340,31.6,352.56,proton
3,47735084,1,0,1,46.69,0.49,231.81,0.51,276.09,-49.61,48.1,-59.53,5.466,0.391,4.725,0.334,671.18,12.85,6614.47,21058.67,9.22,0.32,-11381.85,88.25,29922.27,68.67,97.88,465806.3,6129077.4,1579.57,0.23,24.47,203.43,6.72,0.24,0.05,962,208.85,504.89,iron
1,932130672,0,0,1,40.73,0.75,71.19,1.13,186.37,-35.03,60.08,3.67,0.886,0.071,0.745,0.058,669.76,24.75,5919.28,15766.46,1.28,0.07,-10053.09,82.71,-19111.19,82.65,-46.05,467257.6,6080077.84,1389.43,0.17,28.39,230.73,11.19,0.26,0.06,310,361.69,600.49,iron
1,355937196,1,1,1,46.97,0.49,64.74,0.65,208.38,9.34,109.17,8.27,6.307,0.471,5.457,0.404,733.7,15.66,5973.78,22497.28,9.72,0.3,-4783.11,91.1,-16036.25,86.08,-34.48,472517.43,6083166.31,1388.68,0.18,24.71,222.9,6.72,0.24,0.04,195,199.22,294.83,iron
3,578777211,0,0,1,31.07,0.54,168.12,0.84,224.15,-35.16,74.11,-23.84,0.84,0.06,0.706,0.049,644.87,15.96,5221.45,13055.48,1.22,0.04,-5530.16,49.46,29080.22,46.71,7.47,471657.08,6128251.88,1476.25,0.11,35.43,228.81,9.18,0.25,0.05,1552,6.23,46.74,iron
1,550397474,1,1,1,41.14,0.69,284.22,0.58,283.96,-25.82,102.98,-72.98,10.898,0.917,9.471,0.796,733.88,17.93,5191.53,21581.2,16.52,0.49,1703.45,51.52,-19091.66,97.49,-47.73,479007.18,6080128.18,1380.97,0.07,63.78,227.2,8.39,0.29,0.05,272,203.23,621.54,iron
4,985010200,1,0,0,40.99,0.35,278.42,0.59,286.3,-31.82,80.91,-74.8,1.152,0.081,0.975,0.067,646.1,16.03,6190.1,11274.18,1.65,0.04,-23547.41,37.75,13835.34,33.68,78.27,453689.16,6112971.64,1536.24,0.13,39.04,234.72,9.18,0.27,0.05,635,268.81,273.92,iron
2,123519827,1,0,1,22.28,0.42,334.03,1.07,257.94,-5.56,121.3,-42.11,1.4,0.1,1.194,0.083,681.43,12.79,4175.85,10282.01,2.09,0.05,12001.4,26.45,-9066.29,31.53,-41.24,489273.07,6090173.41,1375.26,0.07,73.27,227.05,9.6,0.26,0.05,541,481.68,508.53,iron
3,885462585,1,0,1,58.48,0.23,310.75,0.71,302.45,6.89,192.0,-55.98,2.925,0.2,2.511,0.168,733.39,14.06,7934.91,15118.54,4.17,0.09,-8922.44,50.7,30312.64,102.0,78.33,468264.66,6129473.82,1557.55,0.06,43.62,238.81,8.08,0.28,0.05,966,90.01,319.58,iron
2,947773166,1,0,1,29.35,0.37,144.06,0.55,208.65,-43.77,61.22,-15.52,1.942,0.132,1.667,0.111,691.18,10.47,4538.4,11077.93,2.76,0.05,26644.51,27.96,4270.34,30.52,-100.42,503874.15,6103538.45,1356.61,0.09,52.54,239.75,8.27,0.26,0.05,677,3.47,10.21,iron
3,925336808,0,0,1,41.47,0.86,303.95,0.69,283.24,-5.85,147.96,-61.64,1.657,0.134,1.415,0.113,713.33,24.51,5462.6,18926.68,2.4,0.11,-9834.91,83.58,23272.22,92.08,-28.92,467370.7,6122434.99,1423.89,0.07,53.9,234.42,10.1,0.24,0.05,922,464.4,497.59,iron
1,412458226,1,0,1,36.23,0.41,100.67,1.02,221.03,16.13,120.86,0.36,1.574,0.114,1.344,0.095,655.62,12.48,5546.98,15646.86,2.4,0.09,-19858.08,50.61,-15365.22,75.49,-37.57,457449.77,6083795.85,1409.25,0.15,28.47,222.14,9.24,0.27,0.05,397,696.51,711.26,iron
2,989952526,1,0,1,30.43,0.44,264.88,0.85,280.41,-14.53,129.31,-65.53,1.121,0.075,0.95,0.061,753.42,10.57,3920.17,8486.86,1.61,0.03,15851.05,41.92,-8724.89,32.74,-55.33,493119.93,6090523.71,1370.95,0.11,38.41,233.56,8.35,0.25,0.05,1173,116.09,260.75,iron
2,496927201,1,0,1,20.0,0.55,13.59,0.97,230.28,-34.34,76.54,-28.44,1.383,0.117,1.179,0.099,859.35,15.8,2118.15,7987.43,2.08,0.06,19311.06,22.36,2927.12,29.5,-67.44,496549.17,6102177.75,1364.25,0.07,60.17,224.93,10.24,0.28,0.05,757,531.89,541.11,proton
4,779467051,1,0,1,26.26,0.45,345.78,1.25,272.73,16.8,155.66,-37.2,1.504,0.115,1.284,0.097,795.73,13.62,3142.46,10614.86,2.22,0.06,-22255.9,51.13,16722.46,29.51,73.02,454971.67,6115860.04,1531.66,0.09,40.69,229.69,9.13,0.25,0.05,824,639.54,639.69,proton
4,734966348,1,0,0,26.38,0.39,358.96,0.79,239.36,-18.98,96.29,-31.53,1.138,0.079,0.965,0.065,681.5,11.31,4404.84,8988.07,1.72,0.03,-35678.67,26.67,6808.62,27.65,62.77,441580.97,6105918.4,1561.89,0.07,67.26,222.5,9.11,0.26,0.05,625,594.02,759.0,iron
1,15191149,0,0,1,24.65,0.47,58.2,1.05,229.72,2.34,112.82,-13.78,0.81,0.059,0.681,0.048,692.72,14.69,4136.78,8550.64,1.21,0.03,-19897.33,23.63,-20341.66,44.74,-59.55,457422.21,6078823.28,1401.78,0.12,42.78,223.98,10.76,0.25,0.05,374,654.98,684.8,iron
3,529043768,1,1,1,44.95,0.19,129.88,0.63,201.58,-16.61,82.94,2.15,10.113,0.77,8.78,0.666,764.35,11.45,5317.74,18743.52,13.81,0.31,22408.33,43.93,23426.53,62.42,-130.59,499590.44,6122674.7,1355.1,0.06,101.49,252.29,8.03,0.25,0.05,1614,546.33,636.21,iron
2,853010354,1,1,1,42.77,0.43,63.4,0.67,204.91,-6.56,93.35,4.09,3.033,0.238,2.614,0.202,690.38,15.18,5912.24,15375.44,4.65,0.14,5246.53,34.98,-6186.97,85.13,-22.6,482515.63,6093033.9,1382.77,0.05,72.1,222.7,10.37,0.27,0.05,454,63.51,334.53,iron
4,251293417,0,0,1,64.43,0.24,253.18,1.27,320.0,-36.7,320.62,-72.68,1.697,0.119,1.44,0.099,687.99,15.09,9795.34,17699.78,2.67,0.09,-18237.6,111.09,18453.04,209.99,43.27,458985.59,6117604.53,1493.55,0.06,31.26,213.76,9.02,0.26,0.05,845,482.94,489.36,iron
2,419462505,1,0,1,30.42,0.33,332.9,0.68,275.2,10.94,153.9,-43.38,1.327,0.1,1.129,0.084,701.61,19.12,4575.75,9148.56,1.98,0.05,12991.93,24.55,-8821.05,25.72,-45.77,490262.86,6090420.76,1373.62,0.09,75.11,226.04,11.23,0.25,0.06,580,57.3,166.63,iron
2,616118262,0,0,1,35.09,0.49,210.49,0.6,251.14,-33.71,81.22,-45.31,0.966,0.071,0.815,0.058,656.96,17.82,5515.07,10550.61,1.39,0.04,14939.25,57.51,-6299.28,24.43,-48.44,492203.16,6092946.22,1371.23,0.26,27.77,233.44,10.75,0.26,0.06,760,267.94,365.1,iron
4,525293191,1,0,1,39.01,0.36,285.0,0.42,295.98,-9.04,171.61,-70.75,3.746,0.264,3.235,0.223,718.51,10.36,5192.7,13790.68,5.99,0.15,-19564.98,29.4,20379.01,42.63,29.41,457653.01,6119519.71,1493.62,0.08,55.53,213.78,7.6,0.29,0.05,931,502.82,903.78,iron
3,753560432,1,0,1,27.82,0.38,213.0,0.9,257.05,-14.73,109.49,-45.65,13.395,1.05,11.677,0.914,747.51,9.38,3837.93,18254.15,21.0,0.41,22337.42,23.93,31660.91,46.25,-144.64,499500.17,6130900.82,1375.05,0.07,79.37,220.68,8.12,0.25,0.04,1660,16.58,592.55,iron
4,474893644,0,0,1,39.67,0.48,17.86,0.77,253.35,28.95,148.84,-16.51,1.65,0.123,1.409,0.103,715.34,18.19,5295.85,12965.5,2.44,0.08,-36245.81,64.18,1696.46,35.26,82.23,441026.53,6100807.01,1581.92,0.08,77.75,229.12,10.19,0.26,0.05,972,762.45,1299.22,iron
3,295968509,1,0,1,41.58,0.38,184.23,0.48,240.23,-8.27,107.99,-28.01,1.974,0.131,1.692,0.11,762.61,11.74,4949.69,13206.95,3.11,0.08,1846.25,40.63,23332.63,40.13,-56.44,479041.4,6122526.5,1388.68,0.11,40.54,216.66,6.99,0.21,0.04,1312,70.71,543.5,iron
1,872736813,0,0,1,53.23,0.97,129.92,1.31,183.3,-29.94,62.52,8.85,0.961,0.074,0.808,0.061,668.05,32.8,7511.23,17196.78,1.37,0.06,-13439.59,179.14,-17496.07,117.36,-42.63,463869.31,6081684.46,1395.67,0.12,27.75,234.17,10.36,0.26,0.05,125,203.44,203.45,iron
4,227285989,0,0,1,43.85,1.04,93.14,0.74,200.12,-5.53,91.99,8.77,1.411,0.119,1.2,0.1,843.56,30.27,4407.79,18205.06,2.06,0.1,-18037.11,71.74,23889.79,85.93,2.14,459170.83,6123032.21,1471.19,0.1,45.91,231.5,10.18,0.25,0.05,1035,199.3,450.71,proton
1,760903877,0,0,1,56.0,0.54,137.42,1.04,181.02,-34.23,57.94,7.61,2.38,0.199,2.04,0.169,757.52,22.93,7094.61,17553.07,3.69,0.15,2258.15,115.13,-24360.01,214.58,-69.71,479575.17,6074864.02,1377.11,0.04,73.02,219.23,10.94,0.27,0.05,347,34.02,286.87,iron
1,978517423,0,0,1,60.45,0.25,46.86,0.44,207.69,19.96,118.65,13.42,53.547,4.403,46.843,3.865,803.61,19.97,7718.86,22964.31,73.65,1.25,-24559.26,68.42,-13352.88,56.1,-31.09,452740.04,6085790.56,1425.17,0.19,22.39,251.99,3.65,0.29,0.02,409,613.64,617.31,iron
4,978503665,1,0,1,59.75,0.16,46.92,0.26,208.02,19.34,118.2,12.88,51.836,4.25,45.347,3.731,766.57,10.18,7912.05,25790.48,75.37,0.92,-24297.56,76.3,-13007.36,43.88,-31.09,453002.8,6086138.78,1425.1,0.06,64.63,238.61,3.4,0.27,0.02,409,420.21,420.93,proton
2,550330898,0,0,1,41.86,0.45,181.7,1.0,225.59,-41.0,68.23,-26.51,1.307,0.092,1.11,0.076,699.14,12.69,5693.87,17609.0,2.01,0.07,8438.06,99.8,-4121.08,60.04,-26.14,485700.02,6095106.39,1380.65,0.2,27.09,219.55,8.32,0.26,0.04,674,662.26,667.08,iron
4,921916548,1,0,1,47.11,0.54,291.43,0.78,301.02,-8.96,186.81,-71.74,1.45,0.098,1.233,0.081,752.61,14.42,5800.69,17227.44,2.19,0.07,-23871.81,83.24,5727.33,88.65,42.78,453384.85,6104868.33,1489.07,0.2,24.15,223.58,7.78,0.26,0.04,588,148.74,221.47,iron
2,486145482,0,0,1,39.7,0.95,25.98,0.95,278.06,47.15,175.83,-12.4,0.913,0.076,0.768,0.063,685.25,32.09,5580.15,13043.73,1.34,0.05,17769.56,92.02,6118.59,53.88,-64.31,495000.95,6105363.71,1364.69,0.09,55.63,226.9,10.79,0.26,0.05,792,318.63,791.7,iron
2,712282940,1,0,0,23.23,0.46,174.05,1.0,252.78,8.32,131.67,-29.89,1.101,0.082,0.933,0.068,734.76,13.39,3603.04,9953.65,1.66,0.05,14821.94,34.95,-10604.29,32.97,-48.82,492097.51,6088643.12,1374.16,0.1,44.34,223.47,9.96,0.27,0.05,581,1044.4,1070.87,iron
2,174258901,0,0,1,43.67,0.32,65.13,0.55,271.05,65.03,179.92,5.42,0.805,0.057,0.675,0.045,680.09,16.31,6113.65,11536.85,1.17,0.03,16366.79,34.49,1187.89,35.12,-49.87,493610.23,6100431.63,1370.75,0.15,33.69,229.5,8.57,0.28,0.05,735,121.91,499.71,iron
3,891008894,1,0,1,23.69,0.48,272.39,1.01,272.97,-13.02,123.61,-58.65,1.014,0.08,0.858,0.067,758.04,15.26,3386.28,7795.93,1.49,0.04,996.29,25.03,28610.96,46.42,-40.66,478180.59,6127798.72,1425.52,0.1,39.33,228.37,11.74,0.24,0.06,1097,648.23,654.98,iron
3,781319267,0,0,1,35.46,0.62,131.92,0.72,209.4,-21.25,82.31,-6.56,1.241,0.094,1.053,0.078,782.94,18.22,4085.07,13368.22,1.82,0.07,-2803.75,49.16,22806.68,35.42,-37.72,474397.69,6121988.97,1403.16,0.07,70.03,230.02,9.67,0.25,0.05,1196,286.1,579.39,iron
3,238056113,0,0,1,49.94,0.58,255.81,0.67,293.77,-36.65,49.76,-77.71,1.328,0.1,1.127,0.083,632.9,23.71,7539.69,23098.09,1.83,0.09,5660.04,94.63,19678.68,129.02,-51.99,482863.58,6118883.61,1381.74,0.2,20.93,244.22,10.22,0.28,0.06,1468,42.01,161.49,iron
1,912187462,0,0,1,32.19,0.82,157.67,1.86,227.24,-14.37,96.08,-19.03,0.814,0.062,0.684,0.051,669.93,32.04,5001.9,9650.09,1.2,0.03,-8542.82,52.04,-23241.09,91.27,-60.18,468778.21,6075954.99,1387.13,0.05,79.41,226.43,9.21,0.26,0.04,313,308.44,309.89,iron
4,911555218,1,0,1,42.57,0.52,95.16,0.63,248.97,59.48,168.4,7.29,2.203,0.164,1.891,0.139,753.65,15.23,5165.89,14836.01,3.36,0.11,-17160.17,33.05,11470.29,74.55,35.11,460078.24,6110624.27,1469.09,0.07,63.29,223.5,9.13,0.24,0.05,916,564.91,609.12,iron
2,653474347,0,0,1,51.0,0.66,17.35,0.95,253.56,38.2,155.59,-9.98,0.929,0.066,0.78,0.054,767.81,22.97,6252.93,14073.39,1.37,0.05,20442.92,116.4,5928.17,49.19,-68.75,497669.82,6105178.91,1364.76,0.1,35.6,225.45,8.94,0.25,0.05,750,360.79,419.19,iron
2,734233468,1,1,1,34.4,0.36,97.25,1.06,214.35,0.7,104.13,-0.94,9.121,0.691,7.924,0.597,749.53,11.28,4338.64,20067.95,12.43,0.29,25511.38,52.65,12797.51,59.15,-113.84,502720.1,6112059.21,1352.47,0.15,35.89,253.11,7.35,0.24,0.04,1685,296.79,534.15,iron
3,586444485,0,1,1,53.57,0.48,200.23,1.2,241.18,-70.91,33.36,-34.66,3.441,0.295,2.962,0.252,775.06,21.72,6624.28,32967.45,5.01,0.3,-19847.65,166.14,24485.99,149.76,16.88,457359.79,6123624.66,1494.95,0.21,20.48,234.47,10.22,0.27,0.06,997,256.47,619.0,iron
3,815476510,1,0,1,26.61,0.38,140.54,0.75,228.42,-5.49,105.01,-16.27,2.491,0.175,2.147,0.148,674.67,10.65,4536.51,10013.97,3.72,0.06,2048.65,29.59,24735.31,26.85,-63.87,479241.2,6123929.61,1386.56,0.08,71.79,228.78,9.5,0.26,0.05,1278,434.07,701.84,iron
2,186804302,0,1,1,47.05,0.92,38.35,0.72,0.11,44.83,229.45,-1.18,5.439,0.433,4.701,0.371,720.52,24.63,6137.74,23507.33,8.64,0.27,8628.87,143.27,13325.33,107.46,-45.98,485847.86,6112543.4,1375.14,0.06,56.99,215.71,9.13,0.26,0.05,1524,460.91,610.12,iron
1,115794108,1,1,1,31.39,0.68,108.29,1.11,298.37,57.62,190.41,-5.16,18.288,1.524,15.969,1.332,750.27,12.58,4031.73,23041.42,27.72,0.54,-9568.42,70.22,-7399.6,59.44,-5.39,467712.59,6091785.01,1406.93,0.08,44.75,228.44,8.25,0.27,0.04,103,525.17,575.1,proton
3,985520061,0,0,1,43.01,1.17,289.97,0.91,292.78,-10.53,161.0,-70.84,0.797,0.073,0.668,0.06,781.38,38.13,4973.05,13718.33,1.19,0.07,-4085.27,78.46,26436.13,74.78,-36.57,473107.58,6125613.26,1419.72,0.15,46.74,222.89,11.26,0.25,0.05,1092,0.01,8.77,proton
1,626204145,0,0,1,21.47,0.42,75.69,1.06,269.58,41.77,167.8,-14.52,0.775,0.055,0.651,0.045,737.64,14.15,3473.03,7084.85,1.11,0.02,-20860.61,21.16,-21804.8,32.58,-69.29,456463.85,6077359.92,1403.46,0.12,43.71,231.89,9.97,0.26,0.05,370,423.38,617.17,iron
1,225340077,1,0,1,35.23,0.21,261.75,1.0,280.48,-25.21,103.22,-69.79,1.912,0.139,1.639,0.117,751.26,11.5,4395.12,11712.97,2.92,0.07,-13231.39,43.67,-14859.37,26.51,-32.36,464070.75,6084319.64,1399.24,0.07,94.63,222.33,9.45,0.26,0.05,128,153.04,234.95,iron
2,707292664,1,0,1,44.65,0.28,228.18,0.59,265.52,-36.89,76.14,-57.04,9.349,0.647,8.112,0.557,759.84,7.02,5390.66,18749.38,13.94,0.24,13970.67,53.21,-16871.41,69.5,-63.46,491261.7,6082378.31,1373.58,0.18,22.11,231.3,5.36,0.21,0.04,572,890.01,1401.8,proton
1,502697882,1,0,1,34.23,0.25,231.87,0.94,267.16,-21.71,104.4,-57.09,1.913,0.15,1.64,0.127,814.85,12.5,3638.55,12497.41,2.99,0.09,-13542.2,38.94,-14362.81,24.68,-28.55,463759.09,6084815.69,1401.68,0.07,91.48,217.41,9.8,0.26,0.05,153,512.43,636.47,iron
1,558906890,0,0,1,30.75,0.47,19.26,1.32,323.37,38.98,209.78,-21.19,1.336,0.102,1.137,0.085,751.91,15.85,3968.79,14739.96,1.95,0.07,-5299.66,71.02,-25224.39,45.26,-72.5,472024.83,6073981.61,1381.39,0.11,35.55,230.84,9.41,0.25,0.05,294,254.28,449.17,iron
3,797261160,1,0,1,22.83,0.41,206.99,0.95,252.08,-17.4,103.52,-42.27,1.126,0.084,0.955,0.069,765.41,14.32,3230.84,7704.74,1.65,0.04,10266.51,23.41,30717.45,22.33,-86.08,487440.57,6129928.42,1394.29,0.07,70.4,229.6,10.54,0.25,0.05,1359,363.76,408.56,iron
3,7394781,0,0,1,51.02,0.61,120.94,1.05,207.27,12.52,111.58,10.63,1.09,0.088,0.919,0.073,782.08,24.83,6018.79,14011.34,1.61,0.07,-4351.94,130.25,22391.85,94.29,-33.7,472850.59,6121571.83,1408.15,0.05,65.2,226.64,10.8,0.26,0.05,1197,323.69,399.07,iron
1,362162069,0,0,1,35.65,0.91,113.04,1.24,274.5,57.55,178.05,-2.01,0.65,0.056,0.543,0.046,728.92,28.97,4602.56,10967.78,0.96,0.05,-7173.71,42.36,-26411.0,90.36,-79.94,470153.68,6072791.36,1380.06,0.06,64.69,224.26,11.38,0.25,0.05,470,408.78,742.89,iron
1,568222671,1,0,1,41.56,0.52,51.71,0.67,0.22,45.65,228.89,-0.58,1.81,0.126,1.548,0.106,821.66,16.18,4298.99,13483.43,2.49,0.07,-7618.64,72.73,-24155.43,43.03,-67.15,469704.03,6075044.25,1384.02,0.14,30.58,246.88,9.08,0.24,0.05,340,9.14,288.1,proton
3,950454336,1,0,1,41.9,0.34,80.98,0.55,300.28,69.36,191.92,6.51,1.69,0.116,1.444,0.097,734.18,13.54,5316.54,10571.34,2.52,0.05,12412.73,31.75,28431.68,37.13,-102.79,489590.83,6127651.6,1375.63,0.09,68.85,227.3,8.29,0.25,0.04,1149,393.71,439.88,iron
4,715765404,1,0,0,37.89,0.61,77.04,0.82,319.29,64.08,199.93,2.11,1.146,0.08,0.971,0.065,690.55,14.34,5341.5,14653.62,1.69,0.05,-23206.84,62.28,22810.65,62.09,40.44,454006.68,6121940.26,1521.36,0.11,28.72,227.98,8.24,0.26,0.04,963,385.09,437.4,iron
1,487851335,0,0,1,19.15,0.49,72.75,1.32,237.24,8.73,122.45,-17.03,0.771,0.056,0.648,0.045,670.45,17.21,4203.37,8794.1,1.14,0.03,-11344.68,36.39,-23819.82,29.7,-68.93,465979.1,6075370.0,1386.68,0.11,46.83,226.19,9.12,0.26,0.04,334,535.26,566.58,iron
3,636932224,0,0,1,31.7,1.17,357.75,1.08,315.97,31.22,205.78,-30.34,0.752,0.059,0.631,0.048,825.17,35.31,3312.81,9617.23,1.11,0.04,3116.23,48.88,25503.52,33.78,-63.87,480306.05,6124699.42,1386.55,0.11,70.74,224.84,9.68,0.26,0.05,1278,430.43,551.71,iron
3,89518832,0,0,1,38.09,0.34,1.95,0.74,296.43,36.9,187.09,-25.68,0.982,0.067,0.828,0.054,738.44,10.95,4809.56,12771.26,1.44,0.04,13253.27,58.25,35388.15,31.07,-65.96,490416.01,6134603.21,1450.21,0.18,24.51,228.06,7.77,0.23,0.04,1139,23.58,1149.56,iron
3,395992199,0,0,1,40.44,1.15,332.43,1.75,306.66,19.69,197.66,-43.05,0.686,0.068,0.572,0.056,626.82,54.38,6334.2,12055.92,1.01,0.06,-4685.37,122.74,26755.33,123.1,-36.57,472505.77,6125931.44,1419.76,0.07,66.28,225.42,10.83,0.26,0.05,1092,504.58,520.28,iron
3,966003815,0,0,1,44.49,0.52,147.22,0.85,223.29,7.5,114.3,-5.69,0.949,0.072,0.799,0.059,682.34,22.01,6178.27,12929.97,1.41,0.05,840.2,95.51,22309.89,43.22,-49.89,478039.51,6121502.53,1390.32,0.06,61.81,224.3,9.7,0.26,0.05,1307,132.99,364.32,iron
2,437904098,1,1,1,38.59,0.31,109.45,0.68,215.65,9.1,112.19,1.75,7.391,0.506,6.409,0.434,772.79,6.55,4512.39,15550.35,10.73,0.17,20075.38,32.93,7981.32,69.14,-75.76,497299.75,6107230.4,1360.53,0.19,26.97,236.84,5.35,0.26,0.03,765,143.56,217.03,iron
4,51627860,1,0,1,36.18,0.54,292.07,0.51,302.92,-2.89,192.82,-65.76,1.449,0.105,1.234,0.088,714.25,15.64,4879.9,13274.1,2.18,0.07,-20226.23,39.21,14602.78,44.64,59.22,457006.15,6113747.05,1507.26,0.1,44.66,224.66,9.73,0.26,0.05,920,158.29,408.62,iron
3,435897084,1,0,1,39.21,0.49,145.45,0.64,251.21,38.2,154.24,-8.7,1.376,0.098,1.17,0.081,733.51,13.48,4988.39,12592.23,2.15,0.07,-964.7,54.37,23316.94,35.97,-49.3,476232.56,6122504.9,1395.71,0.08,59.3,215.82,8.89,0.28,0.05,1277,308.16,517.86,iron
1,31335266,1,1,1,28.25,0.31,123.2,0.69,297.48,51.89,189.44,-10.84,3.553,0.244,3.071,0.206,740.2,7.75,3897.26,9151.02,5.1,0.07,-12251.11,28.67,-21277.05,29.18,-58.01,465066.23,6077909.37,1390.91,0.1,51.33,238.69,7.87,0.26,0.05,342,95.59,390.49,iron
4,245140171,1,1,1,33.19,0.43,12.16,0.65,350.43,21.98,240.71,-22.76,2.557,0.179,2.203,0.151,733.43,8.56,4382.12,10992.41,3.94,0.08,-23100.42,67.26,15674.12,21.9,79.83,454131.3,6114809.95,1540.85,0.14,28.39,221.72,8.62,0.24,0.06,1772,223.89,252.55,iron
2,262493392,0,0,1,21.58,0.44,158.68,1.15,317.89,36.02,206.21,-25.29,0.744,0.056,0.624,0.046,801.21,14.21,2803.11,7964.36,1.07,0.03,17673.74,27.71,1522.76,35.93,-54.08,494915.74,6100769.97,1370.49,0.1,42.81,231.02,8.95,0.24,0.05,772,57.77,173.22,proton
2,875749101,1,0,1,39.54,0.44,93.98,0.45,231.56,39.83,146.0,4.23,1.779,0.121,1.523,0.101,747.27,13.98,4886.74,13605.26,2.55,0.07,12119.74,42.43,1273.38,40.08,-34.82,489365.79,6100506.13,1376.03,0.14,34.02,236.92,8.42,0.29,0.05,723,91.02,586.0,iron
1,153786466,1,1,1,40.51,0.35,35.66,0.45,247.64,36.83,151.27,-7.6,2.646,0.174,2.278,0.146,790.64,9.15,4545.33,9910.42,3.66,0.06,-15733.85,22.96,-20661.81,44.31,-56.34,461584.56,6078514.76,1396.68,0.18,25.72,246.65,6.91,0.25,0.05,394,491.9,559.86,iron
3,249741249,0,1,1,59.22,0.33,139.32,0.69,218.22,30.79,132.75,9.38,6.332,0.467,5.461,0.399,662.55,16.95,8745.97,19473.02,9.69,0.21,9039.13,184.46,9187.21,128.89,-33.87,486267.73,6108407.46,1378.7,0.06,89.26,223.46,8.72,0.27,0.05,1807,171.92,567.07,iron
2,441051698,0,0,1,30.28,0.56,183.85,0.8,276.07,25.09,164.11,-31.71,0.652,0.051,0.545,0.041,832.18,15.8,3117.52,8924.17,0.98,0.03,22835.02,30.9,4132.92,28.49,-76.87,500068.64,6103391.61,1362.99,0.07,62.84,221.17,10.01,0.26,0.05,777,615.67,623.02,proton
4,948354666,1,1,1,52.91,0.19,219.36,0.42,260.51,-16.85,108.54,-49.55,16.503,1.158,14.353,1.005,769.74,10.67,6592.62,13937.84,22.91,0.23,-29361.9,25.16,6512.87,37.11,46.2,447898.17,6105640.04,1515.44,0.15,23.81,248.23,3.73,0.29,0.02,622,380.82,431.4,iron
3,506547018,0,1,1,57.88,0.42,100.48,0.83,358.58,81.39,200.52,22.07,7.243,0.541,6.255,0.464,767.63,18.54,7533.9,20358.9,10.79,0.27,22913.01,171.52,16914.95,178.4,-112.4,500111.79,6116173.48,1356.04,0.07,93.44,229.73,8.12,0.28,0.05,1568,875.89,910.55,iron
3,721111021,1,1,1,32.76,0.41,24.97,0.8,355.59,25.01,241.83,-17.25,5.037,0.392,4.361,0.336,733.97,12.88,4408.45,17171.93,7.24,0.2,-2274.24,56.1,17638.14,31.27,-23.72,474938.95,6116824.99,1400.18,0.06,78.79,239.24,8.2,0.23,0.04,1367,468.28,517.5,iron
4,816089081,1,1,1,34.53,0.32,324.65,0.93,347.14,-16.86,278.17,-47.97,7.94,0.583,6.892,0.503,792.41,8.71,3940.17,15207.2,11.59,0.2,-21718.79,61.71,6377.33,55.46,40.32,455534.99,6105522.64,1479.96,0.12,29.97,236.56,8.08,0.17,0.04,1730,683.45,695.72,iron
2,616738851,1,1,1,38.91,0.31,340.0,0.48,354.08,-9.2,272.54,-38.61,3.7,0.257,3.195,0.218,745.85,10.07,4893.24,10870.72,5.69,0.1,21468.14,34.8,6279.84,25.39,-78.51,498695.23,6105533.91,1359.83,0.08,65.69,222.74,8.56,0.26,0.05,784,64.69,683.85,iron
1,370968098,1,0,1,22.46,0.39,15.74,1.01,290.96,35.0,181.88,-26.85,1.707,0.119,1.463,0.1,738.63,9.74,3528.93,8885.59,2.51,0.05,-12291.54,34.93,-22088.34,32.45,-58.01,465027.85,6077097.62,1390.92,0.12,40.62,230.94,8.94,0.26,0.05,342,436.98,484.44,iron
2,523736715,1,1,1,34.96,0.7,68.87,0.44,290.26,60.22,186.6,-2.03,7.531,0.574,6.535,0.495,738.12,14.69,4485.03,19334.26,11.09,0.26,7404.15,52.76,6815.28,59.19,-26.72,484639.08,6106033.27,1381.05,0.08,52.34,233.62,7.3,0.28,0.04,1534,70.01,285.15,iron
1,209741241,1,1,1,39.38,0.6,350.65,0.94,337.7,19.9,232.15,-32.15,3.594,0.271,3.102,0.231,731.24,15.15,5012.51,19925.62,5.18,0.17,-2362.69,76.33,-20993.95,68.51,-56.07,474950.1,6078216.32,1381.16,0.14,34.86,237.74,7.77,0.24,0.04,280,710.56,711.69,iron
4,649792687,1,0,1,43.54,0.35,55.82,0.41,345.46,58.75,213.41,2.84,2.304,0.157,1.979,0.131,672.64,11.2,6132.02,14178.36,3.31,0.09,-22781.73,54.63,18319.41,35.51,64.65,454442.51,6117453.46,1530.41,0.16,22.28,237.34,7.23,0.24,0.05,694,97.11,614.57,iron
3,212990393,0,1,1,44.86,0.82,287.26,0.7,299.4,-10.88,180.62,-73.42,3.019,0.23,2.6,0.195,738.68,22.38,5595.09,22639.24,4.53,0.18,20687.42,88.21,26297.58,98.08,-125.01,497864.84,6125539.05,1360.9,0.12,36.57,227.65,8.8,0.26,0.05,1567,214.92,712.96,iron
2,146624088,0,0,1,39.71,0.69,163.58,1.06,249.65,24.4,143.01,-17.23,0.65,0.053,0.542,0.043,849.36,22.8,3861.6,12559.25,0.95,0.05,14196.36,61.94,2641.52,61.46,-43.4,491438.06,6101879.18,1372.42,0.16,33.02,226.36,10.38,0.26,0.05,773,31.67,397.14,proton
3,537294013,0,0,1,67.27,0.47,339.37,1.44,344.26,18.62,238.65,-29.19,1.833,0.154,1.555,0.13,845.99,33.57,8948.49,16146.45,2.69,0.1,-18078.42,360.72,27695.77,398.63,-21.87,459122.31,6126836.19,1465.11,0.04,72.53,229.82,11.74,0.26,0.06,1049,86.03,103.58,proton
1,448109051,1,0,1,35.47,0.54,267.91,0.71,294.32,-9.82,166.07,-70.88,1.043,0.083,0.881,0.069,816.18,19.62,3740.27,10338.79,1.55,0.06,-8218.24,30.38,-23527.29,38.75,-60.18,469102.84,6075671.04,1387.17,0.07,71.12,225.83,11.49,0.26,0.06,313,600.23,680.71,iron
1,314386917,0,0,1,37.53,0.87,80.7,0.84,342.15,58.57,212.12,1.69,0.673,0.054,0.562,0.044,748.15,20.74,4653.95,12196.86,1.03,0.04,-8164.1,53.11,-24237.92,69.76,-67.15,469158.68,6074959.72,1384.01,0.1,42.85,217.27,11.62,0.26,0.06,340,56.76,216.65,proton
2,482537929,0,0,1,37.06,0.45,241.73,0.65,273.75,-23.47,104.25,-63.42,0.874,0.062,0.735,0.05,743.15,13.93,4643.33,11032.5,1.3,0.04,12950.95,51.03,-6241.29,32.7,-41.0,490215.31,6092998.72,1375.37,0.13,34.48,224.96,9.51,0.25,0.05,747,104.37,178.32,iron
4,351124455,1,1,1,55.64,0.28,278.21,0.57,310.55,-27.61,288.65,-83.22,4.886,0.335,4.213,0.284,693.81,13.67,7730.15,17735.83,7.18,0.14,-17414.15,35.24,18711.07,92.24,33.84,459806.44,6117858.83,1485.51,0.07,36.87,232.82,5.42,0.27,0.04,842,7.38,178.55,iron
4,175210638,1,1,1,38.93,0.4,334.98,0.67,334.68,10.08,236.8,-41.71,2.529,0.178,2.176,0.15,749.87,11.51,4783.04,13276.37,3.59,0.09,-23402.76,65.5,9200.87,49.32,58.24,453844.36,6108340.45,1506.47,0.16,24.94,240.49,9.11,0.28,0.06,672,626.89,637.91,iron
3,901111481,0,1,1,48.02,1.03,264.34,0.85,305.99,-19.41,213.45,-81.79,3.623,0.306,3.124,0.261,846.86,33.56,5001.55,23781.26,5.35,0.25,-12008.29,112.27,21553.41,115.82,-13.29,465201.85,6120715.66,1432.74,0.12,37.74,231.74,10.09,0.26,0.05,1781,403.25,483.94,proton
4,288228537,1,1,1,49.99,0.23,82.02,0.5,34.13,30.96,255.19,14.51,2.52,0.165,2.165,0.138,787.36,11.04,5864.38,11008.12,3.63,0.07,-23336.63,28.14,14181.58,33.21,79.65,453898.94,6113317.23,1537.64,0.1,37.85,236.59,6.65,0.26,0.05,1815,25.34,104.63,iron
4,512676557,1,0,1,37.47,0.34,299.36,0.53,333.73,-29.78,295.79,-62.87,1.52,0.105,1.297,0.088,764.69,13.17,4464.45,9373.32,2.15,0.05,-24531.56,27.53,19904.83,27.66,72.53,452690.35,6119034.76,1550.37,0.08,54.08,238.84,9.62,0.25,0.05,684,19.98,210.56,iron
2,219826942,0,0,1,30.93,0.9,55.65,1.09,289.05,53.44,184.55,-8.53,0.668,0.053,0.558,0.043,602.36,23.26,5753.52,11531.55,1.0,0.04,13976.42,62.18,1850.92,67.73,-45.07,491220.34,6101089.35,1371.95,0.08,52.62,220.52,10.44,0.25,0.05,733,265.36,659.29,iron
3,346621361,0,0,1,34.5,0.73,150.52,0.75,256.3,34.56,154.73,-14.15,0.738,0.057,0.618,0.046,681.94,19.28,5101.98,11177.6,1.11,0.04,-2613.97,55.11,27196.93,49.59,-39.91,474577.94,6126376.25,1415.66,0.09,47.81,221.02,11.65,0.26,0.06,1095,422.72,710.99,iron
4,472636731,1,0,1,43.03,0.68,83.04,0.67,19.41,40.16,241.44,7.76,2.178,0.155,1.87,0.131,695.95,20.02,5860.51,17216.57,3.18,0.1,-22096.55,76.32,24160.8,76.5,24.93,455113.11,6123293.04,1507.97,0.13,31.58,233.03,8.45,0.25,0.05,1021,181.69,205.41,iron
2,990816370,1,1,1,43.79,0.25,69.79,0.45,257.72,62.4,173.53,6.52,4.948,0.327,4.277,0.278,762.73,9.32,5248.54,11062.85,6.94,0.09,12970.23,29.53,-890.59,28.17,-37.43,490221.27,6098346.57,1376.11,0.1,46.09,244.52,5.99,0.25,0.05,724,39.01,149.2,proton
3,456057743,1,0,1,51.04,0.35,191.59,0.65,252.22,8.63,131.56,-29.26,1.743,0.117,1.488,0.098,708.0,15.54,6850.99,14145.58,2.55,0.07,2029.16,52.08,25996.94,49.35,-67.07,479216.93,6125189.29,1388.39,0.13,25.7,230.93,6.95,0.3,0.05,1297,173.34,518.6,iron
3,330911399,0,0,1,49.19,0.83,191.09,0.98,283.53,30.3,173.58,-29.65,1.709,0.13,1.459,0.109,706.61,30.74,6568.72,17566.04,2.52,0.1,6532.67,164.16,19469.17,59.78,-50.85,483739.4,6118677.89,1379.67,0.08,52.17,229.45,9.8,0.26,0.05,1406,178.7,840.36,iron
3,219037848,0,0,1,47.38,0.76,29.57,0.65,30.16,-6.03,286.98,-5.2,1.093,0.082,0.923,0.068,718.57,25.71,6140.85,16221.64,1.65,0.08,14444.45,75.66,30057.03,90.32,-104.6,491618.45,6129279.48,1384.5,0.14,31.29,222.29,10.3,0.25,0.06,1563,240.73,242.88,iron
1,536856207,1,0,1,36.6,0.41,89.5,0.66,228.38,29.7,135.99,1.15,1.06,0.074,0.896,0.061,688.56,13.82,5154.04,10204.29,1.54,0.05,-23236.01,40.38,-22069.65,40.94,-70.85,454090.41,6077086.81,1407.14,0.17,32.11,230.54,10.41,0.27,0.06,371,465.24,465.55,iron
3,283789262,1,0,1,53.64,0.91,270.94,0.83,302.24,-25.7,169.41,-88.44,1.114,0.084,0.94,0.069,744.18,34.18,6823.96,17793.7,1.59,0.07,-5540.26,122.1,27758.42,132.83,-4.71,471650.23,6126930.0,1459.0,0.13,22.68,234.58,9.46,0.24,0.05,975,319.56,785.01,iron
4,883191884,1,0,1,30.58,0.43,3.87,0.8,336.31,26.12,226.81,-27.81,1.954,0.134,1.677,0.113,786.2,9.4,3505.71,10102.26,2.88,0.06,-24755.83,44.51,20429.88,37.14,72.53,452463.34,6119558.5,1550.4,0.09,33.92,230.88,7.16,0.24,0.04,684,566.92,567.03,proton
1,796530088,1,0,1,41.24,0.35,323.05,0.57,336.99,-2.83,252.07,-49.37,1.232,0.083,1.044,0.068,780.03,12.64,4653.47,9551.63,1.87,0.05,-12152.95,32.03,-22058.67,31.69,-58.01,465166.15,6077128.24,1390.92,0.11,42.08,221.89,8.65,0.25,0.05,342,390.41,405.65,proton
4,505416498,1,1,1,29.82,0.62,271.2,1.09,307.2,-2.49,203.01,-65.02,10.609,0.899,9.231,0.781,882.81,14.74,2573.97,15243.37,15.48,0.41,-21854.64,44.24,4235.85,44.43,31.17,455404.82,6103382.84,1468.41,0.08,45.21,236.89,8.65,0.23,0.04,592,394.14,494.16,iron
4,199184461,1,0,1,38.61,0.31,78.57,0.65,6.36,45.96,231.36,2.93,1.835,0.133,1.571,0.112,670.05,14.5,5630.7,9340.99,2.66,0.06,-25681.12,37.08,16842.89,21.08,93.04,451549.23,6115970.66,1565.91,0.13,36.86,234.18,9.52,0.27,0.05,1767,128.77,221.79,iron
3,507634696,0,0,1,27.6,0.78,302.9,1.79,298.53,6.79,185.06,-55.81,0.635,0.051,0.53,0.041,824.69,19.76,2946.49,10616.27,0.94,0.04,3558.05,40.09,25049.51,56.81,-67.55,480749.9,6124246.41,1383.61,0.09,46.22,223.91,8.9,0.26,0.04,1274,519.42,546.47,iron
2,414731383,1,0,1,30.87,0.38,51.37,0.7,315.17,52.45,200.39,-9.71,1.369,0.098,1.166,0.082,747.95,12.82,3984.04,10213.53,2.04,0.05,11072.19,25.98,-3565.42,32.02,-35.08,488331.38,6095668.78,1376.47,0.07,72.95,227.33,9.61,0.26,0.05,718,124.82,517.41,iron
2,614106822,0,0,1,41.72,0.74,222.87,1.29,262.1,-24.12,98.19,-53.22,0.785,0.063,0.658,0.051,973.19,18.38,2986.27,10735.68,1.19,0.05,13141.31,78.56,-8332.05,50.08,-45.77,490410.61,6090909.59,1373.63,0.17,32.25,218.69,10.55,0.27,0.05,580,307.27,317.58,proton
3,116879849,1,0,1,37.61,0.24,47.32,0.65,20.72,12.32,266.29,-4.97,6.513,0.468,5.644,0.402,755.31,8.06,4533.42,13781.06,10.13,0.17,-11036.33,24.28,30094.72,39.66,97.88,466152.38,6129252.07,1579.54,0.07,91.09,220.72,7.34,0.28,0.05,962,171.84,270.71,iron
2,991779218,1,1,1,39.74,0.31,286.47,0.88,324.41,-25.93,284.18,-70.77,2.71,0.206,2.334,0.175,758.91,14.03,4742.52,12558.12,4.08,0.11,11851.36,47.51,6084.22,44.95,-41.18,489085.59,6105313.48,1373.35,0.06,93.91,226.76,10.28,0.27,0.05,1290,71.84,607.27,iron
4,732967237,0,0,1,62.34,0.32,292.23,1.15,300.36,-47.35,17.88,-69.68,1.972,0.135,1.681,0.113,716.69,23.91,8741.98,18774.72,2.83,0.1,-22364.12,57.16,18480.98,134.68,64.65,454859.91,6117617.49,1530.37,0.12,20.58,235.42,7.68,0.29,0.05,694,54.52,326.57,iron
1,642726796,1,1,1,36.51,0.51,27.29,0.86,2.51,22.4,248.13,-14.06,2.751,0.204,2.371,0.173,714.61,14.59,4827.62,18332.99,3.97,0.12,-10074.45,57.65,-13702.91,62.85,-25.4,467222.47,6085483.53,1396.64,0.11,34.94,236.95,8.37,0.27,0.05,149,587.28,591.53,iron
2,322535562,1,0,1,42.34,0.47,221.58,0.55,324.37,4.38,229.43,-52.3,1.823,0.134,1.56,0.113,827.14,15.69,4348.1,13284.02,2.82,0.09,16621.19,50.88,7967.15,32.89,-62.95,493846.93,6107207.12,1364.7,0.07,66.52,219.49,9.8,0.26,0.05,1002,260.03,265.37,proton
1,541687509,0,0,1,39.9,0.57,52.53,0.61,289.89,60.51,186.48,-1.72,0.639,0.045,0.533,0.036,680.78,12.52,5610.49,11777.13,0.91,0.03,-16375.51,30.01,-19810.32,82.9,-56.34,460941.67,6079364.85,1396.67,0.2,23.64,231.07,7.98,0.27,0.04,394,279.88,508.69,iron
3,802282782,1,0,1,36.24,0.51,50.86,0.58,17.21,18.08,259.58,-5.04,2.23,0.17,1.917,0.144,743.95,14.73,4515.97,14762.67,3.28,0.09,12010.77,50.73,22558.32,40.98,-79.27,489203.05,6121777.89,1371.24,0.06,62.34,231.68,8.84,0.25,0.05,1480,247.61,297.76,iron
4,795277230,1,0,1,43.86,0.56,331.4,0.47,349.28,-62.71,345.7,-43.38,1.698,0.117,1.45,0.098,699.94,15.7,5853.19,16144.93,2.56,0.08,-30362.9,62.13,2284.76,52.08,60.46,446906.91,6101410.6,1533.11,0.11,33.05,224.51,8.12,0.25,0.05,939,81.28,454.09,iron
4,857762913,1,0,1,40.51,0.58,225.65,0.34,265.35,-19.82,106.67,-54.89,6.499,0.483,5.629,0.415,787.67,14.41,4541.4,17896.42,9.73,0.21,-22996.87,55.16,717.53,42.81,20.92,454273.94,6099864.77,1459.3,0.08,50.08,229.89,7.79,0.23,0.04,1324,524.61,821.6,proton
3,142483465,0,0,1,53.97,1.0,185.28,0.74,244.75,8.31,126.41,-23.48,1.238,0.096,1.047,0.08,757.96,41.97,6739.94,19184.11,1.85,0.09,-4847.89,152.94,25886.66,151.11,-43.82,472350.75,6125062.66,1407.83,0.13,20.27,224.92,9.55,0.25,0.05,1230,380.23,724.99,iron
3,10296611,0,0,1,62.12,0.37,51.52,1.24,30.62,45.09,240.5,17.31,1.428,0.109,1.208,0.091,763.68,22.24,8299.14,15657.43,2.16,0.07,8399.63,229.5,19132.26,139.67,-59.9,485606.39,6118349.48,1377.22,0.05,53.73,222.0,10.87,0.26,0.05,1395,264.99,451.8,iron
1,836871582,0,0,1,32.74,0.42,23.19,0.67,354.69,24.32,241.79,-18.31,0.774,0.058,0.649,0.047,735.7,17.02,4293.82,9361.82,1.14,0.03,-23909.15,29.76,-20119.64,29.34,-66.73,453412.63,6079035.81,1409.65,0.08,63.03,225.95,10.81,0.26,0.05,401,44.45,273.11,iron
4,388156664,0,0,1,66.1,0.46,209.03,1.61,292.69,25.36,181.31,-36.59,2.01,0.159,1.71,0.134,747.51,26.3,9441.19,18610.8,2.98,0.1,-9758.19,325.61,8123.3,432.59,10.18,467482.56,6107296.59,1423.58,0.03,59.76,227.67,10.52,0.26,0.05,1817,4.66,314.57,proton
3,716346309,0,0,1,31.81,0.53,140.95,0.86,253.09,34.37,152.61,-12.49,1.073,0.087,0.908,0.072,803.44,16.9,3523.0,12284.35,1.61,0.06,2274.63,43.61,22147.93,28.33,-53.27,479473.49,6121344.39,1387.37,0.06,73.78,223.96,10.08,0.26,0.05,1283,238.47,534.9,proton
2,77289833,1,0,1,36.36,0.32,116.31,0.47,270.05,56.53,175.43,-1.82,2.311,0.154,1.988,0.129,733.3,10.1,4682.8,10602.96,3.31,0.06,12640.58,30.33,-6996.41,26.8,-41.91,489907.13,6092243.35,1374.36,0.1,46.08,238.21,7.81,0.27,0.05,507,254.37,465.38,iron
3,344565308,1,0,1,32.35,0.47,292.53,0.81,331.1,-18.7,270.81,-62.79,1.199,0.083,1.017,0.069,798.54,10.66,3620.65,10277.6,1.83,0.04,9670.18,49.76,28630.2,50.69,-90.55,486849.4,6127839.81,1382.61,0.13,30.97,220.49,8.72,0.22,0.05,1348,97.46,371.25,proton
2,457718720,1,1,1,28.49,0.4,296.63,0.79,337.36,-23.79,284.5,-58.83,2.719,0.206,2.345,0.174,739.28,11.95,3924.04,13327.99,4.11,0.11,8019.83,25.73,-2049.7,42.86,-24.29,485276.68,6097175.5,1380.93,0.06,75.03,226.55,9.06,0.26,0.05,705,147.46,201.62,iron
3,952930972,1,0,1,31.74,0.22,39.43,0.98,333.89,45.23,214.63,-12.34,1.497,0.107,1.277,0.09,702.01,13.62,4576.56,9738.32,2.29,0.05,-6255.96,24.77,29780.94,32.19,45.32,470931.22,6128951.23,1520.78,0.08,90.74,221.14,10.21,0.24,0.05,1549,507.29,523.86,iron
3,790402045,0,0,1,44.45,0.52,252.25,0.86,290.96,-14.22,149.61,-72.93,1.048,0.073,0.885,0.06,695.31,12.42,5986.32,17841.23,1.58,0.06,921.91,60.66,22378.27,112.01,-49.89,478121.6,6121569.84,1390.32,0.21,21.55,221.69,7.57,0.25,0.04,1307,116.99,198.3,iron
1,359850963,0,0,1,31.41,0.75,39.18,0.94,359.12,27.73,241.89,-13.08,0.746,0.058,0.626,0.048,681.55,20.8,4778.49,10880.82,1.09,0.05,-19656.21,57.58,-18260.5,48.5,-48.15,457657.07,6080903.54,1405.37,0.08,41.11,228.37,11.32,0.26,0.06,369,489.71,623.21,iron
1,318151852,1,0,1,38.66,0.33,43.19,0.53,65.58,-55.55,344.25,-5.99,1.269,0.086,1.077,0.071,714.37,13.07,5115.28,9593.48,1.88,0.04,-23849.43,27.51,-21236.76,27.36,-66.73,453473.22,6077917.62,1409.71,0.1,51.09,227.13,8.34,0.25,0.05,401,590.64,823.56,iron
3,227993175,0,0,1,37.38,0.59,130.57,0.73,11.4,27.59,248.65,-4.49,0.77,0.058,0.646,0.047,810.93,21.09,4005.67,10622.85,1.12,0.04,-2253.77,42.52,25897.93,35.58,-39.91,474938.08,6125081.41,1415.65,0.07,67.73,228.84,9.92,0.25,0.05,1095,449.28,505.86,proton
3,642545929,1,0,1,20.78,0.37,65.38,0.95,24.06,-17.97,295.32,-15.74,1.724,0.121,1.478,0.101,706.36,10.07,3804.05,7281.68,2.57,0.04,9985.91,27.85,32810.01,17.57,-65.61,487154.21,6132018.74,1427.7,0.09,57.07,227.98,9.63,0.26,0.05,1132,147.4,235.51,iron
3,544683402,0,0,1,28.08,0.7,164.17,0.83,5.12,1.73,267.7,-23.66,0.917,0.07,0.773,0.057,731.79,18.16,3973.07,11414.74,1.36,0.05,1844.0,44.94,23782.85,32.29,-56.44,479039.66,6122976.63,1388.66,0.07,64.54,225.38,9.9,0.26,0.05,1312,20.98,92.43,iron
2,574059450,1,1,1,49.65,0.23,203.55,0.38,281.6,20.1,167.0,-38.45,7.754,0.524,6.714,0.45,742.18,9.52,6099.94,13685.01,11.28,0.15,23676.23,49.3,10001.04,25.61,-94.41,500894.19,6109258.54,1356.5,0.08,69.87,235.49,5.68,0.31,0.04,752,34.59,487.36,iron
2,843619101,1,0,1,21.38,0.49,148.35,0.98,274.64,34.9,167.99,-22.44,1.784,0.122,1.53,0.102,679.57,9.93,4032.83,6654.88,2.54,0.04,16520.73,39.82,-4114.28,11.86,-51.27,493778.06,6095133.24,1370.06,0.12,41.86,239.04,8.34,0.27,0.04,780,563.16,700.17,iron
2,869329546,1,1,1,43.78,0.45,185.19,0.37,265.15,23.19,153.3,-27.84,4.326,0.294,3.736,0.25,727.28,12.46,5445.86,16799.98,6.77,0.15,16434.76,56.23,9179.94,39.58,-63.73,493658.5,6108419.34,1363.8,0.09,41.49,219.6,5.55,0.15,0.04,1712,111.01,384.49,iron
2,449002,1,1,1,46.71,0.28,341.19,0.44,4.6,-27.98,299.1,-35.94,4.264,0.292,3.681,0.247,733.83,12.5,5769.93,12258.24,6.23,0.09,21890.01,43.72,7290.2,25.01,-83.17,499115.41,6106544.32,1358.98,0.09,63.79,234.41,7.1,0.25,0.04,741,187.88,393.11,iron
4,735212964,0,1,1,52.4,0.59,4.85,0.87,28.37,-31.16,309.58,-17.25,4.219,0.311,3.638,0.264,771.63,21.84,6249.48,26378.2,6.29,0.23,-12533.16,123.38,9986.55,105.7,15.79,464705.02,6109152.46,1435.08,0.18,23.33,229.5,7.98,0.26,0.05,1818,392.85,468.15,proton
4,797440644,1,1,1,51.87,0.49,350.92,0.55,23.89,-56.08,334.59,-27.16,4.049,0.284,3.491,0.24,704.65,15.8,6808.3,22928.38,5.67,0.16,-16456.58,118.14,19085.39,78.88,22.13,460759.73,6118236.34,1469.88,0.18,19.97,244.36,6.27,0.26,0.04,901,430.16,430.42,iron
1,783285858,1,0,1,56.54,0.52,107.25,1.17,41.13,28.5,259.95,19.22,1.116,0.077,0.94,0.063,717.79,25.35,7471.19,15547.62,1.59,0.05,-9807.95,75.36,-22895.81,114.95,-62.32,467512.11,6076298.17,1387.2,0.12,26.44,234.77,8.27,0.27,0.05,328,80.85,384.9,iron
3,827568100,0,0,1,40.8,0.18,71.73,0.93,18.04,34.86,245.53,4.18,2.043,0.154,1.752,0.131,759.89,13.02,4803.15,13374.44,3.06,0.08,-2611.29,54.44,20252.05,32.08,-29.19,474595.98,6119436.27,1403.05,0.07,101.27,227.45,10.05,0.25,0.05,1231,544.76,702.57,proton
2,61150131,0,0,1,35.86,0.68,177.03,0.95,287.53,34.91,178.8,-26.27,0.773,0.059,0.648,0.048,779.96,19.99,4002.88,12162.25,1.17,0.05,14257.42,48.42,2617.15,48.2,-43.4,491499.2,6101855.07,1372.42,0.11,40.59,219.91,11.6,0.25,0.06,773,6.64,479.34,iron
2,60603593,1,1,1,59.11,0.18,294.5,0.38,307.07,-47.8,5.05,-69.08,19.602,1.423,17.039,1.236,839.81,10.68,6846.44,15363.64,26.49,0.26,22651.07,75.51,17201.78,55.83,-107.48,499849.67,6116454.1,1354.51,0.09,102.55,255.15,5.72,0.26,0.04,1612,378.15,423.23,proton
2,900402071,1,1,1,38.2,0.88,177.06,0.51,258.31,21.19,146.49,-25.2,12.418,0.954,10.806,0.828,785.57,18.59,4357.13,22611.93,18.92,0.45,24798.21,92.69,17581.83,34.46,-120.74,501995.04,6116837.14,1352.39,0.06,68.88,226.4,7.97,0.28,0.05,1648,337.05,432.67,proton
1,573191883,0,0,1,40.73,0.55,66.28,0.68,23.88,22.79,258.58,2.73,0.77,0.054,0.645,0.043,704.01,13.87,5501.96,12504.42,1.1,0.04,-19060.58,34.89,-18729.09,82.83,-52.82,458254.59,6080437.12,1402.27,0.15,23.78,233.13,7.66,0.26,0.04,323,538.76,681.3,iron
3,758144158,0,1,1,55.16,0.8,9.92,1.08,63.05,-63.92,349.95,-12.31,5.353,0.407,4.618,0.347,767.25,33.93,6974.87,23116.21,8.35,0.27,-3926.9,252.1,11048.14,119.52,-3.17,473304.03,6110235.07,1407.37,0.06,80.36,219.35,10.51,0.26,0.05,836,53.4,215.86,iron
2,62044790,1,0,1,50.13,0.61,50.75,0.54,64.06,-34.91,327.88,6.68,1.292,0.087,1.095,0.071,715.21,20.02,6650.34,17762.22,1.88,0.07,21922.2,74.13,6834.65,90.16,-83.17,499148.9,6106090.07,1358.96,0.17,21.96,231.1,7.73,0.28,0.05,741,180.35,183.63,iron
4,52280953,1,0,1,33.44,0.23,181.2,0.9,310.73,33.14,200.34,-29.27,1.917,0.136,1.644,0.115,708.64,12.19,4719.92,11154.11,2.87,0.06,-19872.47,23.56,19236.09,37.42,42.03,457346.78,6118377.88,1504.28,0.07,91.24,227.35,9.76,0.25,0.05,915,675.64,743.29,iron
3,86900025,1,0,1,27.9,0.29,105.28,1.16,7.45,26.61,247.44,-7.94,1.644,0.123,1.407,0.103,751.39,13.24,3797.86,12002.35,2.43,0.07,1733.9,39.9,22069.02,23.13,-45.81,478934.45,6121262.16,1390.12,0.06,85.12,230.18,9.33,0.25,0.05,1291,206.63,702.8,iron
2,404185766,1,0,1,54.03,0.3,82.95,0.69,49.46,8.35,282.8,18.46,2.252,0.145,1.93,0.121,720.51,14.45,7220.05,14913.02,3.34,0.07,11667.69,39.08,-2284.66,67.31,-36.21,488923.16,6096951.65,1376.21,0.11,31.23,229.61,5.57,0.25,0.04,722,154.04,707.46,iron
2,799811365,0,0,1,45.6,0.52,167.87,1.59,9.33,8.95,263.46,-16.33,1.921,0.144,1.644,0.121,689.06,15.37,6258.47,24471.07,2.9,0.15,3317.57,127.84,369.17,134.8,-13.57,480571.23,6099580.98,1387.33,0.15,21.35,225.18,8.58,0.27,0.05,1017,60.69,66.06,iron
1,545070847,1,0,1,54.93,0.35,320.59,0.5,307.49,-67.88,10.24,-49.16,2.108,0.139,1.804,0.116,972.79,17.22,5067.72,13708.56,2.85,0.06,-9077.44,46.93,-22302.13,47.83,-60.18,468243.0,6076890.63,1387.16,0.14,31.23,251.21,6.46,0.25,0.05,313,446.46,472.44,proton
2,941293237,0,0,1,38.95,1.14,208.53,0.9,302.75,18.94,192.62,-43.92,1.134,0.094,0.959,0.078,852.37,35.41,3690.64,13980.96,1.71,0.07,12030.38,65.44,4161.8,68.51,-36.32,489269.62,6103393.43,1375.74,0.1,59.52,223.22,11.24,0.26,0.05,1239,131.82,382.28,proton
4,14886009,0,0,1,40.22,0.29,242.21,1.13,301.5,-2.12,189.47,-64.95,1.354,0.106,1.151,0.088,714.27,17.95,5231.93,12706.6,2.03,0.07,-21549.51,57.04,26204.3,54.19,-1.75,455653.58,6125335.49,1491.63,0.06,98.15,225.35,11.02,0.25,0.05,1048,567.45,596.76,iron
1,141476620,0,0,1,54.73,0.49,337.32,0.89,7.79,-54.0,331.58,-36.24,0.913,0.062,0.765,0.05,896.18,20.22,5598.64,12780.09,1.34,0.05,-13788.53,93.49,-17996.95,53.9,-42.63,463519.28,6081184.01,1395.7,0.1,32.75,225.58,8.71,0.31,0.05,125,246.43,557.71,proton
4,914018892,0,0,1,52.23,0.31,195.6,0.59,321.56,28.28,212.18,-31.78,1.783,0.127,1.522,0.107,702.72,17.44,6949.65,13064.64,2.58,0.06,-19719.05,59.9,6251.08,71.18,29.5,457536.88,6105402.11,1460.73,0.07,73.24,234.19,9.36,0.27,0.05,1725,72.41,750.25,iron
1,815393485,1,0,1,51.04,0.57,76.03,0.55,48.96,0.66,289.72,14.53,1.546,0.105,1.316,0.087,770.39,18.86,6092.75,17694.9,2.2,0.08,-23417.76,74.64,-16305.16,95.55,-47.01,453893.79,6082847.49,1415.29,0.17,22.32,236.94,7.52,0.25,0.05,393,316.0,483.04,iron
1,990755438,0,0,1,14.54,0.51,10.36,1.55,12.8,-38.77,313.58,-31.63,0.638,0.054,0.533,0.044,581.5,26.9,4978.11,8043.15,0.94,0.04,-20585.42,24.4,-20430.01,28.22,-62.77,456735.27,6078734.09,1403.19,0.09,62.27,226.04,9.88,0.26,0.05,391,61.57,165.09,proton
1,980203211,0,0,1,35.84,0.61,66.86,0.92,40.36,-17.93,302.14,-1.77,0.665,0.048,0.555,0.038,664.25,16.73,5319.16,12842.12,0.98,0.03,-19316.43,54.1,-17671.88,69.03,-48.15,457996.47,6081493.62,1405.33,0.13,31.49,225.34,9.24,0.26,0.05,369,114.88,131.87,iron
2,105672410,0,0,1,40.07,0.69,164.69,1.32,22.47,-19.33,295.99,-17.66,0.804,0.063,0.674,0.051,674.78,18.67,5640.67,14407.32,1.18,0.06,11413.34,95.79,-4154.28,78.79,-33.68,488673.81,6095080.6,1377.43,0.14,21.35,226.04,10.23,0.28,0.05,686,653.5,807.24,iron
2,5095348,1,0,1,32.28,0.38,78.26,0.64,21.48,14.06,265.13,-3.48,1.47,0.099,1.254,0.082,768.28,9.01,3913.45,8743.67,2.16,0.04,18061.41,26.28,1457.07,37.35,-54.08,495303.18,6100704.61,1370.51,0.11,35.13,229.77,8.35,0.27,0.05,772,230.33,483.66,proton
1,459931831,1,0,1,22.06,0.39,42.8,0.92,10.66,1.0,271.35,-19.23,1.755,0.128,1.505,0.108,762.53,9.81,3222.35,8016.8,2.77,0.05,-20384.04,19.74,-20186.55,33.67,-62.77,456936.33,6078978.31,1403.2,0.1,50.18,215.03,10.07,0.28,0.05,391,314.68,314.68,proton
1,353992914,0,0,1,17.21,0.46,57.26,1.33,15.22,-10.9,284.83,-20.62,0.832,0.064,0.701,0.052,627.12,18.91,4534.23,8221.06,1.27,0.03,-11086.09,34.9,-27374.33,21.52,-81.62,466246.02,6071817.34,1384.44,0.11,51.01,219.43,10.85,0.25,0.05,337,519.46,529.63,iron
3,656902019,0,0,1,39.11,0.95,168.26,0.82,281.23,40.0,175.33,-19.89,0.746,0.06,0.625,0.049,711.65,29.77,5204.25,12673.47,1.09,0.05,-366.73,88.32,24337.73,51.0,-53.1,476830.4,6123525.29,1391.82,0.09,52.4,227.19,11.44,0.26,0.06,1294,637.98,676.62,iron
3,700817459,0,0,1,43.25,1.03,233.3,1.14,326.0,-6.9,244.33,-60.19,0.685,0.063,0.571,0.051,674.24,26.8,6090.65,16780.51,1.04,0.06,-7921.93,125.19,30394.25,129.17,54.92,469263.69,6129559.13,1532.16,0.1,28.71,218.72,10.83,0.27,0.05,968,68.4,114.08,iron
4,338654566,1,0,1,33.76,0.34,10.96,0.53,10.38,-6.8,278.6,-23.14,2.232,0.161,1.919,0.136,828.53,10.93,3505.11,10873.16,3.22,0.07,-34847.27,30.29,4188.49,25.22,86.4,442420.95,6103301.97,1583.32,0.06,69.67,236.46,8.2,0.26,0.05,648,100.86,247.94,proton
2,895506660,0,0,1,27.11,0.46,356.9,0.79,13.87,-48.03,324.51,-32.24,0.774,0.06,0.65,0.049,672.7,23.7,4626.71,9238.14,1.12,0.03,19242.33,31.75,4031.28,26.56,-63.63,496476.98,6103280.91,1366.48,0.08,66.3,230.84,11.41,0.26,0.06,793,34.06,283.6,iron
3,795544663,0,0,1,34.12,0.59,322.09,1.23,306.75,-67.88,10.66,-49.18,2.012,0.151,1.727,0.128,716.73,15.14,4698.97,18537.42,3.08,0.11,19604.68,63.66,32193.73,64.31,-122.67,496767.49,6131427.69,1386.99,0.11,38.04,222.63,9.55,0.25,0.05,1606,519.44,605.09,iron
3,16251820,0,0,1,37.64,0.44,23.16,0.63,6.62,15.66,256.12,-14.88,0.963,0.066,0.812,0.054,787.94,12.66,4322.92,10725.66,1.41,0.04,11825.19,59.41,33147.7,27.24,-73.05,488990.36,6132360.12,1422.87,0.14,28.13,228.38,9.32,0.23,0.05,1129,233.52,233.53,proton
2,757041488,1,0,1,29.66,0.21,333.97,1.22,347.89,-6.7,265.7,-42.74,1.794,0.133,1.537,0.112,713.49,14.86,4378.08,11720.21,2.65,0.07,10512.67,30.03,2085.75,39.26,-29.81,487757.26,6101314.77,1378.48,0.06,90.69,230.19,9.89,0.25,0.05,721,515.76,524.53,iron
4,266888380,1,0,1,33.93,0.34,290.78,1.25,326.94,-43.12,328.56,-64.84,11.714,0.924,10.195,0.803,725.29,10.32,4561.92,21837.46,17.54,0.38,-20114.01,60.97,-669.01,61.63,15.99,457156.53,6098484.88,1447.03,0.1,36.05,230.72,8.38,0.24,0.04,1309,91.17,236.87,iron
2,535277457,0,0,1,32.38,0.64,78.57,0.79,63.62,-50.17,339.37,-3.4,0.756,0.063,0.633,0.052,871.0,18.83,2933.19,9704.31,1.15,0.04,11953.43,31.61,-4380.53,35.28,-36.62,489213.92,6094856.63,1377.19,0.07,64.71,218.17,10.74,0.27,0.05,727,329.16,554.47,proton
2,556475211,0,0,1,24.58,0.51,77.78,0.84,15.17,9.47,266.06,-11.11,0.888,0.063,0.748,0.051,698.25,12.16,4095.79,10053.75,1.34,0.03,14732.26,33.74,1137.17,32.92,-45.07,491977.01,6100377.18,1371.94,0.09,47.5,221.33,9.38,0.25,0.05,733,336.51,526.97,iron
2,427352455,1,0,1,28.45,0.29,343.45,0.82,337.05,-76.15,3.02,-38.25,1.942,0.141,1.667,0.119,748.77,11.25,3805.11,10906.85,2.88,0.07,10655.0,22.82,-8610.71,30.9,-36.56,487926.41,6090625.22,1377.38,0.07,82.23,229.38,9.44,0.25,0.05,575,109.2,501.8,iron
1,806912898,1,0,1,30.48,0.36,353.59,0.61,295.09,-84.02,13.83,-33.05,1.621,0.128,1.386,0.108,785.14,14.66,3582.51,10911.74,2.44,0.07,-22748.3,28.3,-17010.47,23.96,-47.01,454564.52,6082146.21,1415.3,0.07,71.9,225.65,10.88,0.26,0.06,393,77.65,649.36,proton
3,213244599,0,0,1,22.43,0.27,155.94,1.37,13.79,-15.33,288.57,-23.7,0.714,0.055,0.599,0.045,762.26,14.89,3213.56,8651.17,1.07,0.03,12654.3,21.97,33468.88,24.97,-80.71,489819.86,6132683.34,1418.13,0.06,82.11,221.02,10.09,0.26,0.05,1135,475.03,745.53,iron
3,526591574,0,0,1,54.56,0.8,304.7,0.62,279.18,-48.52,47.22,-61.79,1.337,0.099,1.133,0.082,750.31,32.43,6900.08,21010.7,1.88,0.08,17801.89,106.56,33091.69,134.43,-100.97,494963.5,6132321.15,1408.65,0.14,24.76,239.48,8.63,0.27,0.05,1555,149.44,199.85,iron
2,423346576,0,0,1,54.09,0.46,86.62,0.89,82.64,-33.13,338.01,18.62,1.91,0.147,1.632,0.124,752.16,22.71,6800.35,15594.02,2.8,0.1,7240.9,120.74,-16520.46,135.36,-46.32,484534.74,6082711.22,1378.96,0.05,79.21,231.18,10.37,0.25,0.05,483,92.94,154.75,iron
2,384366604,0,0,1,48.98,0.58,59.26,0.86,88.16,-47.96,350.13,8.68,1.243,0.087,1.052,0.072,742.33,20.26,6071.3,14357.94,1.79,0.06,10052.63,60.48,989.5,104.64,-29.81,487300.82,6100218.19,1378.5,0.07,49.39,232.84,9.16,0.26,0.05,721,449.2,525.74,iron
2,226710790,1,0,1,48.89,0.39,204.33,0.67,359.45,-23.64,292.26,-39.25,1.393,0.096,1.184,0.079,744.26,16.23,6031.3,12275.01,2.08,0.05,18118.67,67.03,5161.15,37.21,-64.31,495350.02,6104406.68,1364.66,0.08,46.8,226.2,9.33,0.26,0.05,792,269.61,396.44,iron
2,352881242,0,0,1,33.2,0.65,180.26,1.4,16.41,-39.73,315.33,-29.09,1.393,0.108,1.186,0.091,762.74,19.02,4030.27,15613.11,2.03,0.08,9384.85,65.57,-11076.33,56.06,-40.52,486662.68,6088157.79,1377.52,0.11,39.48,231.4,10.0,0.25,0.05,529,496.53,633.74,proton
2,826573969,1,0,1,59.13,0.42,200.05,2.08,358.88,-5.01,270.78,-32.43,1.135,0.084,0.956,0.069,684.93,27.16,8343.62,15090.45,1.66,0.05,19824.13,196.64,3320.76,71.1,-67.44,497060.24,6102572.26,1364.23,0.09,24.97,228.08,10.56,0.25,0.06,757,9.43,329.47,iron
3,84621056,0,1,1,51.64,0.2,151.05,0.73,340.76,53.96,214.03,-2.57,3.774,0.265,3.252,0.224,730.79,11.88,6598.11,15755.24,5.67,0.13,24039.76,46.93,29145.69,89.83,-158.51,501207.83,6128392.45,1354.26,0.08,108.74,227.64,8.93,0.25,0.05,1649,62.37,273.63,iron
1,602189095,1,1,1,28.33,0.23,319.04,0.93,336.49,-60.31,347.77,-49.78,5.769,0.47,5.001,0.404,890.86,12.35,2373.38,10916.7,8.53,0.18,-23353.39,24.26,-17223.32,22.24,-54.33,453961.88,6081931.01,1414.17,0.06,86.28,232.77,9.34,0.23,0.04,389,495.11,551.96,proton
4,58394765,1,0,1,56.45,0.38,298.03,0.79,277.0,-33.03,81.78,-66.87,1.911,0.136,1.631,0.114,836.05,18.1,6451.91,14288.48,2.77,0.07,-22688.75,94.35,26029.15,84.55,14.44,454514.57,6125163.76,1505.04,0.06,53.72,234.09,8.95,0.25,0.05,1036,277.37,647.0,proton
2,324794291,0,0,1,42.24,0.65,183.43,1.04,334.49,27.68,224.32,-27.37,0.687,0.056,0.573,0.045,640.6,29.7,6217.38,11395.1,1.0,0.04,23037.9,93.67,5444.51,43.18,-82.91,500267.11,6104702.83,1360.59,0.08,56.42,226.57,10.28,0.26,0.05,739,115.62,171.4,iron
3,292974360,1,0,1,29.57,0.64,31.85,1.09,37.17,-46.4,327.02,-16.56,1.166,0.087,0.989,0.072,754.99,14.68,3797.07,12891.96,1.75,0.06,15006.61,53.02,32574.44,41.78,-87.56,492172.61,6131795.89,1414.2,0.1,42.96,223.99,9.18,0.27,0.05,1565,185.41,383.3,iron
3,870466961,0,0,1,50.67,1.05,345.52,2.08,244.33,-81.12,21.75,-31.48,2.262,0.188,1.94,0.159,778.59,30.78,5923.83,28759.57,3.42,0.19,23571.4,204.76,23547.32,211.04,-137.73,500759.47,6122794.63,1353.52,0.19,26.97,224.7,10.16,0.27,0.05,1616,587.53,657.14,iron
3,117668485,0,0,1,41.87,0.59,243.44,1.0,329.63,-28.48,292.38,-66.39,0.775,0.057,0.649,0.046,825.53,17.09,4300.29,13950.02,1.14,0.05,2357.65,48.26,23751.81,90.5,-56.44,479553.12,6122946.59,1388.68,0.15,28.52,225.45,9.44,0.26,0.05,1312,509.59,531.24,proton
2,98944687,0,0,1,39.48,0.61,98.48,0.9,100.0,-56.7,0.48,3.95,0.743,0.054,0.622,0.043,684.28,16.15,5441.08,14923.35,1.09,0.04,15048.91,68.12,4490.37,72.27,-48.11,492285.17,6103728.29,1370.16,0.14,28.74,225.52,9.06,0.24,0.05,1321,412.89,439.03,iron
3,854083777,1,1,1,46.14,0.23,267.78,0.44,310.41,-33.5,329.29,-80.94,3.245,0.209,2.797,0.175,791.76,9.45,5192.01,10523.32,4.87,0.08,-3589.87,30.67,32105.49,22.2,26.67,473588.62,6131282.07,1506.74,0.13,31.92,228.1,5.08,0.22,0.05,1550,193.16,557.78,iron
3,478463151,1,0,1,43.7,0.39,302.26,0.55,281.54,-48.03,45.7,-63.28,1.103,0.075,0.932,0.062,704.71,14.34,5760.92,12317.7,1.6,0.04,-5390.53,38.7,28982.26,47.29,7.47,471797.03,6128153.98,1476.25,0.09,47.11,230.65,8.86,0.27,0.05,1552,110.44,158.1,iron
3,414366960,1,0,1,19.56,0.42,341.2,1.28,254.46,-70.26,31.83,-38.94,1.837,0.138,1.577,0.117,874.81,11.4,1946.76,7021.31,2.77,0.06,8909.0,34.53,30611.3,28.75,-77.18,486082.8,6129818.7,1401.01,0.09,42.3,225.84,7.74,0.26,0.04,1369,364.38,365.84,proton
3,287340861,1,1,1,30.48,0.28,38.34,0.75,89.78,-74.29,4.09,-13.73,4.494,0.32,3.889,0.273,775.52,9.15,3636.94,11835.67,6.66,0.11,153.72,30.83,22661.2,22.18,-47.13,477353.28,6121851.27,1393.01,0.07,82.58,231.57,7.99,0.26,0.05,1301,496.2,515.18,iron
1,332046970,1,0,1,47.64,0.42,273.13,0.59,304.8,-34.25,0.65,-82.7,1.115,0.077,0.942,0.063,856.35,15.59,4722.39,11844.93,1.63,0.05,-7040.99,32.06,-25000.69,56.53,-74.67,470283.21,6074197.85,1380.73,0.09,51.53,229.22,8.17,0.24,0.05,302,338.55,404.56,proton
3,751172505,1,0,1,30.49,0.48,309.69,0.85,288.53,-61.32,24.71,-54.46,1.271,0.096,1.08,0.08,820.97,14.09,3218.52,10866.47,1.89,0.05,13296.29,48.71,33047.76,29.36,-80.71,490461.47,6132264.82,1418.08,0.11,38.05,226.2,9.24,0.26,0.05,1135,151.17,167.06,proton
1,928568721,0,0,1,40.72,0.44,359.39,0.57,24.14,-52.72,330.91,-26.44,0.959,0.065,0.808,0.052,709.3,11.29,5360.23,11139.35,1.46,0.04,-12053.46,49.64,-22982.27,39.97,-64.42,465267.83,6076204.97,1387.67,0.18,25.03,219.96,8.13,0.28,0.05,343,149.68,274.76,iron
2,393407311,0,0,1,33.59,0.56,145.59,0.65,17.72,1.01,274.87,-13.03,0.984,0.069,0.831,0.056,768.97,9.9,4009.35,9337.19,1.46,0.04,16380.83,54.11,263.54,50.99,-52.61,493626.05,6099508.79,1369.73,0.16,27.73,225.55,8.98,0.26,0.05,762,433.15,481.55,iron
4,685216581,0,0,1,47.97,0.55,44.39,1.03,186.22,-37.35,58.16,2.37,1.949,0.154,1.669,0.13,789.89,17.43,5496.03,20439.62,2.79,0.13,-21182.73,121.97,26437.44,127.35,8.09,456017.21,6125568.12,1493.69,0.19,22.8,237.21,8.99,0.24,0.05,1032,755.29,1031.06,iron
3,484440447,1,0,1,36.42,0.28,48.42,1.25,47.44,-37.21,322.07,-5.64,1.431,0.109,1.219,0.092,658.74,21.41,5551.63,10311.01,2.13,0.05,-3680.95,52.85,24682.64,42.23,-48.38,473516.82,6123862.85,1402.23,0.07,96.24,227.11,9.86,0.25,0.05,1094,28.46,471.41,iron
2,88940020,0,0,1,35.78,0.73,63.96,1.71,121.62,-65.05,12.31,-2.19,0.731,0.061,0.612,0.05,681.01,19.9,5227.96,14210.79,1.1,0.05,23293.19,96.04,6186.67,84.86,-89.97,500520.71,6105446.5,1357.59,0.11,30.23,220.81,9.45,0.26,0.05,774,241.82,630.38,iron
1,333828871,0,0,1,29.92,0.48,146.42,0.84,108.95,-78.67,10.03,-16.11,0.667,0.048,0.558,0.039,651.98,15.93,5053.72,11137.17,0.99,0.03,-21384.18,38.2,-19202.21,50.22,-57.04,455934.08,6079959.03,1407.36,0.12,35.52,223.69,9.39,0.26,0.05,366,16.93,190.18,iron
4,866501129,0,0,1,70.29,0.24,232.38,1.63,299.41,9.21,187.01,-53.5,11.607,0.899,9.991,0.772,738.41,26.91,10790.52,29536.88,16.33,0.37,-14713.72,174.44,7538.71,332.73,16.82,462531.79,6106699.1,1438.98,0.08,23.08,242.33,5.81,0.3,0.04,1746,242.22,431.22,iron
4,961523760,1,0,1,39.41,0.59,281.17,0.71,314.31,-41.81,343.37,-72.62,1.359,0.099,1.155,0.082,684.86,12.71,5531.53,15015.96,1.93,0.07,-27515.02,58.97,4647.38,113.84,45.35,449747.57,6103776.03,1510.0,0.16,22.84,237.65,8.23,0.24,0.05,632,157.84,984.83,iron
2,494137058,1,0,1,32.51,0.48,9.25,0.76,217.69,-54.92,51.89,-24.56,1.075,0.079,0.91,0.065,685.24,18.12,4837.5,10717.97,1.56,0.04,16228.52,42.77,4581.91,34.45,-52.92,493463.44,6103823.56,1368.94,0.08,66.13,230.71,10.09,0.26,0.05,775,189.66,292.52,iron
4,788564845,1,0,1,45.71,0.31,238.81,0.76,329.86,-39.33,318.33,-64.52,1.448,0.103,1.232,0.086,678.71,16.47,6368.63,10663.0,2.11,0.05,-28172.56,33.2,9751.24,42.0,65.06,449075.58,6108875.46,1537.62,0.17,31.72,231.14,8.33,0.27,0.05,599,479.26,622.8,iron
3,32166074,0,0,1,31.67,0.45,243.54,0.7,310.11,-55.86,4.6,-60.81,0.837,0.061,0.704,0.049,673.83,15.73,4898.41,8946.36,1.27,0.03,10536.87,30.32,31110.12,30.16,-78.15,487708.13,6130319.35,1409.78,0.11,54.12,219.85,9.42,0.25,0.05,1141,534.82,553.98,iron
1,868928802,1,0,1,35.67,0.17,302.01,0.78,283.09,-52.16,38.19,-60.88,2.454,0.177,2.112,0.15,755.98,10.48,4341.11,9879.08,3.72,0.07,-22606.52,30.1,-16711.13,21.39,-47.01,454706.14,6082445.46,1415.29,0.08,95.29,225.14,10.06,0.24,0.05,393,174.15,388.28,iron
1,681920310,0,0,1,61.06,0.43,286.16,1.14,286.17,-30.75,85.0,-74.91,3.007,0.241,2.579,0.204,719.84,25.47,8546.76,21188.48,4.43,0.16,-1876.92,206.01,-12974.41,227.44,-27.68,475414.58,6086229.13,1387.77,0.05,56.19,230.84,9.5,0.27,0.05,231,331.09,494.31,iron
4,703277458,1,0,1,29.64,0.39,12.56,0.65,138.09,-87.17,13.67,-24.39,1.608,0.111,1.375,0.093,703.64,10.42,4390.29,10672.77,2.5,0.05,-26933.0,30.53,6685.42,36.13,51.32,450324.8,6105817.52,1513.89,0.08,46.97,218.2,8.05,0.27,0.04,628,187.55,521.64,iron
3,593334605,1,0,1,44.87,0.59,123.11,0.56,66.72,-40.72,333.68,4.45,2.16,0.158,1.854,0.134,764.55,18.29,5228.68,14977.19,3.33,0.11,-8292.68,50.12,27659.7,67.89,17.5,468899.87,6126825.17,1482.86,0.09,55.41,221.05,9.87,0.26,0.05,992,120.63,466.25,proton
3,823152824,0,0,1,52.59,0.73,344.94,0.6,232.09,-40.38,70.13,-31.19,3.079,0.244,2.649,0.207,757.82,27.9,6433.46,24952.52,4.44,0.21,15929.64,122.45,20897.29,123.0,-87.06,493123.76,6120128.27,1366.91,0.18,24.22,236.81,9.41,0.25,0.05,1389,146.54,370.34,iron
3,369117005,0,0,1,46.93,0.63,236.04,0.88,333.9,-33.45,303.8,-62.63,0.909,0.071,0.764,0.059,674.74,20.59,6328.75,18744.54,1.36,0.08,-6767.4,100.81,26879.36,92.75,-19.2,470426.86,6126050.72,1439.78,0.19,23.09,223.11,9.69,0.24,0.05,982,140.04,358.03,iron
3,810768457,0,0,1,65.6,0.17,139.67,0.54,79.11,-36.55,337.86,14.14,11.209,0.814,9.677,0.7,821.46,12.66,8412.67,19839.33,15.72,0.22,1648.95,143.66,12318.06,79.78,-17.77,478874.43,6111517.63,1393.9,0.05,46.83,243.99,4.39,0.28,0.03,1525,233.66,487.28,proton
1,959709599,0,0,1,30.06,0.4,236.48,1.07,327.06,-54.69,346.92,-57.31,1.25,0.098,1.062,0.082,737.53,17.39,4042.92,11612.88,1.82,0.06,-18681.41,45.23,-14806.74,26.41,-37.57,458623.24,6084357.75,1409.24,0.07,82.54,231.98,10.3,0.25,0.05,397,494.14,527.49,iron
3,710728256,0,0,1,30.43,0.54,234.43,0.97,327.29,-55.9,348.22,-56.32,0.719,0.056,0.602,0.045,780.69,17.93,3621.97,10110.19,1.04,0.04,3113.07,28.83,26134.54,59.76,-71.01,480301.7,6125329.28,1385.03,0.12,33.94,229.32,11.03,0.24,0.06,1292,208.13,364.37,proton
4,658918438,1,0,1,41.7,0.19,90.83,1.02,59.14,-30.0,321.42,6.45,2.283,0.169,1.962,0.143,724.04,14.43,5364.71,12359.94,3.39,0.09,-30036.38,67.11,-62.15,26.94,50.67,447239.06,6099064.39,1519.52,0.08,101.56,229.49,10.43,0.26,0.05,1078,459.52,583.35,iron
2,20661686,1,0,1,35.07,0.51,259.18,0.6,324.79,-37.33,317.33,-68.96,1.574,0.115,1.344,0.096,735.85,14.03,4522.11,12630.84,2.36,0.07,9895.32,33.79,-1215.81,51.37,-28.76,487148.92,6098013.31,1379.34,0.08,56.27,226.22,9.22,0.26,0.05,709,309.45,339.67,iron
3,762786645,1,0,1,26.66,0.49,219.78,0.75,337.94,-61.67,348.68,-48.36,1.194,0.086,1.014,0.071,698.79,10.55,4194.52,7104.43,1.85,0.04,-1409.8,40.21,33122.19,18.14,21.19,475765.04,6132301.79,1506.75,0.15,35.97,217.84,10.14,0.25,0.05,1478,49.77,389.68,iron
4,183990491,1,1,1,36.69,0.33,108.98,0.47,56.19,-37.49,326.06,0.07,2.526,0.172,2.175,0.145,745.96,9.44,4530.74,11210.48,3.87,0.08,-21199.04,27.93,17201.74,31.42,65.28,456027.43,6116342.14,1524.72,0.07,56.99,223.18,7.57,0.26,0.05,847,173.11,194.91,iron
2,154531578,0,0,1,39.5,0.6,64.68,1.03,193.76,-30.2,67.61,1.33,0.934,0.074,0.787,0.061,678.84,24.52,5530.11,11301.46,1.39,0.05,9716.33,41.81,-6690.62,83.45,-33.68,486983.97,6092541.85,1377.51,0.07,74.75,224.45,11.05,0.25,0.05,508,517.17,603.51,iron
3,598178715,0,1,1,47.01,0.93,346.74,0.78,237.35,-25.71,88.09,-31.96,4.658,0.402,4.023,0.344,870.0,27.05,4675.33,19841.72,6.99,0.31,-6832.1,116.64,17385.65,74.35,-12.42,470384.49,6116561.61,1414.42,0.07,76.08,228.07,10.55,0.28,0.05,1198,308.99,341.61,proton
1,26557485,1,0,1,45.9,0.32,37.9,0.52,187.28,-44.41,52.99,-2.52,1.158,0.079,0.979,0.065,700.61,14.55,6186.27,12245.98,1.67,0.05,-20805.35,37.57,-19128.77,36.24,-57.04,456513.63,6080035.14,1407.39,0.14,32.71,232.21,8.54,0.29,0.05,366,409.35,574.33,iron
4,997042191,0,0,1,49.34,0.82,231.66,0.75,320.9,-54.63,352.24,-59.53,1.287,0.098,1.091,0.081,734.46,25.25,6282.86,19622.9,1.94,0.09,-32083.27,94.86,617.27,105.56,71.41,445189.72,6099737.16,1554.93,0.17,28.93,222.71,9.66,0.25,0.05,1053,463.5,476.08,iron
3,656298933,1,0,1,33.63,0.45,33.98,0.76,222.04,-10.75,97.26,-12.91,1.097,0.075,0.928,0.062,742.19,11.72,4284.31,10764.26,1.59,0.04,12303.91,57.84,32500.94,30.49,-73.05,489471.99,6131715.78,1422.9,0.13,35.99,231.65,7.95,0.24,0.04,1129,215.65,704.53,iron
4,471106153,1,0,0,46.77,0.77,69.74,0.77,193.71,-14.97,80.51,9.51,1.061,0.076,0.895,0.062,677.79,21.56,6414.16,13809.13,1.62,0.06,-21795.67,50.65,15354.46,102.87,66.68,455435.04,6114491.08,1519.68,0.12,32.75,219.85,9.18,0.25,0.05,918,413.19,647.1,iron
4,634783004,1,1,1,33.18,1.06,10.36,1.93,233.38,-12.44,100.6,-23.69,4.301,0.429,3.72,0.369,908.63,23.88,2676.14,17108.15,6.43,0.36,-17182.97,57.53,7704.67,64.91,24.28,460063.87,6106860.2,1450.45,0.11,47.52,229.54,9.89,0.27,0.05,1724,472.48,777.49,proton
3,798390158,0,0,1,27.7,0.56,170.3,1.25,215.86,-69.87,35.42,-26.35,0.647,0.049,0.54,0.039,696.2,23.12,4359.32,9189.62,0.94,0.03,8325.98,40.81,26489.58,33.17,-82.41,485511.47,6125697.87,1377.39,0.08,75.16,227.95,9.52,0.26,0.05,1384,348.48,356.34,iron
3,433314402,0,0,1,47.38,0.64,206.4,1.33,257.17,-67.86,33.83,-41.02,0.934,0.08,0.786,0.066,702.34,20.5,6338.58,20179.28,1.39,0.09,-8766.02,140.25,27573.71,122.59,34.84,468425.43,6126737.37,1502.23,0.25,21.87,223.94,9.73,0.27,0.05,994,433.13,493.91,iron
1,215351410,1,0,1,32.33,0.6,84.75,0.77,166.58,-58.78,33.86,-3.22,1.366,0.099,1.163,0.082,714.65,15.0,4492.47,12849.58,2.02,0.06,-8960.31,44.87,-20996.85,44.72,-50.88,468354.66,6078195.47,1387.59,0.12,41.63,228.02,9.52,0.25,0.05,307,350.54,616.42,iron
2,85644372,1,0,1,41.48,0.44,78.55,0.6,194.25,-21.5,75.19,5.63,2.28,0.15,1.959,0.125,744.11,8.85,5105.77,10415.87,3.64,0.07,18807.28,30.92,1563.66,57.73,-61.12,496048.66,6100814.62,1367.82,0.22,25.0,213.86,6.28,0.21,0.05,758,323.64,340.91,iron
2,640367366,1,0,1,27.31,0.42,204.64,0.67,246.28,-42.89,68.27,-41.98,1.671,0.116,1.43,0.098,757.99,10.6,3616.44,10437.09,2.47,0.05,14352.86,34.18,1650.43,32.55,-45.07,491596.26,6100889.08,1371.92,0.1,46.74,229.71,8.3,0.25,0.04,733,197.64,252.61,proton
3,717671784,0,0,1,56.44,0.68,182.51,1.76,188.55,-75.23,27.2,-20.32,0.769,0.061,0.642,0.049,722.68,33.01,7663.92,15689.78,1.1,0.05,4275.89,225.83,23815.35,69.42,-60.57,481470.5,6123015.17,1385.23,0.08,32.23,231.45,10.53,0.25,0.05,1310,511.75,523.19,iron
1,266190680,0,0,1,48.12,0.6,104.99,0.59,145.81,-48.66,28.05,11.49,1.93,0.142,1.652,0.12,680.02,19.73,6692.24,18524.26,2.83,0.1,-6388.62,78.73,-18490.23,91.94,-44.66,470918.08,6080710.48,1387.14,0.1,34.67,232.08,8.51,0.23,0.05,304,321.36,399.06,iron
1,59115542,1,0,1,35.08,0.34,160.41,0.46,145.92,-80.67,16.69,-18.49,2.768,0.193,2.386,0.163,818.47,10.27,3665.25,10296.03,3.99,0.07,-13147.85,26.64,-18411.02,25.01,-42.63,464164.51,6080770.28,1395.7,0.08,59.29,237.5,7.7,0.22,0.04,125,310.09,682.98,iron
4,121172610,1,0,1,38.09,0.28,129.82,0.83,190.05,-43.89,54.57,-3.83,1.357,0.099,1.154,0.083,726.98,16.51,4930.37,10336.98,2.05,0.05,-28236.96,40.62,3346.56,26.36,48.77,449026.9,6102479.34,1515.76,0.08,93.76,223.81,10.17,0.25,0.05,637,296.82,984.48,iron
1,958334207,1,0,1,37.06,0.48,66.29,0.7,219.09,10.2,114.73,-0.76,1.403,0.101,1.195,0.084,744.24,15.5,4680.0,15232.62,2.0,0.07,-7179.3,57.42,-20715.08,48.74,-49.74,470133.66,6078482.35,1386.9,0.13,32.6,236.68,8.39,0.24,0.05,312,295.22,307.2,iron
3,575565477,0,0,1,39.2,0.85,223.55,2.29,265.85,-50.99,52.24,-53.25,0.639,0.055,0.533,0.045,690.45,24.11,5508.92,15585.91,0.95,0.05,-4969.6,131.71,26840.57,132.17,-31.89,472223.45,6126015.88,1425.57,0.12,27.95,223.79,9.67,0.26,0.05,1089,116.46,557.86,iron
2,320816779,1,1,1,51.58,0.33,218.09,0.52,273.22,-63.5,32.5,-48.85,4.703,0.326,4.058,0.276,728.78,13.33,6693.58,17041.33,7.1,0.16,14368.58,79.51,9657.83,48.17,-57.24,491591.78,6108891.43,1366.64,0.07,47.09,226.29,5.86,0.31,0.04,1707,104.23,294.24,iron
1,8622765,1,0,1,27.47,0.38,40.15,0.88,239.42,14.27,128.51,-15.79,1.872,0.129,1.606,0.109,677.48,9.19,4508.05,11253.26,2.95,0.07,-10851.09,46.85,-21677.41,39.51,-56.96,466466.88,6077512.1,1389.22,0.13,33.6,216.3,9.24,0.26,0.06,341,91.57,100.44,iron
1,139008481,1,0,1,35.76,0.33,235.19,0.78,311.86,-57.02,3.29,-59.44,1.252,0.092,1.063,0.077,726.49,15.86,4652.3,10009.33,1.89,0.05,-18227.76,38.82,-16020.77,24.22,-41.19,459079.75,6083145.76,1406.56,0.08,86.0,223.36,10.25,0.26,0.05,415,170.44,357.45,iron
2,675372217,0,0,1,36.56,0.67,195.34,1.4,249.46,-72.71,30.12,-36.36,0.712,0.055,0.595,0.044,705.8,17.76,4961.59,14513.49,1.07,0.05,10439.66,89.24,-6882.85,64.74,-32.64,487708.16,6092351.61,1378.33,0.15,29.36,219.86,10.04,0.26,0.05,571,843.14,859.76,iron
3,392554412,0,0,1,33.1,0.57,356.05,0.64,251.61,5.31,128.08,-30.77,0.966,0.075,0.815,0.062,711.73,20.93,4553.69,12801.04,1.45,0.06,7855.01,43.46,24329.82,39.99,-71.89,485044.6,6123538.39,1377.68,0.1,47.43,223.76,10.85,0.25,0.05,1403,98.28,515.1,iron
2,765204516,0,0,1,36.99,0.57,318.36,1.45,275.07,-0.02,143.62,-51.91,0.971,0.076,0.819,0.063,721.17,26.0,4824.11,10546.12,1.44,0.05,18467.78,82.82,6945.36,41.5,-68.22,495696.8,6106190.23,1364.29,0.06,88.67,225.43,10.03,0.26,0.05,778,603.5,610.0,iron
2,818801076,1,0,1,16.55,0.31,359.0,1.85,254.66,4.18,129.14,-33.89,1.184,0.092,1.006,0.077,647.75,21.05,4299.28,7467.01,1.78,0.04,14386.19,22.97,-2117.15,23.89,-41.86,491639.02,6097124.05,1373.63,0.09,76.51,224.86,10.84,0.25,0.05,729,244.51,490.84,iron
3,236917473,1,0,1,43.77,0.39,122.81,0.57,160.59,-52.84,34.56,3.57,1.147,0.081,0.97,0.066,709.85,16.57,5762.5,11873.46,1.64,0.05,-4794.65,40.57,28246.14,46.4,-18.54,472395.25,6127418.56,1443.83,0.09,51.55,234.49,9.33,0.27,0.05,1486,272.08,415.05,iron
4,666602772,0,0,1,55.82,0.66,142.83,1.41,200.69,-12.45,86.16,4.93,1.991,0.17,1.701,0.144,669.27,35.03,8085.46,14665.01,2.97,0.11,-13215.17,158.49,16595.42,265.93,9.92,464009.84,6115754.25,1443.66,0.05,83.51,227.29,10.46,0.25,0.05,871,379.86,417.92,iron
4,753766663,1,0,1,31.96,0.52,300.64,0.86,279.49,-6.25,141.75,-59.47,2.704,0.197,2.332,0.167,769.17,11.56,3873.89,13011.45,4.09,0.09,-33861.56,37.69,3491.3,69.28,76.73,443406.83,6102608.61,1565.62,0.1,37.64,225.86,8.01,0.28,0.04,627,294.5,999.66,iron
2,931169847,1,0,1,25.98,0.42,176.44,0.98,240.63,-11.51,104.85,-29.76,1.923,0.144,1.651,0.122,740.67,11.78,3713.2,12069.15,2.96,0.08,12853.04,45.51,1691.59,40.18,-40.65,490097.27,6100926.58,1373.08,0.1,41.27,221.26,9.89,0.26,0.05,714,165.81,248.75,iron
4,301389340,1,0,1,41.14,0.39,118.67,0.52,217.99,14.71,118.23,2.29,1.305,0.09,1.108,0.075,766.98,13.95,4848.79,11904.97,1.81,0.05,-23009.88,37.09,21191.63,38.16,57.15,454206.86,6120326.34,1536.55,0.08,45.93,242.4,8.61,0.24,0.05,1024,337.37,557.2,iron
4,33142637,1,0,0,23.63,0.36,311.74,1.25,284.42,8.02,163.2,-50.54,1.229,0.096,1.045,0.08,780.85,14.12,3187.12,9294.23,1.84,0.06,-24849.31,35.97,10330.04,29.84,62.97,452395.99,6109465.79,1516.78,0.12,38.9,225.16,9.6,0.27,0.05,666,333.47,798.85,proton
2,785532897,1,0,1,49.21,0.73,142.48,0.6,198.97,-25.33,74.16,-0.06,2.408,0.171,2.068,0.144,759.42,22.16,6137.52,20074.32,3.48,0.13,6842.92,89.34,-4442.57,99.14,-21.73,484106.77,6094780.92,1383.26,0.24,25.96,235.99,8.13,0.25,0.05,647,276.33,564.31,iron
1,767331292,0,0,1,31.16,0.55,347.41,0.97,321.87,23.62,214.44,-36.06,0.707,0.053,0.592,0.043,714.56,17.68,4432.16,11147.35,1.01,0.04,-9203.71,67.29,-26604.7,33.75,-81.83,468126.47,6072591.74,1381.74,0.16,31.42,232.2,10.51,0.24,0.06,325,200.4,307.37,iron
1,26759347,0,0,1,30.06,0.65,130.25,0.97,269.59,45.89,169.93,-10.96,0.663,0.053,0.554,0.043,673.79,23.63,4804.56,10728.23,0.98,0.04,-15472.7,41.57,-18722.36,47.43,-49.04,461840.32,6080454.02,1398.04,0.13,44.77,224.44,11.45,0.26,0.06,405,106.79,263.19,iron
3,374034656,1,0,1,26.55,0.36,245.27,0.66,266.06,-32.6,84.06,-57.72,1.506,0.105,1.286,0.088,746.2,10.04,3738.4,8145.65,2.25,0.04,10033.96,25.11,30869.01,21.34,-86.08,487207.51,6130080.0,1394.31,0.1,54.26,226.73,9.32,0.26,0.05,1359,351.32,555.97,iron
3,730105830,0,0,1,36.77,0.21,183.74,1.15,233.41,-28.41,83.9,-29.39,1.28,0.096,1.088,0.08,681.27,19.51,5337.95,11310.64,1.9,0.05,17114.26,24.15,34824.43,58.04,-89.24,494275.79,6134049.7,1425.25,0.08,97.24,227.26,10.19,0.26,0.05,1147,633.16,641.65,iron
1,416353946,0,1,1,51.02,0.7,115.62,1.77,215.58,32.25,133.11,12.04,3.392,0.326,2.921,0.279,728.21,20.28,6663.44,30574.55,4.98,0.37,-26900.52,165.16,-5285.27,190.62,1.72,450384.36,6093857.09,1463.45,0.21,23.67,232.72,9.43,0.25,0.05,942,739.54,820.19,iron
4,416291956,0,1,1,50.95,0.19,114.38,0.78,215.73,33.2,134.05,12.32,3.602,0.267,3.104,0.226,751.66,13.63,6410.71,15705.44,5.17,0.13,-27034.72,91.61,-5316.07,42.07,1.72,450250.7,6093825.32,1463.44,0.07,109.31,238.03,9.54,0.27,0.05,942,511.88,696.99,iron
4,350324032,0,0,1,61.34,0.24,233.39,0.7,266.93,-33.41,82.49,-58.44,3.522,0.242,3.024,0.203,783.53,16.88,8104.95,18228.83,4.71,0.11,-19138.0,60.03,8628.15,101.95,36.57,458109.34,6107779.11,1470.6,0.09,34.08,254.43,6.39,0.27,0.04,1732,146.48,256.25,proton
4,568356946,1,0,0,43.54,0.47,29.67,0.53,342.51,46.69,219.05,-7.97,1.164,0.08,0.985,0.066,750.49,14.19,5348.17,12764.29,1.76,0.05,-23402.07,45.16,9506.87,44.74,58.24,453843.78,6108644.98,1506.45,0.11,34.81,222.56,8.5,0.27,0.05,672,279.93,413.29,proton
2,106549373,0,1,1,48.17,0.36,154.06,0.92,239.64,29.99,141.67,-6.81,4.332,0.321,3.739,0.273,725.78,12.6,6244.92,26005.66,6.35,0.22,2561.72,121.32,1802.52,89.14,-9.94,479812.26,6101011.54,1390.83,0.21,21.82,233.74,7.26,0.24,0.04,1019,52.1,74.95,iron
2,816748183,1,0,1,42.35,0.44,235.0,0.78,278.76,-9.8,135.5,-61.37,2.249,0.154,1.931,0.13,752.01,11.71,5175.58,17432.05,3.24,0.09,10859.05,78.19,-13095.93,68.2,-47.85,488142.59,6086143.92,1373.85,0.17,24.86,236.5,7.06,0.26,0.04,566,391.57,423.0,iron
2,366902695,1,0,1,42.61,0.58,64.88,0.34,297.56,67.19,190.78,4.41,12.045,0.914,10.473,0.792,800.49,15.08,4685.08,20565.79,16.99,0.33,5862.66,51.64,6773.15,63.04,-20.88,483098.66,6105987.37,1385.38,0.09,49.9,244.71,6.8,0.24,0.04,1499,10.4,265.25,iron
3,366910125,0,0,1,43.04,0.61,61.12,1.22,304.06,66.73,193.31,3.86,11.442,1.099,9.945,0.956,774.85,18.03,4997.73,25593.82,16.8,0.67,5811.92,132.53,6869.88,53.24,-20.88,483047.69,6106083.86,1385.37,0.05,103.43,234.92,9.75,0.25,0.05,1499,149.57,177.12,iron
4,775591987,0,0,1,48.46,0.69,64.16,0.58,345.96,67.35,208.32,9.81,1.317,0.098,1.117,0.082,663.12,22.49,6932.84,19048.39,1.96,0.09,-19833.69,93.8,20411.12,96.26,42.03,457383.44,6119550.96,1504.25,0.14,23.86,225.88,8.98,0.25,0.05,915,315.1,315.84,iron
4,742434194,1,0,1,47.05,0.39,11.33,0.56,353.44,29.04,237.4,-15.87,1.422,0.093,1.209,0.077,788.27,13.99,5371.62,12156.72,1.9,0.05,-28272.52,38.55,22933.74,53.84,58.32,448938.84,6122051.04,1557.08,0.16,24.4,252.52,7.18,0.21,0.05,929,756.04,775.8,iron
3,326022257,0,0,1,43.23,0.62,187.62,1.05,270.55,24.7,158.88,-29.49,1.311,0.106,1.113,0.089,711.43,23.07,5639.99,19913.14,1.93,0.11,-10454.71,93.26,27775.41,81.59,-2.06,466738.28,6126935.57,1467.69,0.17,26.76,229.34,10.79,0.24,0.06,990,139.59,268.75,iron
1,817611234,0,0,1,33.14,0.63,292.48,0.91,296.24,-1.67,177.59,-63.75,0.965,0.077,0.814,0.064,789.86,16.3,3788.93,12133.87,1.46,0.06,-9990.83,44.71,-17783.12,41.35,-41.15,467316.79,6081406.2,1391.56,0.07,71.55,220.97,10.41,0.26,0.05,199,175.77,189.39,proton
3,817550069,1,0,1,38.38,0.39,338.76,0.81,293.37,22.7,181.44,-39.32,1.242,0.086,1.054,0.071,637.77,11.67,5948.01,16047.83,1.87,0.06,14333.16,74.05,30023.73,51.26,-104.6,491507.26,6129244.38,1384.51,0.17,25.47,223.06,8.31,0.26,0.05,1563,397.54,430.32,iron
1,48379555,0,1,1,43.6,0.67,35.17,0.58,329.41,54.28,208.02,-5.45,2.709,0.199,2.332,0.169,743.02,20.01,5380.33,20155.67,4.08,0.15,-15494.86,77.72,-10575.14,66.43,-19.07,461795.71,6088594.39,1405.68,0.12,34.78,226.78,8.82,0.25,0.05,164,572.04,743.89,iron
3,132998029,1,1,1,48.27,0.37,347.15,0.84,318.72,29.71,208.9,-31.19,8.134,0.63,7.048,0.543,744.29,13.67,6061.88,26531.15,12.84,0.47,22440.83,107.2,25726.03,89.14,-130.29,499615.44,6124971.24,1357.75,0.18,24.47,217.84,7.29,0.24,0.05,1582,674.81,695.06,iron
3,386656217,1,0,1,25.83,0.47,278.3,1.15,305.91,2.33,198.9,-60.4,1.017,0.075,0.86,0.062,731.6,14.33,3835.55,10985.67,1.48,0.04,9534.59,39.37,27242.61,43.35,-92.26,486717.26,6126452.09,1376.28,0.11,37.73,231.34,9.14,0.24,0.05,1392,782.78,790.2,iron
2,650159054,1,1,1,44.75,0.35,196.25,0.48,246.58,-10.86,108.48,-34.77,2.558,0.173,2.2,0.145,707.39,12.08,5955.11,13936.95,3.69,0.08,19310.58,56.45,7908.87,29.91,-75.76,496533.45,6107155.66,1360.55,0.09,50.1,236.56,7.13,0.25,0.05,765,452.6,471.36,iron
1,314529509,1,0,1,22.11,0.28,123.63,1.31,270.69,40.15,167.71,-16.34,4.482,0.339,3.882,0.29,798.74,11.33,2865.8,11492.41,6.53,0.13,-22147.2,28.61,-17254.16,39.38,-45.98,455167.5,6081902.56,1411.19,0.1,39.32,236.38,8.77,0.21,0.04,363,986.63,1118.95,proton
3,557762898,1,0,1,40.34,0.34,263.34,0.5,286.81,-22.09,118.32,-74.52,1.289,0.085,1.095,0.07,649.41,11.21,6079.7,12507.31,1.95,0.04,-5508.28,39.05,32042.22,35.22,49.57,471671.72,6131213.5,1530.72,0.11,37.02,222.98,7.42,0.26,0.04,1547,294.32,309.3,iron
1,829171313,1,0,1,28.7,0.51,94.95,0.74,238.83,29.04,140.49,-6.8,3.028,0.224,2.615,0.19,802.05,12.99,3292.88,12889.02,4.41,0.1,-9229.18,40.07,-19122.81,39.27,-46.05,468081.35,6080069.27,1389.4,0.09,43.93,235.47,8.71,0.23,0.05,310,187.53,215.95,iron
1,293955331,1,0,1,27.77,0.4,104.76,0.79,241.1,29.03,141.67,-8.4,1.518,0.102,1.297,0.085,826.09,9.24,2950.22,7730.82,2.19,0.04,-13955.8,27.41,-21638.27,33.9,-59.62,463363.97,6077543.31,1392.38,0.09,41.67,235.24,7.49,0.25,0.04,344,1.49,17.49,proton
3,684725357,0,0,1,21.01,0.52,165.56,1.69,322.1,32.67,211.02,-27.49,0.678,0.055,0.567,0.044,807.58,15.51,2711.86,8768.38,1.0,0.04,-4471.72,41.08,32927.59,28.1,48.18,472705.11,6132099.27,1535.29,0.09,43.29,224.5,8.87,0.27,0.04,1506,81.54,307.97,proton
2,171462277,0,0,1,30.42,0.49,106.84,0.86,353.73,42.9,227.65,-5.83,0.71,0.051,0.594,0.041,762.95,12.15,3809.98,8194.31,1.08,0.03,24038.56,25.99,1517.44,48.86,-77.63,501276.92,6100779.85,1366.32,0.12,35.27,217.35,10.37,0.26,0.05,910,416.01,419.42,proton
1,205259594,0,0,1,49.85,1.02,133.15,0.87,223.1,28.69,132.83,4.66,0.84,0.065,0.704,0.053,798.15,28.43,5732.47,15510.57,1.22,0.05,-16728.08,124.55,-16294.84,97.69,-39.57,460579.19,6082877.28,1404.04,0.13,29.38,229.38,10.28,0.26,0.05,414,147.82,230.28,iron
1,89908000,0,0,1,36.47,0.47,97.6,1.6,254.13,53.27,166.11,0.86,1.57,0.116,1.34,0.097,769.61,15.12,4322.84,16822.55,2.35,0.09,-20779.69,59.85,-13125.48,73.55,-27.87,456522.88,6086032.67,1417.92,0.14,34.51,226.08,9.33,0.27,0.05,424,219.31,517.51,iron
3,682912769,0,0,1,29.47,0.48,105.49,0.83,263.46,48.72,167.9,-6.35,0.844,0.065,0.71,0.053,657.44,16.97,4935.12,9031.98,1.3,0.03,-3661.06,31.09,29923.59,33.39,-0.4,473522.56,6129100.39,1472.82,0.08,64.93,216.32,10.93,0.24,0.05,1545,117.95,522.79,iron
3,604659747,0,0,1,36.6,0.39,258.98,0.62,309.7,-8.16,212.77,-69.97,0.935,0.07,0.788,0.058,746.53,17.76,4519.59,9708.21,1.37,0.04,12785.55,30.9,34275.66,33.06,-70.96,489948.46,6133490.97,1433.15,0.09,57.17,228.02,11.41,0.27,0.06,1136,86.05,320.48,iron
1,826359164,0,0,1,13.97,0.62,277.71,1.98,321.91,9.17,222.34,-49.3,0.641,0.05,0.536,0.04,767.84,18.66,2786.03,7662.06,0.95,0.03,-10650.82,34.38,-26513.8,25.08,-81.62,466679.32,6072678.62,1384.44,0.07,62.96,223.6,8.93,0.26,0.04,337,282.84,440.09,proton
2,108561714,1,1,1,39.38,0.58,103.87,0.75,6.76,46.21,231.33,3.3,2.893,0.211,2.493,0.179,748.75,15.77,4751.39,17225.67,4.22,0.13,10277.32,62.44,4485.37,60.94,-30.12,487516.45,6103711.87,1379.39,0.12,33.96,234.32,8.65,0.24,0.05,1238,201.25,207.07,iron
3,755125233,1,0,1,31.46,0.37,51.23,0.79,17.2,10.23,266.41,-9.0,1.464,0.109,1.249,0.091,707.82,17.01,4431.7,9390.01,2.16,0.06,4926.11,33.24,24865.92,23.81,-70.55,482118.05,6124067.63,1381.83,0.08,78.39,229.49,11.35,0.27,0.06,1360,701.84,705.65,iron
2,107099506,0,0,1,40.89,1.16,41.97,1.02,340.9,51.63,215.38,-4.47,0.663,0.062,0.553,0.051,770.09,38.6,4772.28,13293.88,0.99,0.06,18798.36,101.45,6184.1,67.72,-68.22,496029.14,6105432.34,1364.3,0.12,49.15,221.9,11.75,0.25,0.05,778,416.58,616.99,proton
3,110966155,0,0,1,48.08,0.62,352.69,0.86,348.65,17.0,243.34,-27.45,0.728,0.056,0.608,0.045,745.6,24.03,5965.25,12295.44,1.08,0.04,4189.31,89.62,25576.38,43.87,-67.55,481377.38,6124775.14,1383.6,0.1,39.01,223.36,11.08,0.25,0.06,1274,80.95,413.84,iron
1,724181589,1,0,1,56.69,0.33,130.05,0.94,358.4,65.22,213.5,11.69,1.471,0.104,1.249,0.086,763.15,19.54,7344.95,14249.16,2.11,0.07,-7122.08,65.11,-22358.23,116.51,-62.43,470193.19,6076843.65,1383.04,0.07,41.37,234.63,10.09,0.27,0.06,319,284.93,485.37,iron
4,800921904,1,1,1,25.41,0.44,345.91,0.72,316.13,24.14,208.02,-37.17,8.86,0.647,7.704,0.559,725.44,8.27,3914.73,13599.64,13.04,0.2,-21839.14,37.12,22744.14,35.85,32.9,455372.99,6121879.15,1508.65,0.07,42.85,234.65,7.38,0.23,0.04,965,410.25,475.34,iron
1,985218623,1,1,1,45.24,0.19,201.37,0.32,263.68,8.03,139.96,-38.22,23.18,1.635,20.237,1.428,789.47,7.64,5228.62,11076.86,35.22,0.32,-15644.52,28.09,-15554.42,18.73,-34.21,461660.61,6083619.18,1404.29,0.08,73.54,228.21,4.51,0.23,0.05,448,466.52,645.0,proton
4,907036442,1,0,1,32.81,0.51,19.06,1.38,359.85,16.4,251.49,-19.71,3.762,0.288,3.251,0.246,726.8,14.69,4475.06,18042.63,5.5,0.16,-20088.64,61.2,25878.51,61.17,-6.02,457118.0,6125016.71,1482.33,0.1,35.11,234.42,9.0,0.26,0.05,1045,751.28,763.27,iron
4,347162229,0,0,1,47.79,0.34,349.06,1.01,10.6,-25.53,298.09,-30.11,3.118,0.233,2.686,0.197,734.36,14.37,6158.0,24100.2,4.43,0.18,-13827.39,108.03,11137.65,83.44,13.76,463407.73,6110300.1,1436.58,0.17,21.41,240.98,8.51,0.22,0.05,1221,100.87,520.23,iron
1,528564310,0,0,1,41.85,0.64,49.32,1.4,24.25,14.1,266.38,-1.1,0.886,0.071,0.745,0.058,853.88,20.27,4134.91,14958.44,1.29,0.07,-10785.91,73.54,-17490.6,85.61,-41.15,466521.19,6081696.25,1391.59,0.18,29.41,228.79,10.16,0.25,0.05,199,604.81,619.11,proton
4,372854261,1,0,1,59.95,0.38,334.09,0.81,335.12,16.11,232.51,-36.66,3.656,0.253,3.142,0.213,747.74,23.07,8016.28,20442.01,5.14,0.15,-23885.4,114.56,26928.82,86.76,3.41,453313.99,6126058.13,1502.19,0.1,24.65,242.89,7.06,0.22,0.05,1046,251.73,351.7,iron
1,95940749,1,0,1,24.92,0.38,231.74,1.04,278.2,1.54,149.18,-52.73,1.972,0.145,1.694,0.123,751.43,12.34,3559.98,11078.72,3.01,0.08,-6703.47,25.74,-25282.4,32.41,-74.67,470620.63,6073919.16,1380.72,0.06,78.03,223.3,9.77,0.27,0.05,302,164.93,516.12,iron
1,295042725,0,0,1,53.52,0.68,184.96,1.41,323.48,36.36,210.83,-23.63,1.967,0.155,1.682,0.131,696.1,31.04,7388.64,13905.99,2.92,0.1,-7306.51,195.12,-14352.51,176.11,-25.11,469991.28,6084841.59,1394.91,0.05,81.4,228.56,9.66,0.25,0.05,145,575.64,655.76,iron
1,677226971,0,1,1,46.02,0.43,166.45,0.7,305.09,47.49,194.37,-15.36,3.004,0.214,2.588,0.181,743.46,15.44,5754.53,17005.84,4.4,0.14,-1943.88,62.69,-16904.67,82.7,-36.77,475357.78,6082304.19,1384.83,0.06,82.51,233.56,8.98,0.26,0.05,246,296.56,447.74,iron
3,951642034,0,0,1,18.83,0.54,181.5,1.23,270.06,19.7,155.14,-33.37,0.711,0.056,0.596,0.046,769.85,17.48,3055.43,9373.01,1.04,0.04,6996.95,28.5,26094.31,30.42,-78.08,484183.57,6125299.57,1380.06,0.07,66.02,227.47,9.86,0.26,0.05,1113,384.33,614.46,iron
1,452431781,0,0,1,54.5,0.35,298.57,0.84,328.08,-22.72,277.47,-66.82,0.914,0.064,0.766,0.052,780.0,21.65,6766.08,13484.63,1.3,0.05,-9530.43,51.65,-22712.14,75.89,-62.32,467790.62,6076479.01,1387.23,0.1,33.23,234.16,9.91,0.26,0.06,328,66.62,695.74,proton
3,976336534,1,0,1,30.97,0.31,128.26,0.79,320.32,52.13,203.57,-9.29,1.322,0.093,1.125,0.077,730.43,13.7,4284.22,9569.58,1.93,0.04,3834.61,31.25,24392.77,21.1,-60.57,481028.5,6123590.09,1385.2,0.07,82.73,231.12,9.52,0.26,0.05,1310,470.74,705.26,iron
3,274965429,0,0,1,44.45,0.37,156.32,0.92,336.8,46.39,215.86,-10.35,1.35,0.099,1.147,0.082,774.13,16.57,5254.74,12321.26,2.05,0.06,13049.59,65.81,23254.57,58.3,-84.88,490242.03,6122475.84,1368.58,0.07,95.59,222.43,10.08,0.25,0.05,1542,342.35,707.75,iron
3,274346181,0,0,1,43.42,0.45,324.1,0.54,317.71,12.0,214.9,-48.32,0.816,0.056,0.684,0.045,735.91,16.35,5514.4,12476.52,1.19,0.04,1472.13,49.07,25399.82,41.44,-60.75,478663.43,6124592.14,1389.24,0.11,34.11,227.65,8.98,0.24,0.05,1298,245.37,418.82,iron
3,254841996,0,0,1,24.21,0.38,257.11,0.95,299.73,4.44,186.77,-58.28,0.72,0.05,0.604,0.04,694.22,11.98,4163.24,9404.99,1.04,0.03,4008.95,20.97,27073.22,43.27,-71.01,481195.5,6126271.6,1385.08,0.11,37.17,229.98,9.36,0.26,0.05,1292,684.38,834.03,iron
4,105294280,1,0,1,25.37,0.37,7.89,0.94,352.07,12.33,249.77,-28.12,2.303,0.154,1.983,0.129,709.21,8.02,4064.49,11040.6,3.35,0.05,-22572.33,54.53,17288.25,26.34,75.92,454655.67,6116424.52,1540.61,0.1,35.36,235.19,7.21,0.24,0.04,713,167.32,279.5,iron
1,786329287,0,0,1,57.71,0.52,287.16,0.95,316.25,-36.32,325.29,-75.44,2.858,0.21,2.453,0.177,834.81,28.39,6880.47,19342.11,3.96,0.13,-2492.23,134.95,-15435.02,170.18,-31.44,474804.6,6083772.72,1387.2,0.06,63.33,245.73,9.82,0.26,0.05,224,182.27,190.67,iron
3,253383232,0,0,1,25.83,0.44,203.07,0.71,331.05,13.54,230.25,-41.02,0.729,0.052,0.611,0.042,665.88,15.92,4610.21,10246.89,1.04,0.03,4263.99,28.75,25752.93,32.27,-67.55,481454.47,6124951.98,1383.62,0.09,48.71,232.43,9.87,0.26,0.05,1274,189.05,582.02,iron
2,47677822,1,0,1,29.96,0.47,77.08,0.66,12.91,23.04,253.22,-5.85,1.625,0.121,1.389,0.102,806.13,13.64,3324.77,11679.02,2.4,0.06,14867.18,35.2,3704.07,36.76,-48.11,492105.38,6102942.82,1370.17,0.09,42.88,229.66,9.01,0.25,0.05,1321,180.2,571.31,proton
3,983394662,1,0,1,58.95,0.53,322.05,1.22,338.15,-0.05,250.05,-46.67,1.237,0.087,1.044,0.072,755.43,26.64,7634.95,17203.26,1.72,0.06,-1637.21,143.74,25436.7,89.43,-53.32,475555.5,6124621.54,1396.91,0.1,19.15,240.77,8.5,0.24,0.05,1275,65.1,355.73,iron
1,610845096,0,0,1,48.4,0.59,119.69,0.8,258.96,65.14,175.7,8.31,0.822,0.06,0.689,0.049,679.32,19.48,6611.49,13654.1,1.19,0.05,-15707.75,60.9,-19784.01,79.07,-56.34,461606.72,6079394.93,1396.69,0.16,20.34,228.91,9.29,0.26,0.05,394,226.53,702.02,iron
2,312166727,0,0,1,36.26,0.59,139.28,0.97,305.75,54.24,194.52,-8.59,0.941,0.067,0.793,0.054,686.24,15.19,5110.75,15331.04,1.42,0.05,17657.35,55.9,7095.84,67.65,-62.31,494885.48,6106339.45,1365.8,0.12,34.21,221.58,8.84,0.26,0.05,996,73.01,190.06,iron
3,464360625,0,0,1,37.81,0.64,249.72,0.59,302.78,-4.68,192.47,-67.55,0.815,0.058,0.684,0.047,697.07,9.08,5146.1,11220.44,1.19,0.04,909.43,39.99,27646.48,89.84,-57.67,478095.99,6126834.98,1403.15,0.17,23.39,228.93,7.63,0.24,0.04,1281,124.54,200.46,iron
4,322315590,1,0,1,44.51,0.45,291.6,0.54,324.76,-27.94,290.33,-70.66,1.439,0.095,1.224,0.079,768.91,12.1,5168.99,13059.85,2.04,0.05,-24273.01,65.0,9505.24,52.66,62.97,452975.06,6108641.52,1516.72,0.15,22.05,238.3,7.48,0.24,0.05,666,20.65,106.32,iron
3,377701167,0,0,1,66.17,0.25,100.75,0.51,198.72,55.69,153.75,29.99,31.748,2.772,27.601,2.417,859.59,19.97,8473.08,30730.21,42.16,0.97,-7552.9,226.59,-7164.25,230.43,-5.28,469726.72,6092023.36,1402.57,0.04,105.19,260.5,8.36,0.17,0.05,110,440.99,489.5,proton
4,130302209,1,0,1,25.31,0.44,56.98,0.96,294.15,49.39,187.01,-13.08,1.956,0.136,1.68,0.114,712.78,10.9,3982.17,10449.16,2.79,0.06,-23165.25,48.0,18114.73,30.45,74.85,454061.29,6117250.23,1545.97,0.09,39.64,239.04,8.37,0.23,0.05,689,666.58,716.32,proton
4,378418181,0,1,1,47.7,0.42,158.57,0.72,243.93,30.32,144.24,-9.52,3.652,0.297,3.148,0.253,782.94,18.34,5529.9,17839.4,5.27,0.2,-12261.2,55.41,21444.55,90.16,-13.29,464951.11,6120603.5,1432.76,0.06,89.96,237.22,10.04,0.24,0.06,1781,328.2,474.13,iron
3,626541131,0,0,1,38.18,0.92,317.59,1.07,333.73,-3.76,249.8,-52.44,0.795,0.062,0.667,0.05,826.65,18.16,3917.2,14319.16,1.19,0.05,3716.38,68.01,22196.79,66.87,-57.04,480915.95,6121395.36,1384.36,0.1,41.8,222.49,9.41,0.27,0.05,1302,326.09,529.1,proton
3,683400996,0,0,1,34.77,0.47,157.08,0.71,324.17,43.42,208.81,-16.8,0.875,0.061,0.736,0.049,734.45,12.65,4492.16,10554.89,1.32,0.04,-2998.92,41.33,28596.86,40.73,-13.17,474186.64,6127775.78,1453.77,0.09,40.49,220.87,8.41,0.26,0.05,1485,25.38,621.86,iron
2,377426122,1,0,1,19.78,0.42,111.67,0.87,355.4,25.97,240.97,-16.73,2.063,0.143,1.774,0.12,687.92,8.69,3943.46,10014.64,3.17,0.06,13607.38,28.51,-10410.7,27.16,-48.82,490881.93,6088833.61,1374.08,0.07,63.4,222.21,8.83,0.24,0.05,581,184.75,470.5,iron
2,443485328,0,0,1,41.24,0.45,268.94,0.62,315.05,-19.51,250.98,-76.53,0.768,0.053,0.643,0.042,701.67,14.34,5518.16,11772.29,1.16,0.04,12404.66,38.93,-6969.38,45.02,-41.91,489671.25,6092269.47,1374.35,0.1,39.73,219.77,9.03,0.26,0.05,507,303.64,319.69,iron
2,879894962,0,0,1,41.53,0.77,158.83,0.72,327.29,45.97,210.01,-13.63,1.138,0.085,0.963,0.07,672.6,20.29,5861.52,15006.25,1.7,0.07,21611.42,94.1,7690.16,54.2,-81.97,498835.59,6106943.46,1359.16,0.09,40.34,224.19,10.43,0.26,0.06,782,159.95,466.96,iron
3,835586517,1,0,1,23.61,0.29,100.62,1.03,282.03,48.89,179.0,-11.72,1.374,0.101,1.171,0.084,765.14,11.01,3221.49,8562.42,2.09,0.04,9712.53,21.73,28211.38,21.53,-92.26,486892.56,6127421.55,1376.27,0.06,79.48,222.52,9.85,0.26,0.05,1392,8.86,658.98,proton
2,27392297,0,0,1,31.96,0.38,346.87,0.69,350.19,2.06,257.92,-35.96,0.901,0.066,0.759,0.054,672.78,19.19,4909.6,10464.34,1.3,0.04,18133.85,33.65,5582.09,26.48,-64.31,495365.82,6104827.86,1364.65,0.08,73.36,231.64,10.08,0.26,0.05,792,222.07,225.76,iron
3,984338498,0,0,1,33.46,0.47,301.59,1.65,330.27,-48.85,336.03,-59.73,1.699,0.134,1.453,0.114,821.25,16.85,3471.88,15388.59,2.45,0.09,7942.18,52.37,21663.25,61.63,-63.04,485139.06,6120874.43,1377.32,0.11,38.12,235.69,9.38,0.25,0.05,1531,152.51,390.89,proton
2,505964956,1,0,1,36.96,0.5,105.43,0.73,265.79,58.14,174.27,0.74,1.21,0.081,1.027,0.066,751.75,9.55,4570.35,12659.91,1.79,0.05,19351.0,35.32,4887.48,87.26,-63.63,496583.71,6104136.07,1366.5,0.15,24.01,226.71,7.42,0.28,0.04,793,352.29,549.13,iron
3,317431949,0,0,1,29.68,1.16,275.67,2.34,301.99,-1.59,190.67,-64.44,0.755,0.081,0.633,0.068,675.43,30.97,4755.95,12748.16,1.12,0.09,-1073.69,114.97,25293.4,90.37,-56.72,476120.13,6124479.17,1393.19,0.08,38.83,224.28,10.09,0.26,0.05,1296,621.55,668.43,iron
4,197509778,0,0,1,46.11,0.85,277.21,2.57,308.84,-18.47,226.22,-79.78,1.735,0.152,1.482,0.129,841.93,23.62,4792.61,24809.88,2.59,0.16,-26332.04,142.39,-5402.24,133.61,-2.21,450954.17,6093739.61,1453.21,0.14,28.9,226.87,9.32,0.26,0.05,970,250.73,557.06,proton
2,698410931,0,0,1,43.69,0.9,82.46,0.9,36.1,11.88,273.64,8.16,0.734,0.054,0.614,0.044,631.21,23.82,6691.67,14177.45,1.05,0.04,12993.9,85.16,737.5,112.87,-37.21,490240.57,6099972.26,1374.83,0.09,34.04,232.32,10.1,0.26,0.05,726,456.32,642.09,iron
3,735775636,0,0,1,62.28,0.39,344.54,1.37,26.05,-66.21,346.04,-27.4,2.628,0.185,2.25,0.155,718.8,24.99,8912.53,20300.74,4.02,0.12,-4360.74,233.36,20685.96,138.18,-27.09,472852.13,6119864.48,1411.02,0.06,36.32,221.67,7.93,0.27,0.05,1203,640.37,659.53,iron
1,832806556,0,0,1,44.23,0.61,125.42,0.8,264.71,60.14,174.89,2.71,1.141,0.087,0.965,0.072,766.71,21.54,5289.44,14354.64,1.67,0.07,-4159.96,46.7,-23151.18,92.58,-60.08,473158.07,6076055.58,1382.71,0.06,62.69,228.94,10.35,0.26,0.05,326,150.79,160.6,proton
3,732608885,0,0,1,47.93,0.56,338.86,0.97,2.81,-26.68,297.02,-37.15,1.045,0.083,0.881,0.068,660.97,25.98,6935.44,14817.63,1.52,0.06,-5082.91,116.77,23620.68,92.49,-36.48,472118.94,6122796.57,1410.72,0.05,55.81,230.48,10.71,0.26,0.05,1090,367.01,368.28,iron
1,980044954,1,0,1,42.87,0.19,248.65,1.04,309.74,-8.41,213.11,-70.21,2.088,0.166,1.791,0.141,665.62,24.62,6187.46,11590.1,3.1,0.1,-13129.92,68.18,-13170.24,35.48,-22.85,464168.35,6086009.41,1403.11,0.08,103.21,229.28,11.36,0.26,0.05,155,267.39,515.96,iron
2,606204329,1,0,1,26.37,0.25,295.91,0.94,339.35,-25.68,288.72,-57.46,1.428,0.104,1.218,0.087,733.74,13.38,3841.83,8518.86,2.12,0.04,20817.07,24.79,4573.54,22.01,-70.09,498049.31,6103827.12,1364.72,0.08,85.57,227.52,11.06,0.26,0.06,751,197.62,331.03,iron
3,718765095,0,0,1,43.14,1.39,356.22,1.11,351.57,14.42,247.63,-27.13,1.001,0.078,0.844,0.064,722.69,28.46,5557.48,16120.82,1.5,0.06,6681.84,164.91,21200.35,77.68,-57.71,483880.95,6120407.81,1380.91,0.08,49.05,223.62,9.32,0.26,0.05,1353,181.95,184.47,iron
1,541585554,0,0,1,45.65,0.72,40.28,1.34,1.79,42.72,231.84,-1.64,0.76,0.061,0.636,0.049,824.28,22.17,4866.82,15987.17,1.1,0.05,-7586.89,112.58,-21356.75,96.96,-49.74,469725.45,6077838.41,1386.98,0.17,23.91,229.75,10.66,0.25,0.05,312,672.99,840.13,proton
4,72737681,1,0,1,54.13,0.75,30.57,0.67,63.55,-44.86,335.27,-0.02,2.144,0.154,1.836,0.129,683.31,29.63,7643.52,20201.34,3.15,0.12,-19897.15,108.65,11155.19,129.83,54.39,457346.05,6110303.24,1497.03,0.13,23.24,231.61,9.21,0.24,0.06,1738,329.58,464.46,iron
3,732453320,0,0,1,41.57,0.49,295.4,0.84,323.31,-14.09,252.48,-66.96,1.061,0.076,0.896,0.062,720.9,16.11,5418.69,18001.41,1.56,0.06,14000.93,68.22,25256.05,66.85,-98.32,491185.97,6124478.71,1368.11,0.13,28.02,228.53,8.52,0.26,0.05,1559,327.5,643.99,iron
3,23142098,1,1,1,26.04,0.28,281.47,1.43,322.97,-4.35,236.38,-60.26,2.932,0.221,2.532,0.188,742.38,12.25,3715.19,14817.78,4.33,0.11,6285.54,38.64,21636.36,49.14,-57.71,483483.89,6120843.16,1380.92,0.09,36.32,232.42,9.19,0.22,0.05,1353,54.57,407.68,iron
3,97639530,0,0,1,27.15,0.43,230.37,0.83,306.22,9.81,198.23,-52.92,0.879,0.061,0.74,0.049,680.17,11.61,4505.98,8506.51,1.31,0.03,-2874.42,39.4,33214.2,21.63,35.33,474301.18,6132390.21,1521.49,0.11,37.33,224.82,9.75,0.25,0.05,1551,161.63,459.24,iron
4,835361453,0,0,1,46.25,0.9,305.12,0.59,333.41,-39.87,317.5,-61.76,1.777,0.135,1.518,0.114,700.34,26.64,6253.99,20057.54,2.59,0.11,-15313.83,66.42,17501.63,126.94,22.4,461908.19,6116656.27,1464.55,0.08,39.67,232.4,10.03,0.25,0.05,870,93.02,117.52,iron
1,771581628,0,0,1,52.37,0.88,128.72,1.56,21.64,38.75,243.53,8.6,0.76,0.06,0.635,0.049,726.9,34.38,6904.86,14216.55,1.12,0.05,-11866.66,146.52,-19882.99,128.86,-52.49,465446.5,6079303.97,1390.72,0.09,34.13,224.33,11.06,0.25,0.05,332,260.95,312.94,iron
3,441919495,0,0,1,46.26,1.07,210.73,0.9,324.0,13.67,222.11,-44.37,0.853,0.072,0.716,0.059,658.63,30.64,6722.41,17226.74,1.24,0.07,478.17,148.37,23320.93,120.87,-47.13,477678.3,6122512.86,1393.09,0.1,26.32,229.76,10.49,0.26,0.05,1301,540.44,813.75,iron
1,116345327,0,0,1,38.38,0.65,124.35,0.68,311.41,60.48,197.03,-2.12,0.837,0.06,0.703,0.049,958.63,12.59,2778.89,7466.87,1.18,0.03,-20229.03,30.39,-21383.25,74.19,-66.62,457093.91,6077782.26,1401.27,0.16,25.09,236.14,9.02,0.23,0.05,402,184.65,290.59,proton
3,149760110,1,0,1,57.79,0.69,25.31,1.52,47.07,-26.57,312.71,-0.54,1.025,0.075,0.861,0.061,721.11,34.88,7929.11,17229.57,1.45,0.05,9888.11,149.56,27495.68,136.95,-86.39,487062.28,6126703.82,1375.55,0.1,22.36,235.66,9.06,0.24,0.05,1381,573.45,914.38,proton
3,967109002,1,0,1,39.62,0.61,253.06,0.42,318.1,-13.44,241.85,-70.3,9.704,0.771,8.429,0.667,750.68,16.12,4876.93,22366.81,13.79,0.35,25068.67,36.28,29741.49,80.52,-166.02,502234.68,6128987.62,1355.81,0.07,61.46,242.92,7.96,0.2,0.05,1669,421.23,421.27,iron
1,209634090,0,1,1,56.45,0.35,252.32,1.18,286.61,-25.73,104.63,-75.33,3.821,0.307,3.288,0.261,765.01,16.6,7158.45,18081.79,5.73,0.16,-4789.39,196.84,-5661.93,154.72,-5.79,472484.26,6093532.53,1398.98,0.05,112.23,227.61,10.1,0.26,0.05,107,102.37,221.87,proton
4,274994012,0,0,1,59.82,0.43,132.39,1.15,282.69,75.57,187.77,13.51,2.032,0.149,1.734,0.125,706.7,22.44,8379.34,17134.92,3.08,0.09,-14230.95,111.39,18752.85,229.05,11.86,462986.73,6117909.96,1455.96,0.05,59.06,223.46,9.86,0.25,0.05,1472,3.83,324.89,iron
3,914344159,0,0,1,42.74,0.66,265.91,0.83,300.46,-14.7,181.85,-77.35,0.948,0.066,0.798,0.053,689.84,12.79,5865.18,11114.24,1.37,0.04,6711.29,49.76,29179.63,84.86,-76.7,483890.68,6128383.22,1392.72,0.21,23.43,230.39,8.39,0.28,0.05,1114,281.96,287.45,iron
3,89035171,0,0,1,28.39,0.33,195.68,0.97,345.46,5.46,250.93,-37.55,1.044,0.08,0.883,0.066,742.21,15.48,3890.17,10591.33,1.54,0.05,14418.23,25.53,31333.47,32.24,-93.18,491587.23,6130554.01,1400.63,0.06,82.46,227.35,10.67,0.26,0.05,1144,104.85,488.29,iron
2,710706554,0,0,1,49.08,0.48,159.41,0.53,298.79,53.55,190.37,-9.24,0.691,0.05,0.576,0.04,835.04,19.75,5299.12,13154.11,1.01,0.04,18788.9,46.5,4072.01,57.15,-63.63,496022.53,6103320.94,1366.48,0.14,26.53,226.6,9.94,0.29,0.06,793,294.9,367.6,proton
1,801415105,0,0,1,54.25,0.35,133.22,0.91,333.62,68.46,203.78,8.23,0.972,0.065,0.816,0.052,732.81,18.08,7130.08,13634.68,1.39,0.04,-11457.38,69.27,-20780.34,69.71,-52.49,465859.67,6078406.07,1390.72,0.1,32.98,233.08,7.81,0.26,0.04,332,285.0,319.94,iron
2,907668764,0,0,1,27.89,0.48,146.27,1.52,0.89,19.11,249.87,-17.27,2.018,0.147,1.733,0.124,704.33,11.94,4297.5,16618.59,3.1,0.09,13170.09,56.27,7578.86,60.77,-45.16,490399.95,6106810.77,1372.16,0.1,40.91,221.77,8.37,0.28,0.04,1237,397.82,657.04,iron
2,701648017,1,1,1,50.78,0.32,214.5,0.9,331.81,6.43,236.89,-46.34,3.756,0.283,3.237,0.24,644.91,20.54,7486.84,13220.62,5.14,0.11,16240.99,56.93,-2389.69,28.14,-50.51,493492.07,6096855.22,1372.2,0.24,22.97,249.07,9.14,0.33,0.05,742,285.57,449.26,iron
3,870036418,0,0,1,50.61,0.44,58.68,1.03,15.59,49.71,231.7,10.15,2.381,0.18,2.044,0.152,719.7,15.21,6681.91,17037.61,3.65,0.12,-14994.07,106.98,23967.49,142.14,-15.43,462210.89,6123117.47,1446.07,0.05,97.75,221.96,10.57,0.26,0.05,1661,245.73,406.86,iron
4,932315016,1,0,1,23.94,0.34,93.36,0.81,328.46,48.26,209.87,-11.21,1.946,0.14,1.671,0.118,763.26,10.64,3385.74,7459.45,2.8,0.05,-24581.93,28.48,13939.71,16.96,85.64,452655.09,6113073.37,1549.29,0.07,63.16,237.04,10.23,0.24,0.05,1810,162.66,241.2,proton
3,61182365,0,0,1,37.34,0.37,291.41,0.59,318.91,-46.79,344.45,-66.66,0.819,0.054,0.687,0.044,766.75,11.16,4471.32,9281.92,1.22,0.03,11454.92,33.12,35924.0,26.48,-57.76,488613.82,6135135.44,1452.06,0.1,44.83,223.91,7.97,0.25,0.04,1134,376.69,412.38,iron
3,395759768,0,0,1,45.73,0.54,252.26,0.45,314.87,-14.97,237.67,-73.53,2.002,0.141,1.715,0.119,723.35,17.62,5928.48,18369.43,2.94,0.1,-10613.13,57.29,30405.63,66.94,97.88,466574.02,6129563.19,1579.53,0.12,36.03,231.19,8.5,0.27,0.05,962,12.93,197.68,iron
1,494507143,0,0,1,30.93,0.67,357.37,0.9,16.77,-55.62,333.57,-31.08,0.655,0.052,0.547,0.042,631.35,29.36,5396.6,10605.0,0.95,0.04,-16733.15,57.48,-18128.97,37.92,-44.72,460577.9,6081043.59,1400.49,0.08,53.02,229.35,11.17,0.26,0.06,396,408.92,634.52,iron
4,156702351,1,0,0,34.86,0.38,193.2,0.55,292.38,26.49,181.26,-35.42,1.104,0.074,0.934,0.061,683.49,11.63,5109.27,10444.67,1.61,0.03,-31632.84,30.52,5965.12,32.14,59.86,445630.27,6105085.99,1538.32,0.09,46.68,230.75,8.33,0.27,0.05,649,410.72,501.69,iron
1,639396577,0,0,1,52.23,0.43,339.65,0.91,4.78,-26.42,297.3,-35.38,0.697,0.05,0.581,0.04,718.46,21.23,6925.01,13464.72,0.99,0.04,-14645.13,94.07,-17942.91,50.87,-43.61,462665.07,6081235.0,1397.96,0.09,36.54,232.55,9.4,0.28,0.05,410,70.76,208.25,iron
3,673383278,1,1,1,43.73,0.35,330.6,0.69,355.78,-29.58,298.94,-43.83,5.23,0.366,4.522,0.312,777.38,8.36,5091.37,18892.6,7.45,0.17,16569.73,98.32,27415.61,65.7,-113.2,493747.65,6126644.02,1367.65,0.17,22.07,241.32,6.76,0.21,0.04,1608,52.03,337.14,iron
3,875341888,0,0,1,47.43,0.83,297.21,0.75,327.35,-35.48,310.79,-67.6,0.745,0.054,0.623,0.044,652.41,19.89,6910.43,15961.65,1.08,0.04,1894.63,97.33,25243.63,103.92,-63.87,479086.79,6124436.56,1386.56,0.18,23.84,228.6,8.65,0.27,0.05,1278,587.13,646.03,iron
3,356486787,1,1,1,29.19,0.4,44.34,0.69,26.7,-16.56,295.07,-12.86,3.592,0.264,3.105,0.224,696.26,10.3,4353.06,14388.91,5.39,0.12,6226.53,42.2,20146.23,25.79,-51.99,483428.3,6119352.71,1381.77,0.07,73.01,228.7,8.15,0.25,0.05,1468,529.86,532.15,iron
3,183059112,1,0,1,37.54,0.52,160.18,0.44,0.23,20.94,247.96,-16.63,2.294,0.162,1.972,0.136,672.7,12.93,5336.02,15340.49,3.48,0.1,-3590.3,50.08,22883.25,40.61,-37.72,473612.08,6122063.52,1403.14,0.09,47.97,224.66,8.09,0.28,0.05,1196,314.6,362.46,iron
3,965175071,0,0,1,51.95,0.84,344.29,0.67,359.84,-80.72,3.7,-31.9,1.091,0.079,0.92,0.065,737.84,29.29,6488.52,19005.41,1.57,0.06,10586.01,114.75,24024.43,112.96,-80.49,487775.56,6123240.07,1373.41,0.17,24.54,232.12,8.19,0.26,0.04,1162,127.45,273.93,iron
4,800265119,0,1,1,50.65,0.32,191.1,0.64,341.8,20.69,235.1,-29.15,13.908,1.081,12.089,0.939,696.64,11.44,6658.95,24109.95,22.98,0.55,-4579.52,64.31,5593.79,105.51,0.82,472666.17,6104782.56,1404.69,0.06,99.86,208.55,5.85,0.28,0.04,826,185.22,297.73,iron
4,98947179,0,0,1,42.06,0.61,16.6,1.21,58.28,-66.97,351.31,-15.7,1.26,0.089,1.069,0.073,788.68,15.45,4588.98,16725.99,1.9,0.06,-18107.84,76.58,13950.57,67.55,41.23,459122.96,6113099.47,1479.82,0.12,31.62,223.52,7.68,0.27,0.04,912,404.79,646.67,iron
4,838690017,1,0,1,24.29,0.54,332.57,0.89,337.41,6.26,242.94,-42.8,1.322,0.092,1.126,0.077,714.38,7.56,3818.99,7649.75,2.08,0.04,-25956.27,52.01,12813.06,24.09,89.76,451284.96,6111943.25,1556.62,0.1,37.46,214.59,9.33,0.26,0.05,1839,66.18,257.78,iron
2,118843101,0,0,1,42.22,0.39,97.71,0.64,28.02,24.03,259.23,6.67,0.638,0.043,0.531,0.034,736.74,13.85,5154.47,9693.1,0.93,0.02,15878.34,40.72,-1668.41,30.56,-44.86,493129.57,6097575.34,1374.07,0.13,30.49,226.15,8.34,0.26,0.05,720,561.52,657.7,iron
2,700344608,0,0,1,69.03,0.35,76.56,2.36,61.53,15.79,280.69,32.28,3.887,0.284,3.325,0.239,682.57,20.38,10620.01,25147.75,6.0,0.19,2941.11,248.08,-8627.22,542.09,-21.85,480217.65,6090588.97,1384.6,0.06,29.16,219.9,8.08,0.27,0.05,230,10.95,326.32,iron
2,762668118,0,0,1,43.99,0.78,119.67,0.74,347.6,60.04,213.48,4.53,1.04,0.077,0.878,0.064,756.34,21.86,5158.06,18070.53,1.52,0.06,24935.68,84.19,9729.63,75.39,-100.27,502152.4,6108990.5,1356.36,0.12,36.75,229.23,9.57,0.26,0.05,738,233.12,252.48,iron
3,31185250,1,0,1,39.08,0.36,218.83,0.51,320.4,8.82,220.5,-50.26,1.365,0.095,1.161,0.078,684.57,14.2,5467.16,11871.27,2.01,0.05,13315.02,32.97,28353.59,38.99,-108.19,490489.63,6127571.16,1373.27,0.08,62.82,228.95,8.9,0.27,0.05,1143,708.45,710.55,iron
3,149191873,1,0,1,44.78,0.42,284.73,0.56,311.14,-40.72,348.46,-74.82,1.025,0.068,0.864,0.055,743.94,12.59,5415.81,11640.01,1.43,0.04,10176.52,52.88,30848.06,39.97,-86.08,487348.88,6130060.78,1394.3,0.19,24.31,239.86,7.34,0.25,0.05,1359,373.23,396.96,iron
3,683257311,0,0,1,42.23,0.65,312.18,1.72,311.73,-60.19,4.97,-56.4,1.319,0.107,1.12,0.09,850.73,16.04,4073.63,17321.54,2.02,0.1,12883.29,88.88,23523.97,96.58,-85.38,490073.06,6122745.52,1371.25,0.17,29.01,219.83,9.15,0.27,0.05,1160,173.77,389.25,proton
2,384419844,1,0,1,21.34,0.37,153.91,1.07,2.96,4.54,263.85,-24.02,1.091,0.077,0.925,0.063,695.99,10.64,3887.71,9200.98,1.64,0.04,14273.98,41.0,-1903.87,23.71,-41.86,491526.93,6097336.79,1373.63,0.1,39.91,224.48,10.08,0.24,0.05,729,414.33,484.58,iron
2,808935682,0,0,1,42.63,0.81,343.43,0.98,1.25,-71.38,353.35,-35.55,1.761,0.134,1.506,0.113,702.81,23.4,5605.51,16914.23,2.68,0.1,20359.26,129.07,12629.07,44.71,-86.66,497571.64,6111876.24,1358.23,0.06,70.79,222.68,10.26,0.26,0.05,1698,193.73,554.46,iron
4,712855290,1,1,1,48.53,0.27,79.32,0.39,62.07,-22.93,317.28,12.79,3.119,0.205,2.686,0.172,745.96,11.29,5934.41,13851.16,4.25,0.08,-20501.52,29.92,14840.36,41.44,59.22,456730.2,6113980.89,1507.28,0.09,34.72,250.59,5.64,0.26,0.04,920,42.5,647.6,proton
2,228053913,1,0,1,34.9,0.81,215.23,0.53,341.65,-6.64,260.89,-47.94,2.133,0.169,1.832,0.144,834.83,18.6,3494.73,14116.54,3.19,0.1,12206.53,45.54,5184.97,44.86,-41.18,489442.24,6104415.87,1373.33,0.08,59.37,227.69,10.37,0.26,0.05,1290,349.16,399.48,proton
2,734097866,0,0,1,22.42,0.78,223.61,2.18,350.1,-28.28,295.83,-48.5,0.731,0.057,0.613,0.047,734.86,24.74,3561.26,10157.77,1.08,0.04,12568.12,52.8,-6016.39,37.26,-41.0,489831.86,6093222.31,1375.39,0.1,51.1,224.83,10.55,0.25,0.05,747,146.83,528.92,iron
1,906329490,0,0,1,41.08,0.57,28.14,0.6,23.49,-4.95,282.99,-10.65,0.83,0.057,0.697,0.045,660.53,11.69,5941.49,12385.6,1.25,0.04,-12122.7,68.66,-22652.6,57.22,-64.42,465198.69,6076534.36,1387.68,0.2,20.89,221.83,8.87,0.25,0.05,343,478.5,485.12,iron
1,109581461,0,0,1,62.6,0.16,204.53,0.51,296.45,27.97,185.9,-34.55,7.541,0.552,6.502,0.472,779.79,12.78,8273.58,20247.91,10.94,0.22,12899.06,98.76,-19987.68,130.44,-67.73,490202.05,6079262.55,1374.52,0.07,119.34,235.85,8.17,0.25,0.05,550,70.77,1063.45,iron
1,755806450,1,1,1,34.85,0.31,334.24,0.67,352.78,-16.18,280.18,-42.71,2.564,0.177,2.209,0.149,724.15,11.47,4599.18,8066.68,3.76,0.06,-14391.08,23.28,-21659.82,27.99,-59.62,462928.3,6077521.04,1392.4,0.11,49.92,233.11,8.49,0.27,0.05,344,291.23,390.57,iron
1,949641238,1,0,1,28.69,0.43,338.42,1.26,359.63,-30.71,301.27,-40.77,5.186,0.39,4.492,0.334,752.77,11.65,3815.49,16358.96,7.89,0.19,-3192.69,59.2,-26581.25,45.64,-81.48,474133.68,6072630.3,1376.19,0.09,41.14,225.83,8.73,0.28,0.05,350,258.04,374.85,proton
3,677623115,1,0,1,54.79,0.36,198.78,0.7,320.73,27.12,211.81,-33.11,3.629,0.25,3.123,0.211,795.12,15.82,6613.16,15388.66,5.95,0.15,17827.03,86.22,24668.86,106.84,-101.67,495018.41,6123904.79,1365.41,0.07,70.06,208.55,7.14,0.2,0.05,1562,812.9,853.88,iron
2,233018627,0,0,1,49.5,0.61,110.36,0.92,36.12,20.54,265.71,11.91,0.784,0.056,0.656,0.045,795.43,21.42,5724.81,11991.82,1.15,0.04,12538.2,45.11,-6834.3,94.16,-41.91,489804.26,6092405.49,1374.37,0.08,37.26,225.65,9.39,0.26,0.05,507,327.93,468.91,proton
1,764278028,0,0,1,42.05,1.03,91.91,1.91,52.23,-20.53,310.0,6.64,0.636,0.054,0.53,0.044,689.04,26.19,5816.56,15822.48,0.94,0.05,-20606.79,107.57,-16304.94,135.18,-43.16,456703.58,6082855.02,1409.16,0.15,27.39,223.77,10.21,0.25,0.05,320,625.42,675.77,iron
2,713811041,0,0,1,40.8,0.81,80.45,1.0,62.78,-36.21,328.23,5.05,0.842,0.068,0.707,0.056,863.83,29.67,3898.51,12824.99,1.26,0.05,8881.68,40.95,-8931.53,74.26,-33.98,486155.28,6090299.4,1377.75,0.08,82.84,223.38,11.02,0.26,0.05,559,258.21,351.32,proton
2,752030735,1,0,1,38.59,0.66,58.01,1.02,71.88,-52.24,344.41,-1.03,1.379,0.12,1.173,0.102,894.37,21.85,3350.5,13756.25,2.06,0.09,21487.67,51.14,7563.59,59.11,-81.97,498712.38,6106817.02,1359.17,0.09,36.22,225.97,9.93,0.26,0.05,782,72.87,542.19,proton
4,421025678,1,1,1,38.78,0.57,109.71,0.53,51.51,-28.11,316.07,2.02,3.319,0.225,2.864,0.19,785.33,15.06,4430.85,12964.42,4.75,0.08,-24451.74,44.01,23620.31,45.72,35.85,452759.87,6122750.76,1530.24,0.1,48.93,238.9,7.94,0.26,0.04,1023,566.56,640.23,proton
3,525794657,1,0,1,29.22,0.34,30.01,0.6,46.55,-61.36,343.63,-17.44,2.306,0.153,1.985,0.129,703.4,7.72,4390.05,9311.81,3.46,0.06,10951.02,35.02,33309.77,18.97,-73.05,488117.03,6132520.15,1422.92,0.11,38.38,227.71,8.43,0.27,0.05,1129,220.82,830.19,iron
2,226941894,0,0,1,36.79,0.48,86.84,0.69,78.46,-52.4,347.54,1.5,0.773,0.053,0.648,0.042,700.93,12.48,4963.85,10149.27,1.13,0.03,17339.09,38.97,1177.47,47.2,-54.08,494582.19,6100424.77,1370.52,0.18,29.92,228.27,8.08,0.25,0.04,772,490.3,502.19,iron
3,565926453,1,0,1,36.26,0.36,69.95,0.58,58.19,-40.43,329.35,-0.38,1.047,0.074,0.884,0.061,709.0,14.28,4822.23,9233.73,1.57,0.04,11321.96,28.82,32584.11,26.71,-73.05,488490.48,6131797.72,1422.88,0.11,51.54,223.99,9.67,0.26,0.05,1129,338.79,435.53,iron
4,433216319,1,0,1,50.48,0.24,51.84,0.47,115.31,-55.28,8.49,7.33,8.307,0.59,7.195,0.508,770.3,10.09,5946.9,15054.69,12.25,0.21,-33138.5,64.19,-3491.27,35.64,38.74,444148.39,6095632.38,1526.99,0.07,92.43,233.42,6.31,0.21,0.05,1063,224.99,288.45,proton
4,955740093,0,0,1,64.78,0.34,244.32,1.23,327.52,-18.48,267.14,-65.8,2.318,0.183,1.978,0.154,715.14,20.73,9260.53,18924.73,3.5,0.12,-11566.42,168.1,18670.42,296.79,0.71,465652.41,6117837.56,1436.5,0.04,50.62,224.22,11.05,0.25,0.06,907,584.29,656.77,iron
3,569368871,0,0,1,46.24,0.32,188.6,0.59,319.42,31.8,208.87,-29.01,0.996,0.069,0.839,0.056,700.67,15.2,6054.47,10594.67,1.45,0.03,929.99,26.51,29570.38,36.92,-40.66,478114.63,6128758.54,1425.52,0.21,26.39,229.6,8.13,0.26,0.05,1097,135.03,632.37,iron
3,97742882,1,0,1,33.43,0.37,293.11,0.54,325.36,-47.2,337.59,-63.32,1.78,0.119,1.525,0.1,746.92,8.75,4171.93,9950.95,2.96,0.06,-5018.25,28.7,31077.85,27.42,18.66,472162.68,6130251.68,1492.95,0.08,53.7,204.36,7.06,0.25,0.04,1546,629.53,637.04,iron
2,818152647,0,0,1,46.52,0.58,58.75,0.7,128.01,-56.45,15.68,6.31,0.646,0.045,0.538,0.036,695.02,18.82,6185.36,13029.16,0.97,0.04,17238.55,66.15,2969.15,59.07,-53.28,494476.65,6102213.54,1369.74,0.13,29.12,220.17,8.58,0.26,0.05,756,219.88,337.08,iron
1,664377564,1,1,1,19.15,0.32,172.79,0.99,342.94,17.38,238.53,-30.95,2.557,0.178,2.206,0.151,706.71,7.92,3668.33,7264.53,3.87,0.05,-13459.64,20.4,-21691.85,22.26,-59.62,463859.66,6077491.09,1392.4,0.08,70.67,225.95,9.24,0.26,0.05,344,398.4,461.51,iron
2,772061695,0,0,1,36.28,0.63,162.36,0.73,0.57,17.4,251.09,-18.55,0.673,0.049,0.562,0.039,684.21,17.38,5111.88,11452.14,0.99,0.03,22696.11,62.05,5190.0,37.79,-82.91,499925.09,6104447.84,1360.61,0.07,45.77,226.28,9.3,0.25,0.05,739,133.02,436.31,iron
2,533958376,0,0,1,37.75,0.77,177.14,0.78,10.64,-12.87,284.74,-25.52,0.838,0.062,0.704,0.051,712.83,19.66,4931.66,13360.81,1.25,0.05,17344.27,61.78,5947.86,53.25,-58.33,494576.37,6105191.46,1366.66,0.09,44.49,224.17,10.78,0.27,0.06,746,413.09,554.37,iron
1,906632188,0,0,1,43.25,1.0,102.44,0.74,61.58,-31.7,324.06,7.08,1.104,0.109,0.933,0.092,766.06,43.94,5003.28,16244.17,1.63,0.11,-8904.6,76.7,-17246.78,73.93,-39.51,468400.79,6081945.88,1391.07,0.13,47.85,226.89,11.75,0.26,0.06,201,363.48,369.92,proton
4,164348922,0,0,1,58.06,0.32,236.96,0.59,325.43,-9.49,247.4,-62.4,1.284,0.086,1.085,0.071,1035.35,17.85,5122.19,12205.58,1.9,0.06,-19345.84,36.06,12898.37,76.11,52.08,457889.98,6112044.69,1495.0,0.08,56.12,226.44,8.09,0.27,0.05,914,343.52,347.33,proton
1,954409610,0,0,1,24.41,0.42,130.56,0.94,46.32,-57.26,339.71,-15.79,0.963,0.068,0.814,0.056,699.45,14.14,3997.1,8474.36,1.37,0.03,-15623.39,23.51,-20317.18,38.52,-56.34,461693.61,6078859.92,1396.68,0.09,46.55,235.95,10.52,0.26,0.06,394,495.72,546.39,iron
2,865021261,1,1,1,48.08,1.05,5.74,0.56,207.45,-54.68,50.31,-18.84,8.93,0.765,7.743,0.661,765.41,34.4,5720.65,27169.56,13.12,0.53,27873.28,171.43,19267.04,78.1,-137.05,505060.18,6118528.6,1349.02,0.09,53.1,234.24,9.43,0.24,0.05,1634,169.61,737.44,iron
3,647597331,0,0,1,39.04,0.49,247.97,1.35,327.21,-22.51,276.35,-67.53,1.267,0.092,1.076,0.076,678.67,16.3,5359.37,18524.66,1.84,0.07,-2911.99,72.41,21447.29,86.75,-35.47,474292.86,6120631.09,1400.57,0.13,30.88,232.51,8.73,0.26,0.05,1200,387.95,388.15,iron
3,895648769,0,0,1,42.72,0.81,299.74,1.42,301.54,-52.37,14.85,-64.73,1.37,0.106,1.164,0.089,697.81,19.89,5563.92,21400.64,2.07,0.1,5772.88,118.48,17623.06,103.91,-43.03,482981.3,6116831.15,1383.08,0.12,29.68,223.38,9.09,0.27,0.05,1378,138.83,289.98,iron
3,982473979,1,0,1,31.3,0.18,127.36,0.93,41.58,-35.01,317.85,-8.74,1.575,0.11,1.346,0.092,743.54,11.7,3971.43,10269.52,2.26,0.05,11462.37,26.46,26457.52,25.93,-91.33,488646.01,6125673.25,1372.89,0.07,91.5,236.1,8.84,0.25,0.05,1154,417.29,508.52,iron
3,296397888,0,0,1,37.84,0.51,33.74,1.09,151.91,-70.83,22.16,-10.08,2.172,0.177,1.866,0.151,784.26,18.62,4162.92,16030.69,3.19,0.12,-2642.86,64.16,18510.88,37.42,-26.51,474569.17,6117696.71,1401.35,0.06,92.76,231.79,10.0,0.26,0.05,1193,1.28,122.82,proton
2,699786874,1,0,1,53.49,0.78,111.93,0.54,85.8,-38.82,343.65,15.48,2.649,0.187,2.275,0.157,696.41,29.02,7046.81,22623.43,3.82,0.14,28985.29,132.78,9605.77,107.61,-125.98,506198.7,6108880.11,1349.94,0.14,26.53,235.69,7.61,0.3,0.05,687,459.4,609.34,iron
4,486738181,0,0,1,45.88,0.75,92.48,0.83,143.14,-50.11,25.89,10.7,1.345,0.105,1.142,0.088,797.65,28.86,4972.39,13354.72,1.98,0.07,-18792.46,42.66,10984.33,82.87,46.19,458448.21,6110134.75,1484.09,0.08,76.28,229.29,10.32,0.25,0.05,1739,137.6,327.54,iron
2,897121469,1,0,1,47.22,0.29,152.1,0.52,38.47,-24.5,307.17,-6.37,1.977,0.134,1.693,0.112,678.96,13.55,6333.7,12725.95,2.88,0.07,26804.73,44.7,4507.18,34.9,-100.42,504034.45,6103775.13,1356.62,0.11,44.79,233.61,7.96,0.26,0.05,677,20.57,275.58,iron
2,242901106,0,0,1,20.89,0.47,7.34,1.14,1.68,-5.26,272.6,-30.1,0.69,0.049,0.578,0.04,707.8,14.15,3773.98,8861.2,1.01,0.03,22650.85,24.93,3516.39,37.87,-80.23,499885.02,6102774.94,1361.5,0.08,53.53,227.31,9.23,0.26,0.05,890,283.0,590.54,iron
4,75396160,1,1,1,31.87,0.23,121.44,0.82,27.74,-5.13,285.08,-6.95,2.769,0.201,2.388,0.17,804.81,9.71,3519.16,10896.78,4.07,0.07,-22354.61,23.41,7905.88,25.87,49.58,454896.14,6107048.28,1493.29,0.06,89.44,232.9,8.26,0.24,0.04,665,427.46,427.98,proton
4,540767784,1,0,1,30.6,0.44,129.63,0.6,30.22,-17.01,296.95,-10.0,2.003,0.143,1.72,0.121,801.18,10.86,3447.86,9524.38,3.0,0.05,-24284.65,29.79,20501.51,28.75,72.53,452936.3,6119630.78,1550.39,0.07,56.91,227.42,8.63,0.26,0.05,684,320.04,474.72,proton
4,326825515,1,0,1,38.75,0.61,234.46,0.69,336.39,-24.97,286.38,-59.95,1.306,0.087,1.109,0.072,686.8,7.84,5412.7,10478.83,1.98,0.04,-32844.19,22.67,8150.86,85.35,50.59,444412.75,6107267.52,1539.37,0.16,25.42,222.13,6.71,0.26,0.04,618,179.68,220.14,iron
3,898687592,0,0,1,25.79,0.41,235.22,0.79,343.53,-26.8,291.87,-53.98,0.944,0.066,0.797,0.054,697.7,12.8,4058.86,8648.56,1.39,0.03,11899.45,27.29,32686.21,25.47,-73.05,489066.52,6131899.22,1422.87,0.08,66.11,228.2,9.33,0.26,0.05,1129,153.6,289.88,iron
3,216710632,1,0,1,28.26,0.38,150.71,0.64,24.18,-24.95,302.08,-18.37,2.139,0.146,1.839,0.123,742.46,8.56,3749.81,8608.84,3.24,0.06,-2860.15,28.88,30715.82,24.22,-0.4,474322.01,6129892.74,1472.83,0.1,44.12,225.3,8.47,0.25,0.05,1545,74.22,578.5,iron
3,559855926,1,0,1,32.22,1.46,317.23,0.69,310.55,-65.43,7.79,-51.4,2.104,0.163,1.808,0.138,916.35,9.12,2409.05,5631.04,3.03,0.05,6963.88,89.73,31281.1,94.37,-56.88,484138.3,6130482.42,1425.02,0.16,30.3,237.07,10.12,0.24,0.05,1118,141.5,522.3,proton
1,246664597,1,1,1,24.34,0.46,21.78,0.61,207.41,-70.89,33.72,-23.76,4.279,0.321,3.705,0.274,740.89,11.8,3492.14,13698.48,6.23,0.13,-17289.23,32.82,-14225.03,33.82,-30.78,460013.07,6084943.41,1406.69,0.08,47.52,236.19,8.73,0.24,0.05,435,314.08,505.07,iron
4,532548275,1,0,1,36.46,0.25,97.37,1.22,88.74,-57.15,355.11,0.93,6.555,0.535,5.681,0.461,759.15,11.67,4311.9,18492.56,9.99,0.26,-33774.86,61.78,-5199.31,27.7,23.3,443516.26,6093918.08,1508.7,0.07,105.08,225.42,9.27,0.26,0.05,1067,1033.73,1204.55,iron
4,793629628,1,0,1,36.78,0.52,223.14,0.97,342.89,-47.92,327.59,-52.71,2.408,0.2,2.072,0.17,840.93,15.29,3579.85,13276.31,3.69,0.12,-17636.04,26.14,15361.44,53.6,47.36,459592.6,6114510.89,1491.02,0.06,86.67,222.4,9.83,0.28,0.05,904,503.89,743.45,proton
3,391862329,1,0,1,49.28,0.3,44.48,0.5,178.77,-42.53,50.51,3.44,2.179,0.153,1.869,0.129,772.71,15.43,5722.8,11723.76,3.08,0.07,4923.72,55.46,21598.72,30.05,-54.96,482122.08,6120800.48,1382.36,0.08,77.24,240.61,9.17,0.28,0.05,1163,26.13,323.61,iron
2,95656841,1,0,1,28.7,0.43,11.56,0.59,218.67,-55.74,51.14,-25.27,2.627,0.182,2.265,0.154,687.07,9.45,4426.39,11662.73,4.1,0.09,23968.79,30.84,5519.95,35.91,-91.02,501197.83,6104780.74,1358.07,0.11,46.32,219.0,7.98,0.25,0.05,732,368.72,385.02,iron
4,48055734,1,0,0,36.95,0.41,314.26,1.13,263.24,-42.78,66.36,-54.32,1.056,0.075,0.892,0.062,688.1,13.61,5102.02,14195.77,1.59,0.06,-23846.09,57.77,7424.82,56.35,45.28,453404.58,6106566.06,1490.19,0.18,28.76,222.91,9.11,0.25,0.05,655,345.38,880.88,iron
3,813168152,0,1,1,39.48,1.12,231.99,1.12,334.7,-45.99,328.24,-58.61,2.689,0.198,2.316,0.168,781.16,20.09,4512.54,20383.8,3.86,0.14,6179.47,96.82,16769.57,61.2,-41.54,483391.05,6115979.56,1381.89,0.1,39.56,238.05,9.17,0.24,0.05,1390,103.73,736.69,iron
4,744194782,1,1,1,38.03,0.18,210.51,0.66,342.6,-64.25,349.72,-45.1,3.504,0.256,3.025,0.217,704.95,12.49,5158.31,8688.72,5.24,0.07,-24493.02,24.05,22707.42,23.6,48.31,452722.59,6121835.88,1534.87,0.09,96.31,229.22,9.59,0.25,0.05,1027,178.05,178.07,iron
3,145300198,0,0,1,34.48,0.6,206.38,0.82,339.91,-69.19,355.94,-42.76,1.51,0.119,1.288,0.1,799.74,19.98,3801.35,13408.07,2.17,0.08,15359.17,36.43,27329.63,45.18,-108.81,492537.81,6126555.15,1368.44,0.07,77.26,235.7,10.59,0.24,0.05,1607,49.8,715.35,proton
2,889860972,1,1,1,24.41,0.68,194.51,0.61,335.47,14.77,233.84,-37.54,7.292,0.54,6.334,0.466,775.93,10.69,3310.2,15395.97,11.0,0.19,13369.79,40.64,7775.32,37.53,-50.25,490597.95,6107007.66,1370.2,0.07,49.74,228.41,7.74,0.27,0.03,1702,618.56,623.15,iron
1,429905159,1,0,1,30.97,0.31,168.29,0.58,9.61,-7.92,279.33,-24.32,4.677,0.313,4.048,0.266,738.61,7.84,4201.38,9742.97,6.75,0.09,-19125.96,20.05,-18687.5,34.92,-52.82,458190.05,6080479.15,1402.28,0.09,47.29,237.73,7.3,0.26,0.05,323,558.03,656.17,iron
1,810834110,1,0,1,26.23,0.43,52.74,0.88,60.78,-64.58,349.89,-13.5,1.037,0.069,0.877,0.056,719.77,9.37,4047.3,8804.72,1.56,0.03,-18565.09,20.0,-19949.3,46.6,-59.55,458754.08,6079220.83,1401.78,0.1,39.52,223.33,8.34,0.26,0.04,374,619.28,664.39,iron
3,551063050,0,0,1,35.02,0.55,237.06,0.84,337.41,-32.21,300.93,-59.75,1.104,0.082,0.935,0.068,688.81,14.64,5115.92,11774.32,1.75,0.05,15778.53,28.72,34060.52,61.47,-89.24,492938.53,6133280.48,1425.33,0.06,71.89,212.06,11.39,0.25,0.05,1147,181.83,1110.13,iron
2,829672845,1,0,1,33.43,0.47,0.39,0.55,14.52,-31.51,305.8,-28.55,1.354,0.103,1.152,0.087,817.25,13.57,3574.82,10178.48,2.11,0.06,21359.64,34.12,5178.32,27.77,-78.51,498590.53,6104432.57,1359.8,0.07,54.69,216.45,9.57,0.28,0.05,784,38.65,414.45,proton
3,178938459,0,0,1,52.57,0.38,31.05,0.74,114.5,-63.44,9.1,-0.81,1.942,0.144,1.661,0.121,682.43,21.62,7400.05,14278.32,2.82,0.07,801.9,117.25,18453.21,60.8,-33.23,478012.28,6117647.91,1394.1,0.07,77.13,233.61,9.39,0.27,0.05,1461,295.36,386.08,iron
4,193257586,1,0,1,36.64,0.36,204.5,0.71,358.33,-29.44,299.33,-41.63,1.515,0.107,1.292,0.089,703.85,12.98,5075.51,11172.1,2.28,0.05,-20027.39,26.71,11219.23,41.13,54.39,457212.63,6110365.19,1497.02,0.07,82.61,224.94,9.57,0.26,0.05,1738,448.56,544.22,iron
1,848387046,0,0,1,40.9,0.63,22.57,1.64,186.9,-63.5,37.22,-13.52,1.285,0.102,1.091,0.086,733.7,18.61,5214.53,19585.84,1.94,0.1,-2661.07,104.08,-23521.85,97.71,-63.29,474654.95,6075688.8,1378.74,0.14,27.81,223.12,9.8,0.28,0.05,357,555.34,556.28,iron
1,668142045,0,1,1,56.47,0.6,144.82,1.2,57.61,-32.18,322.41,4.11,2.765,0.216,2.374,0.183,746.54,30.39,7422.98,18706.75,4.04,0.14,-4229.91,161.81,-16053.52,191.23,-36.73,473069.08,6083149.84,1385.53,0.04,54.55,233.1,9.18,0.25,0.05,316,463.37,510.09,iron
2,307639097,1,0,1,34.43,0.37,183.07,0.54,338.64,21.92,231.57,-30.01,1.507,0.109,1.285,0.091,843.29,13.15,3378.29,10407.81,2.19,0.05,25699.66,28.78,5244.76,24.32,-98.3,502926.66,6104509.84,1356.69,0.07,69.07,233.09,9.23,0.27,0.05,678,53.69,373.57,proton
2,930472946,0,0,1,32.14,0.5,217.26,1.26,349.21,-25.83,291.95,-48.8,0.917,0.071,0.773,0.058,678.32,16.35,4921.19,14345.27,1.45,0.06,10404.31,60.7,-8241.17,50.77,-36.56,487675.27,6090993.73,1377.38,0.13,35.57,211.8,11.72,0.26,0.06,575,326.0,464.13,iron
2,866353754,1,0,1,37.8,0.38,139.86,0.83,55.57,-50.39,336.44,-7.64,1.729,0.116,1.479,0.097,670.19,9.0,5535.98,15915.83,2.82,0.09,12454.9,67.21,3243.44,61.47,-37.31,489695.9,6102476.34,1375.41,0.16,25.79,207.73,7.24,0.26,0.05,1008,226.39,240.47,iron
1,895772503,1,0,1,27.24,0.37,327.67,0.73,354.43,-34.42,305.47,-45.63,1.233,0.09,1.047,0.075,705.05,14.38,4147.72,8297.65,1.85,0.04,-17224.56,23.43,-19002.49,24.3,-51.24,460090.18,6080169.49,1399.63,0.08,68.92,225.14,10.94,0.25,0.05,412,251.99,258.71,iron
2,308213938,1,0,1,28.78,0.36,275.58,0.6,331.56,-23.06,280.31,-63.81,1.552,0.108,1.326,0.091,734.29,11.27,3938.71,8884.75,2.27,0.05,13019.24,23.03,-2668.4,24.68,-36.21,490274.54,6096570.46,1376.22,0.08,65.64,232.07,9.35,0.26,0.05,722,285.05,751.18,iron
2,813254323,1,1,1,43.11,0.55,349.97,0.46,237.11,-23.81,90.14,-31.17,3.547,0.263,3.06,0.223,780.57,17.18,4887.94,17403.86,5.17,0.15,24337.05,71.82,11874.85,33.44,-99.48,501547.03,6111132.81,1355.86,0.08,59.43,234.78,8.49,0.25,0.05,1690,506.03,512.11,proton
2,248791338,0,0,1,19.52,0.47,122.46,1.08,148.8,-80.33,17.29,-18.36,0.921,0.067,0.777,0.055,702.88,13.57,3785.2,9112.05,1.37,0.03,13965.6,33.77,-8746.72,27.89,-51.26,491235.46,6090497.93,1371.43,0.08,57.14,224.95,10.05,0.26,0.05,730,239.21,641.18,iron
2,724598843,1,0,1,37.79,0.43,80.8,0.59,176.55,-46.01,46.89,2.21,1.059,0.072,0.895,0.059,684.23,12.79,5204.7,12617.74,1.55,0.05,17546.36,38.57,3848.01,54.23,-59.11,494782.65,6103093.91,1366.73,0.17,27.86,228.96,8.49,0.23,0.05,788,254.91,355.54,iron
3,516134788,1,0,1,33.73,0.6,323.65,0.54,256.15,-25.81,93.65,-48.34,2.343,0.173,2.016,0.147,681.29,13.23,4855.73,15696.8,3.63,0.12,-1616.09,54.15,21277.21,42.18,-38.92,475588.12,6120463.78,1396.85,0.09,50.25,220.42,9.02,0.28,0.05,1287,346.16,399.82,iron
2,994610147,1,0,1,45.76,0.37,314.13,0.5,308.45,-61.54,8.23,-55.39,1.978,0.137,1.695,0.115,817.97,13.95,4900.31,13400.53,2.81,0.08,9700.01,35.68,-10944.44,50.56,-40.52,486979.18,6088289.49,1377.5,0.08,59.15,238.98,8.07,0.25,0.05,529,348.5,367.54,proton
2,287193631,1,0,1,50.89,0.45,285.18,0.79,303.6,-39.87,10.54,-77.25,13.619,1.088,11.835,0.945,771.86,21.62,6058.27,23117.64,21.04,0.5,30142.06,115.78,21216.69,67.82,-161.56,507327.5,6120481.82,1346.17,0.08,108.72,223.14,8.66,0.25,0.05,1603,254.29,286.7,iron
3,472976910,0,0,1,48.43,0.92,247.21,1.09,320.87,-17.86,257.34,-71.05,1.241,0.098,1.051,0.082,850.37,19.52,4950.11,20350.59,1.86,0.09,5413.76,97.52,18525.21,119.09,-44.64,482620.61,6117731.22,1384.53,0.18,29.85,224.58,9.87,0.26,0.05,1402,427.17,502.49,proton
1,889309757,0,0,1,37.18,0.46,40.04,0.69,83.82,-66.7,358.25,-8.38,0.66,0.045,0.551,0.036,653.45,12.91,5568.52,12399.9,0.97,0.03,-9914.01,60.16,-24523.97,39.51,-68.91,467409.54,6074668.72,1384.26,0.16,25.87,226.42,8.28,0.24,0.05,339,126.98,443.4,iron
1,954001812,1,0,1,34.41,0.38,331.34,0.59,256.6,-60.5,42.75,-44.38,1.02,0.07,0.862,0.057,683.57,12.1,4963.81,9432.68,1.53,0.03,-11687.21,34.8,-24530.05,25.07,-68.93,465637.05,6074659.82,1386.7,0.14,36.65,223.59,9.04,0.26,0.05,334,19.41,740.24,iron
1,338090094,0,0,1,43.89,0.53,102.77,1.01,49.37,-14.01,302.97,7.69,0.854,0.067,0.717,0.055,697.08,19.58,5816.18,17499.05,1.26,0.06,-21858.3,68.08,-15154.17,106.23,-41.72,455449.66,6084004.44,1414.65,0.22,24.75,226.07,8.98,0.26,0.05,372,274.77,303.42,iron
3,412313534,1,0,1,26.3,0.36,257.32,0.67,336.79,-29.64,295.77,-60.22,1.435,0.104,1.224,0.087,649.26,14.71,4676.86,8779.91,2.11,0.05,11443.47,26.9,33214.58,21.53,-73.05,488609.85,6132426.96,1422.87,0.11,57.58,229.78,10.55,0.26,0.05,1129,217.39,392.63,iron
3,866852054,0,0,1,24.47,0.64,317.88,1.88,264.98,-59.48,40.99,-48.52,0.653,0.052,0.546,0.042,676.07,24.03,4244.19,10639.82,0.97,0.04,12177.54,51.27,31973.42,41.04,-86.5,489346.03,6131188.38,1404.18,0.13,44.72,223.75,10.63,0.26,0.05,1142,263.76,426.67,iron
2,58508323,0,0,1,51.28,0.67,80.67,1.17,149.06,-43.38,32.26,15.52,0.696,0.052,0.58,0.042,688.95,26.41,6868.43,13241.7,1.01,0.04,15648.49,79.98,-413.98,88.65,-49.01,492896.85,6098830.9,1371.45,0.12,22.76,227.54,10.06,0.26,0.05,783,85.08,609.41,iron
2,789250348,1,0,1,28.44,0.55,187.51,0.8,250.95,-78.27,23.99,-33.91,1.128,0.08,0.956,0.066,682.88,13.86,4477.4,11347.2,1.64,0.05,15814.15,40.02,3467.45,41.36,-46.85,493053.04,6102708.87,1372.44,0.1,44.3,230.95,9.15,0.25,0.05,759,552.55,582.46,iron
2,934901762,0,1,1,48.11,0.62,125.97,1.5,43.03,-5.86,292.72,6.24,9.564,0.883,8.295,0.766,679.6,19.85,6539.59,35686.25,14.81,0.83,-925.29,153.13,14624.43,153.52,-19.49,476295.05,6113816.98,1397.62,0.18,27.67,221.58,9.35,0.31,0.05,1363,442.38,557.39,iron
4,781138211,1,0,0,36.45,0.34,45.67,1.05,144.23,-68.1,20.7,-6.54,1.254,0.088,1.065,0.073,683.41,12.75,5131.02,14357.41,1.86,0.06,-24149.17,53.28,23218.3,54.39,31.34,453064.49,6122347.22,1519.84,0.15,29.19,226.91,9.35,0.26,0.05,1039,53.92,715.85,iron
3,339758212,0,0,1,51.34,0.44,111.36,0.98,89.46,-42.68,348.19,13.69,1.997,0.152,1.709,0.128,753.24,17.24,6256.07,14849.42,3.09,0.09,18138.67,103.5,22455.36,113.3,-106.62,495325.21,6121697.66,1364.6,0.06,99.42,219.77,10.3,0.25,0.05,1589,1031.01,1031.52,iron
3,297848949,1,0,1,43.06,0.49,3.03,0.62,227.28,-24.53,86.02,-22.95,1.402,0.102,1.192,0.085,756.65,16.61,5075.35,12530.75,2.09,0.07,2236.53,64.87,22871.3,29.73,-53.27,479433.57,6122066.51,1387.37,0.07,54.35,226.81,9.64,0.23,0.05,1283,281.21,395.67,iron
3,813226903,0,0,1,37.02,0.7,288.53,1.37,278.6,-34.85,76.5,-67.83,2.432,0.187,2.093,0.159,764.11,15.7,4335.5,18949.45,3.68,0.13,956.76,73.04,18339.71,72.28,-33.23,478166.96,6117533.93,1394.12,0.13,34.46,225.2,7.9,0.28,0.04,1461,553.55,558.11,iron
3,995727549,1,1,1,44.54,0.37,186.25,0.89,16.46,-35.74,310.92,-28.11,2.64,0.197,2.271,0.167,714.61,18.05,5762.79,11265.51,3.91,0.08,16408.81,45.23,29364.89,70.95,-121.11,493582.05,6128591.86,1367.47,0.07,94.49,230.63,10.32,0.26,0.05,1594,123.18,566.42,iron
4,646691236,1,0,1,51.03,0.23,268.74,0.61,300.56,-30.52,43.9,-86.03,1.656,0.119,1.411,0.099,724.24,18.1,6600.66,11081.25,2.36,0.06,-24769.35,30.16,14208.88,33.8,85.64,452467.15,6113341.76,1549.28,0.15,34.56,236.64,9.1,0.28,0.05,1810,39.9,52.18,iron
4,932419562,1,0,1,42.92,0.52,53.05,0.61,206.24,-9.79,91.1,1.41,1.68,0.116,1.435,0.097,764.69,11.61,5055.25,12792.06,2.57,0.08,-24294.22,79.31,20238.55,59.54,72.53,452926.56,6119368.15,1550.37,0.19,21.67,221.94,8.91,0.2,0.05,684,163.93,193.86,iron
4,998631418,1,1,1,33.98,0.34,320.69,1.14,262.69,-13.52,114.59,-50.09,4.249,0.317,3.674,0.27,787.51,10.99,3856.77,14823.51,6.31,0.15,-20579.18,61.64,8457.97,48.05,44.63,456668.93,6107604.7,1483.34,0.12,33.73,230.96,8.15,0.25,0.04,1731,169.49,171.74,iron
3,691576062,0,0,1,51.19,0.85,320.41,0.85,262.34,-53.91,49.5,-50.04,1.437,0.114,1.22,0.096,794.74,22.44,5961.9,20146.0,2.09,0.11,8955.08,108.41,21468.95,124.09,-68.3,486152.17,6120682.11,1374.04,0.24,24.84,232.16,9.56,0.26,0.05,1539,294.43,350.14,iron
2,835843414,0,0,1,25.41,0.42,25.06,0.85,145.53,-84.33,15.2,-21.88,0.96,0.068,0.811,0.056,703.82,15.22,4103.64,8345.61,1.39,0.03,17709.14,25.85,2162.26,29.85,-54.08,494949.34,6101409.11,1370.51,0.1,59.03,231.81,9.99,0.26,0.05,772,268.63,459.09,iron
2,39879954,1,0,1,59.98,0.25,6.78,0.55,229.83,6.34,116.46,-11.93,14.737,1.103,12.78,0.955,777.69,14.66,7737.82,17747.1,20.67,0.31,194.17,111.79,-18767.52,124.44,-47.73,477499.82,6080448.35,1381.01,0.07,103.02,245.55,7.42,0.24,0.05,272,575.36,575.59,iron
2,936903376,1,0,1,45.37,0.3,136.61,0.4,57.92,-40.02,328.9,-0.31,6.363,0.43,5.507,0.367,827.53,10.33,4771.96,13274.54,9.53,0.15,24506.53,31.28,5763.54,44.24,-91.02,501734.12,6105024.96,1358.05,0.12,29.73,230.07,4.58,0.16,0.03,732,36.92,210.89,proton
2,343483270,0,0,1,54.18,0.46,230.16,0.95,339.05,-25.93,289.08,-57.77,2.227,0.174,1.908,0.147,693.71,24.77,7437.35,14782.24,3.39,0.09,23133.16,165.0,14670.75,103.26,-108.3,500337.21,6113921.68,1352.36,0.06,91.96,223.35,10.47,0.25,0.05,1694,438.6,517.97,iron
1,930669470,0,1,1,47.96,0.62,356.73,0.63,228.62,-27.22,83.7,-25.0,2.525,0.186,2.171,0.157,782.48,23.94,5579.91,21356.73,3.51,0.14,-3589.02,92.88,-18637.6,84.86,-45.07,473718.13,6080568.36,1384.42,0.15,27.72,245.32,8.96,0.23,0.05,1332,371.91,424.62,iron
2,215260613,0,0,1,43.38,0.8,125.34,0.68,141.1,-59.43,21.99,2.15,0.915,0.068,0.77,0.055,675.15,22.38,6080.22,15605.86,1.38,0.06,9983.66,69.97,-3935.62,88.65,-30.54,487244.11,6095295.59,1378.45,0.13,32.89,220.53,9.49,0.25,0.05,679,361.39,417.21,iron
3,724234831,1,0,1,35.66,0.43,264.86,0.72,287.78,-42.42,47.88,-70.35,1.101,0.076,0.932,0.062,672.16,12.16,5273.61,13285.03,1.63,0.05,1336.94,33.67,25159.79,68.63,-60.75,478529.64,6124351.36,1389.22,0.15,25.06,226.4,8.8,0.25,0.05,1298,242.06,245.3,iron
4,285260226,1,0,1,44.82,0.34,27.65,0.44,221.8,-0.5,106.48,-8.12,2.289,0.151,1.965,0.126,858.55,11.02,4411.74,10446.92,3.39,0.06,-25680.67,31.42,8672.65,31.34,58.94,451567.78,6107805.13,1513.79,0.1,34.87,229.75,6.69,0.27,0.04,671,99.73,631.89,iron
2,920908245,0,0,1,28.99,0.36,224.26,1.31,344.78,-48.56,327.91,-51.32,0.847,0.069,0.713,0.056,792.92,18.83,3378.88,9667.23,1.25,0.05,25815.02,38.45,4936.0,27.6,-98.3,503043.13,6104201.26,1356.71,0.07,86.43,226.2,9.56,0.26,0.05,678,170.78,602.61,proton
4,610257312,0,1,1,48.81,0.92,326.63,0.96,255.93,-55.79,49.1,-45.92,2.572,0.211,2.211,0.179,754.46,23.64,5939.24,25660.08,3.75,0.17,-23518.97,124.51,-4067.15,107.7,2.61,453763.18,6095079.24,1448.1,0.15,34.17,234.04,9.74,0.26,0.05,1801,299.79,576.2,iron
3,989516482,0,0,1,57.57,0.36,8.06,1.31,200.79,-47.62,55.24,-12.16,0.957,0.068,0.803,0.055,715.69,22.75,7763.47,14139.2,1.41,0.05,4321.16,123.28,26643.33,42.76,-71.01,481506.47,6125841.27,1385.1,0.11,27.57,226.67,9.11,0.26,0.05,1292,525.74,526.76,iron
2,870882711,0,0,1,43.85,0.44,126.09,0.53,132.03,-60.17,17.37,2.38,0.844,0.056,0.708,0.045,816.06,13.33,4669.92,11657.61,1.25,0.04,20710.93,28.88,3576.0,61.7,-70.09,497945.76,6102829.79,1364.75,0.21,23.33,224.94,7.98,0.24,0.05,751,11.24,567.76,proton
1,303092242,0,0,1,47.49,0.67,17.51,0.6,234.22,13.19,124.73,-12.15,1.472,0.105,1.253,0.088,694.59,22.51,6454.45,19272.88,2.2,0.09,-10383.15,88.02,-15670.5,87.16,-31.29,466917.71,6083516.04,1394.87,0.16,27.02,225.93,8.15,0.26,0.04,167,100.33,506.58,iron
1,191513852,0,0,1,31.46,0.57,5.05,1.0,245.42,2.48,121.43,-27.25,0.849,0.062,0.714,0.05,679.8,15.17,4847.3,12034.21,1.24,0.05,-8754.77,81.19,-26465.61,35.62,-81.83,468575.57,6072732.19,1381.78,0.14,29.41,229.14,10.41,0.26,0.06,325,299.43,676.14,iron
4,880018708,1,0,0,44.79,0.53,345.48,0.67,244.39,-12.72,105.35,-33.61,1.225,0.088,1.038,0.073,624.38,17.62,6866.52,14024.26,1.81,0.06,-31373.11,77.39,4573.95,44.11,66.47,445893.95,6103695.28,1547.66,0.1,36.35,227.03,10.18,0.25,0.06,621,385.54,429.87,iron
3,537366841,0,0,1,38.94,0.68,52.32,0.82,212.97,-4.85,98.56,-2.25,1.239,0.094,1.051,0.079,658.46,19.13,5780.39,13904.79,1.89,0.07,12320.46,74.55,24612.35,67.22,-85.38,489506.38,6123830.07,1371.29,0.07,59.03,220.9,10.8,0.25,0.05,1160,348.3,755.68,iron
1,526624306,0,0,1,28.89,0.57,317.59,0.74,267.97,-6.03,128.87,-50.65,0.789,0.057,0.662,0.046,721.07,12.9,4119.25,10830.4,1.18,0.04,-9493.19,36.77,-22427.12,37.46,-60.18,467826.16,6076765.99,1387.19,0.09,47.48,222.92,8.94,0.27,0.05,313,741.63,832.94,iron
2,498192896,0,0,1,36.79,0.56,69.1,0.84,161.73,-56.99,32.82,-0.26,0.911,0.065,0.767,0.053,823.52,14.98,3744.78,12212.0,1.35,0.04,19004.21,39.06,5466.22,55.62,-64.31,496235.03,6104713.2,1364.67,0.13,35.07,226.16,8.32,0.26,0.04,792,510.2,616.72,proton
4,300230989,0,0,1,44.5,1.09,28.46,1.06,200.3,-39.34,62.5,-7.96,1.405,0.129,1.195,0.109,792.32,30.43,4933.72,14326.86,2.07,0.11,-26232.09,126.13,2439.15,71.93,31.58,451033.32,6101574.62,1484.43,0.06,58.84,228.79,11.4,0.26,0.06,1286,13.13,724.42,proton
3,105142979,0,0,1,39.95,0.61,142.45,0.89,155.69,-66.48,25.42,-6.86,0.981,0.074,0.827,0.061,735.95,22.07,4948.72,10438.72,1.43,0.05,-485.24,64.96,25595.28,42.45,-56.72,476708.59,6124781.2,1393.16,0.07,60.06,229.88,10.0,0.25,0.05,1296,184.22,371.97,iron
1,630339582,0,0,1,43.77,0.84,48.55,1.21,192.53,-33.87,63.96,0.2,1.627,0.122,1.388,0.103,855.32,22.79,4311.75,16873.43,2.47,0.09,-4915.98,93.4,-22387.62,77.45,-55.69,472398.6,6076815.54,1383.12,0.16,33.72,223.29,9.85,0.26,0.05,297,638.9,639.0,proton
3,678256182,1,1,1,44.68,0.26,68.7,0.72,197.54,-13.04,84.12,7.31,4.741,0.396,4.097,0.339,1022.73,15.15,2993.09,16239.45,6.58,0.21,3533.23,49.02,17228.1,24.67,-39.92,480744.69,6116430.69,1385.06,0.07,100.58,247.77,8.25,0.18,0.04,1431,601.44,605.72,proton
2,291093555,1,0,1,43.88,0.42,35.95,0.43,220.64,4.57,110.46,-4.74,3.692,0.252,3.186,0.213,736.71,12.84,5485.26,16194.77,5.46,0.13,23300.23,43.31,7880.2,58.85,-94.02,500526.44,6107140.27,1357.99,0.17,27.35,231.37,6.01,0.28,0.04,744,867.2,872.67,iron
1,552406468,1,1,1,55.79,0.38,103.62,0.89,136.63,-42.36,23.55,19.37,29.851,2.415,26.05,2.112,790.68,17.03,6814.16,36935.33,41.47,1.19,-29862.06,133.46,-950.61,162.83,49.69,447414.57,6098182.15,1522.14,0.25,19.8,249.07,5.86,0.27,0.04,1055,413.72,513.79,iron
2,2065558,0,0,1,36.58,0.64,103.04,1.21,204.3,-14.93,85.68,0.66,0.731,0.056,0.612,0.046,655.24,20.78,5561.04,14149.03,1.07,0.05,21201.3,51.61,5747.85,86.67,-78.51,498430.44,6105001.71,1359.8,0.18,29.8,226.62,9.94,0.25,0.05,784,185.68,220.48,iron
3,802692026,1,1,1,24.31,0.32,163.27,1.03,225.49,-36.29,73.27,-25.21,3.68,0.291,3.183,0.249,822.93,11.74,2748.09,11067.25,5.64,0.12,10624.99,25.08,25791.13,23.75,-83.82,487811.86,6125005.24,1373.95,0.06,79.1,223.82,8.84,0.26,0.04,1537,735.61,801.56,proton
3,355669805,0,0,1,38.22,0.51,219.36,1.45,337.79,-58.22,344.57,-50.56,1.375,0.103,1.17,0.086,728.5,15.96,4946.67,16904.47,2.07,0.08,-5084.02,72.27,24114.58,74.81,-36.48,472115.58,6123290.95,1410.72,0.14,31.77,224.26,10.03,0.25,0.05,1090,217.72,443.46,iron
3,802337505,1,0,1,20.31,0.24,87.46,1.23,204.66,-48.12,55.94,-14.72,2.434,0.173,2.099,0.146,748.02,8.14,3319.34,8265.18,3.76,0.06,5513.29,20.37,26339.7,22.84,-74.52,482700.47,6125541.03,1382.27,0.07,80.49,221.32,8.94,0.26,0.04,1111,534.08,570.1,iron
3,494079558,0,0,1,46.69,0.68,284.89,0.62,289.46,-20.1,129.67,-75.81,0.927,0.063,0.779,0.051,736.99,20.41,5895.17,14149.35,1.42,0.05,-2481.82,70.34,26915.62,67.36,-39.91,474708.31,6126098.45,1415.64,0.15,29.26,217.17,7.72,0.25,0.04,1095,168.53,355.63,iron
3,317595510,1,0,1,45.14,0.38,267.15,0.47,292.04,-30.45,81.1,-79.89,1.894,0.129,1.621,0.108,745.81,12.49,5590.49,13259.51,3.02,0.07,10557.88,45.72,28463.82,44.35,-98.19,487736.49,6127673.47,1377.35,0.14,24.78,213.29,6.03,0.24,0.04,1152,524.56,537.73,iron
1,528922518,1,0,1,29.6,0.72,8.94,0.75,221.89,-50.81,56.92,-26.17,1.27,0.096,1.08,0.08,777.51,15.79,3660.89,12028.76,1.9,0.06,-21138.45,45.13,-15819.23,34.13,-45.98,456172.3,6083340.96,1411.12,0.07,63.01,225.29,10.15,0.26,0.05,363,369.1,613.71,iron
2,261897888,0,0,1,50.28,0.6,266.71,1.1,304.14,-32.15,1.33,-84.87,0.829,0.061,0.695,0.05,789.99,22.88,5910.1,11623.3,1.21,0.04,13459.89,49.71,-5761.88,101.88,-41.0,490722.82,6093479.73,1375.39,0.08,31.77,227.82,9.44,0.27,0.05,747,179.74,400.27,proton
2,552546450,0,0,1,40.78,0.52,135.65,1.56,138.05,-65.76,19.02,-3.61,2.175,0.168,1.868,0.142,709.58,14.77,5444.69,21998.41,3.27,0.14,8661.51,92.19,7941.06,91.92,-29.52,485893.24,6107161.28,1380.72,0.15,29.98,226.71,9.0,0.26,0.05,1473,338.33,648.76,iron
2,860072232,0,0,1,43.32,0.82,89.68,1.04,205.74,3.79,102.97,8.13,0.964,0.069,0.812,0.057,698.36,20.23,5856.57,16694.48,1.43,0.06,27424.44,99.35,6069.51,104.76,-106.21,504649.09,6105337.95,1355.01,0.14,27.75,225.55,8.38,0.26,0.04,748,194.51,365.8,iron
3,82434944,1,0,1,44.38,0.47,14.52,0.62,258.91,34.73,156.52,-15.44,1.011,0.069,0.852,0.056,729.19,14.4,5657.88,12198.26,1.59,0.05,9962.42,50.26,29093.39,48.94,-90.55,487138.86,6128303.96,1382.61,0.13,28.26,212.59,8.5,0.28,0.06,1348,317.46,375.33,iron
3,146766808,1,1,1,43.41,0.3,4.41,0.53,244.65,10.86,128.61,-21.94,2.695,0.176,2.319,0.148,779.23,10.31,4990.46,10540.51,4.01,0.08,5183.15,29.67,26026.88,34.98,-74.52,482372.63,6125227.74,1382.26,0.1,44.06,228.83,7.45,0.32,0.05,1111,117.57,425.91,iron
2,175490820,0,1,1,38.9,0.41,182.54,1.67,223.54,-57.26,49.95,-28.17,5.054,0.409,4.372,0.351,747.08,15.59,4783.55,24560.32,7.39,0.28,105.61,85.52,-3038.48,90.22,-6.83,477369.64,6096167.32,1394.16,0.13,33.8,234.62,8.99,0.25,0.05,261,462.12,571.64,iron
2,172563289,1,0,1,27.6,0.39,233.46,0.75,263.46,-41.84,67.88,-54.69,2.195,0.151,1.889,0.127,701.35,10.21,4260.61,11834.09,3.29,0.07,11620.02,38.45,-7014.61,29.97,-37.99,488887.47,6092223.01,1375.59,0.1,38.28,227.48,8.37,0.26,0.05,555,182.73,775.77,iron
2,429957754,1,0,1,33.47,0.32,23.28,0.57,235.28,4.32,117.44,-17.64,1.216,0.082,1.032,0.067,775.11,11.11,3952.0,8322.33,1.78,0.03,20388.54,19.03,2555.98,28.64,-67.44,497625.45,6101809.04,1364.26,0.1,47.33,230.19,8.6,0.26,0.05,757,356.79,648.03,iron
4,73037009,1,1,1,57.23,0.55,217.3,1.02,262.15,-60.54,40.82,-46.76,2.634,0.189,2.259,0.159,750.62,25.47,7466.36,19166.59,4.06,0.15,-21869.24,152.56,2599.32,121.12,28.43,455392.91,6101745.27,1467.57,0.08,42.48,220.85,8.94,0.27,0.05,598,45.46,552.41,iron
4,151199602,1,0,1,38.95,0.74,45.64,0.75,225.55,13.74,120.87,-4.62,1.275,0.097,1.082,0.081,682.14,16.24,5492.92,13841.57,1.96,0.07,-21585.25,59.46,8313.57,76.54,49.58,455664.91,6107458.87,1493.29,0.08,43.39,218.59,9.16,0.29,0.05,665,248.79,473.28,iron
2,333818866,1,1,1,39.54,0.42,133.33,1.5,211.33,-11.39,91.98,-3.76,3.38,0.246,2.916,0.209,685.4,11.43,5605.85,20624.47,5.26,0.19,11578.01,83.76,8645.56,83.36,-45.41,488805.04,6107873.88,1372.36,0.17,30.25,219.88,8.22,0.26,0.04,1500,565.18,774.85,iron
3,812013315,1,0,1,32.69,0.31,232.97,0.57,284.47,-57.78,30.77,-56.7,1.413,0.094,1.204,0.078,744.93,10.31,4271.64,8582.64,2.11,0.04,7249.08,21.57,28645.1,27.69,-84.28,484431.02,6127851.55,1380.22,0.12,44.35,226.18,8.28,0.25,0.05,1394,450.17,838.65,iron
3,876363036,1,1,1,50.43,0.23,98.92,0.45,198.18,3.91,99.58,14.9,4.283,0.291,3.694,0.247,868.73,9.9,5246.75,13382.63,6.3,0.11,-3182.66,49.52,19845.68,35.68,-29.19,474026.04,6119029.68,1403.0,0.08,93.75,232.58,7.09,0.25,0.05,1231,149.31,152.95,proton
4,213092091,0,0,1,50.5,0.94,323.31,0.87,302.62,14.83,192.41,-48.04,2.064,0.165,1.768,0.139,728.27,23.4,6630.6,21975.37,3.17,0.15,-25964.71,134.72,343.35,136.04,23.78,451303.95,6099483.76,1473.38,0.18,29.08,221.44,10.59,0.24,0.05,1340,685.48,701.99,iron
3,463318971,1,0,1,35.19,0.5,300.38,1.51,270.71,-25.83,98.04,-61.21,5.042,0.397,4.364,0.34,713.99,14.34,4813.94,22258.83,7.36,0.25,18437.67,71.9,21957.41,73.03,-99.47,495626.98,6121195.55,1362.48,0.13,33.59,235.7,8.71,0.22,0.05,1511,571.87,673.2,iron
1,932049420,0,0,1,32.27,0.52,191.29,0.77,236.54,-45.53,64.55,-35.1,0.747,0.056,0.626,0.045,748.44,17.02,4154.76,10112.94,1.11,0.03,-18404.12,34.54,-17429.8,31.49,-48.15,458905.75,6081737.65,1405.38,0.08,61.67,223.14,9.67,0.25,0.05,369,671.27,705.18,iron
3,176288651,0,0,1,32.66,0.43,194.74,0.69,244.13,-68.06,36.3,-36.53,0.682,0.046,0.57,0.037,684.49,11.76,4887.23,9617.8,1.0,0.02,-967.76,35.2,29414.05,39.61,-31.24,476216.8,6128597.39,1435.13,0.14,33.0,225.14,7.96,0.25,0.04,1481,162.72,383.84,iron
2,396397902,0,0,1,35.11,0.44,295.77,1.17,295.42,-1.59,175.85,-63.46,0.839,0.066,0.705,0.054,719.19,23.15,4706.0,11304.34,1.23,0.05,23177.53,66.0,7937.39,30.94,-88.15,500399.85,6107194.94,1358.19,0.07,86.85,226.7,10.54,0.26,0.05,745,283.85,312.84,iron
4,741821061,1,1,1,26.65,0.17,167.73,0.79,227.55,-33.0,77.29,-25.89,7.148,0.534,6.206,0.46,711.46,8.06,4056.18,9739.33,10.47,0.16,-22180.16,20.11,10555.6,22.27,62.48,455063.62,6109697.0,1510.09,0.07,87.13,235.28,10.39,0.25,0.06,656,324.21,335.5,iron
3,711348105,0,0,1,52.47,0.66,190.52,1.05,23.93,-83.94,6.08,-27.92,0.872,0.063,0.731,0.051,672.67,25.39,7334.45,15337.08,1.33,0.06,1371.82,114.83,26049.55,74.89,-67.07,478559.76,6125240.25,1388.4,0.13,23.66,218.28,8.9,0.27,0.05,1297,228.95,480.63,iron
4,111545116,1,0,1,25.64,0.36,268.45,0.92,269.88,-27.15,95.12,-60.67,2.043,0.149,1.756,0.126,682.81,10.88,4320.16,9435.04,3.14,0.06,-24724.92,25.48,21950.67,25.82,48.31,452492.07,6121078.22,1534.92,0.07,77.27,222.14,10.26,0.25,0.05,1027,196.01,702.75,iron
2,95558332,0,0,1,35.59,0.67,99.46,1.29,209.3,-6.99,94.99,0.03,0.686,0.052,0.573,0.042,681.56,19.22,5126.68,14020.92,0.99,0.04,23130.86,51.28,6128.37,86.26,-82.91,500358.1,6105385.56,1360.62,0.15,29.59,230.84,9.55,0.25,0.05,739,151.77,518.42,iron
2,118467198,1,0,1,43.82,0.34,168.19,0.63,167.18,-76.97,22.36,-17.49,1.253,0.087,1.063,0.071,694.25,14.94,6026.4,11025.41,1.83,0.04,19186.02,28.08,1704.29,43.48,-61.12,496426.73,6100955.18,1367.81,0.17,29.51,230.2,8.56,0.28,0.05,758,30.11,30.36,iron
2,550847031,1,1,1,31.82,0.42,233.76,2.5,265.63,-28.1,92.34,-57.06,12.189,1.118,10.614,0.974,829.04,16.71,3288.27,23407.31,17.62,0.72,8027.47,81.47,-22147.81,80.22,-68.75,485335.39,6077090.12,1374.02,0.13,40.29,239.25,9.47,0.22,0.04,518,142.55,611.4,proton
3,396243220,1,0,1,33.39,0.44,239.97,0.7,271.28,-20.3,109.27,-60.31,1.225,0.088,1.04,0.073,754.15,13.45,4204.63,9782.11,1.8,0.05,13708.68,23.86,34641.4,37.46,-73.22,490870.55,6133859.05,1434.03,0.08,71.39,229.09,10.35,0.25,0.05,1140,380.89,495.14,proton
1,773683781,0,0,1,32.36,0.43,8.44,0.66,297.31,37.47,187.93,-25.19,0.716,0.052,0.599,0.042,740.84,15.22,4252.04,9902.48,1.07,0.04,-14863.57,28.61,-19542.96,37.29,-49.04,462451.32,6079635.1,1398.08,0.12,40.1,221.57,10.29,0.26,0.05,405,647.2,738.43,proton
3,400269291,1,0,1,38.73,0.4,307.61,0.58,277.04,-7.51,136.71,-58.58,1.049,0.076,0.886,0.063,711.59,17.44,5185.66,10845.35,1.53,0.05,-5133.83,32.82,29719.43,39.98,7.47,472050.18,6128893.39,1476.3,0.09,55.11,229.87,10.26,0.27,0.05,1552,281.53,782.01,iron
2,203615583,0,0,1,43.43,0.61,193.23,1.37,232.96,-58.47,48.83,-33.24,1.022,0.083,0.862,0.069,874.49,18.74,4121.24,15045.12,1.52,0.08,9456.09,93.67,-5628.86,59.06,-29.76,486721.77,6093602.25,1379.02,0.23,28.11,224.72,9.95,0.27,0.05,543,379.77,718.97,proton
3,302377394,1,0,1,36.8,0.64,323.52,0.72,282.35,9.03,161.13,-48.7,1.152,0.09,0.976,0.075,734.92,19.94,4729.4,13259.69,1.75,0.08,1188.81,51.83,23507.42,50.74,-56.44,478386.68,6122698.98,1388.7,0.12,46.12,221.41,11.77,0.26,0.06,1312,461.31,721.48,iron
2,892928143,0,0,1,41.87,0.72,205.08,0.8,245.99,-35.97,77.51,-41.36,0.749,0.061,0.626,0.05,669.42,24.26,5979.62,12385.77,1.11,0.05,14753.34,67.53,1456.98,71.57,-45.07,491997.45,6100696.97,1371.92,0.11,34.99,223.52,11.45,0.26,0.06,733,76.58,271.12,iron
2,854264223,1,0,1,58.65,0.53,231.14,2.1,281.47,-55.72,35.41,-57.49,1.118,0.083,0.941,0.068,764.07,29.1,7683.22,14667.23,1.62,0.06,15048.32,156.7,1321.65,172.68,-45.07,492293.3,6100563.48,1371.94,0.09,22.97,230.95,9.15,0.25,0.05,733,0.24,562.3,iron
1,603345841,0,0,1,31.27,0.5,336.75,0.86,313.22,20.31,205.78,-41.52,0.748,0.054,0.627,0.044,716.37,15.03,4437.68,10136.52,1.09,0.04,-10290.04,51.9,-24989.15,30.65,-74.55,467037.1,6074203.26,1384.89,0.15,34.96,228.84,10.05,0.25,0.05,330,510.28,530.32,iron
2,230924672,0,1,1,50.29,0.77,122.86,0.97,225.23,41.02,144.58,8.99,3.165,0.254,2.725,0.216,804.86,26.75,5790.03,18742.32,4.67,0.18,9653.48,142.36,-19678.42,119.32,-63.32,486952.69,6079563.46,1376.21,0.06,66.81,231.31,9.21,0.25,0.05,552,122.72,709.48,proton
1,174429280,0,0,1,52.57,0.97,148.35,0.8,225.67,21.89,128.02,-0.69,1.249,0.103,1.057,0.086,691.49,37.64,7299.38,19928.15,1.82,0.09,-19992.13,161.02,-14242.96,115.58,-32.26,457313.9,6084918.21,1413.84,0.18,30.04,230.68,10.08,0.26,0.05,417,88.49,417.06,iron
4,955772032,1,1,1,34.16,0.29,149.88,0.56,216.68,-25.23,81.54,-14.29,4.519,0.315,3.909,0.268,719.69,8.2,4656.54,10710.63,6.56,0.1,-29413.28,30.13,3689.84,20.8,55.01,447851.91,6102817.49,1524.52,0.07,78.68,236.62,8.36,0.24,0.05,1069,295.63,622.65,iron
2,219920086,0,0,1,41.29,0.88,300.04,1.5,292.58,-3.3,168.51,-64.2,1.213,0.108,1.028,0.091,732.72,28.0,5273.44,12647.19,1.82,0.08,8000.01,61.11,-3281.62,144.78,-26.14,485260.42,6095943.52,1380.64,0.05,75.47,224.73,11.61,0.26,0.05,674,96.92,559.9,iron
1,214834395,0,0,1,50.87,0.92,356.93,0.8,320.35,37.31,207.91,-23.51,1.609,0.133,1.371,0.112,981.05,33.66,4315.68,16989.73,2.34,0.11,-16115.77,125.12,-11338.05,48.19,-19.78,461176.98,6087832.06,1408.77,0.09,57.93,232.55,10.5,0.25,0.05,163,431.36,464.74,proton
3,56170420,0,0,1,55.68,0.49,53.05,1.01,299.42,75.31,191.95,12.46,1.848,0.146,1.577,0.123,761.05,25.7,7151.5,15284.2,2.85,0.09,6898.0,188.04,16698.73,108.2,-41.54,484106.52,6115906.88,1381.9,0.05,76.82,219.34,10.62,0.26,0.05,1390,409.77,473.06,iron
1,9790673,1,1,1,33.49,0.49,72.71,0.72,230.16,24.11,132.04,-3.12,3.483,0.254,3.008,0.215,782.31,12.32,3850.87,13772.59,5.16,0.11,-7404.06,56.5,-21241.2,44.43,-56.23,469911.11,6077958.04,1385.59,0.11,35.18,231.37,8.45,0.23,0.04,311,79.98,601.76,proton
1,13809225,0,0,1,48.4,0.54,38.02,0.99,290.16,61.72,186.85,-0.55,0.802,0.061,0.672,0.05,693.92,25.11,6566.46,12394.12,1.15,0.04,-23733.27,81.01,-19663.34,65.82,-59.01,453583.26,6079489.1,1410.81,0.09,42.67,231.82,9.82,0.27,0.05,395,665.97,669.87,iron
2,846810206,0,0,1,45.99,0.64,136.16,0.52,229.67,30.1,136.91,0.4,1.565,0.115,1.334,0.096,784.62,21.81,5275.53,16789.24,2.27,0.09,23825.98,71.37,8811.49,59.21,-94.41,501045.64,6108069.98,1356.52,0.12,34.93,233.51,9.39,0.25,0.05,752,207.46,550.34,iron
4,495290266,1,0,1,43.62,0.33,291.74,1.13,294.92,-8.9,168.81,-70.26,5.144,0.388,4.447,0.332,751.7,12.17,5274.16,23122.03,7.62,0.23,-22705.72,77.65,-1857.57,86.63,13.65,454568.9,6097291.71,1452.45,0.15,27.44,231.87,8.23,0.24,0.05,1282,347.06,535.72,iron
1,291656515,1,1,1,41.79,0.64,69.56,0.51,235.25,44.22,151.19,4.35,2.828,0.215,2.436,0.182,780.4,18.71,4750.37,17078.97,4.13,0.15,-3382.77,52.73,-24562.1,64.67,-68.05,473937.59,6074647.06,1379.13,0.12,41.28,234.15,9.6,0.23,0.06,314,254.36,264.2,iron
3,396849364,0,0,1,23.22,0.36,281.8,1.32,270.91,-14.21,119.77,-57.51,0.718,0.053,0.602,0.043,710.72,15.83,3867.38,10617.0,1.04,0.03,5408.87,28.32,25772.84,43.09,-70.55,482597.33,6124975.21,1381.81,0.12,38.34,230.56,9.33,0.25,0.05,1360,127.33,604.09,iron
3,262520299,0,0,1,35.28,0.5,214.62,0.68,253.61,-35.63,78.67,-47.49,0.75,0.052,0.628,0.041,716.68,12.21,4738.74,11849.84,1.12,0.03,1547.81,39.24,25539.27,50.94,-60.75,478740.29,6124731.77,1389.25,0.14,32.11,221.9,7.84,0.25,0.04,1298,331.52,473.09,iron
2,734137636,1,0,1,44.58,0.3,272.67,0.41,303.48,-16.83,195.78,-79.69,2.463,0.171,2.117,0.144,763.56,13.34,5294.48,12847.82,3.37,0.09,10531.46,29.89,-6335.33,40.18,-32.64,487797.56,6092899.66,1378.29,0.1,42.04,248.96,8.47,0.29,0.05,571,219.43,454.64,proton
3,372557235,1,1,1,31.4,0.4,222.93,0.62,271.8,-2.37,137.22,-51.27,4.767,0.343,4.126,0.292,719.48,8.76,4367.87,13456.1,7.28,0.14,16828.11,27.66,30572.92,41.13,-109.84,493999.04,6129801.32,1382.88,0.07,70.58,224.97,7.67,0.23,0.05,1489,414.96,598.7,iron
2,432802930,0,1,1,51.09,0.49,23.22,0.92,5.72,31.21,242.81,-6.42,2.576,0.222,2.213,0.189,756.32,23.32,6376.28,15777.11,3.75,0.14,3837.83,89.25,1643.02,142.71,-12.56,481088.23,6100855.45,1389.02,0.04,84.62,234.37,10.95,0.25,0.05,1015,129.12,191.33,iron
1,727003537,1,0,1,31.84,0.46,61.31,0.81,272.4,51.88,174.46,-6.57,1.883,0.14,1.614,0.118,681.88,14.32,4830.9,15712.12,2.82,0.1,-19679.99,46.16,-13843.04,53.93,-32.26,457623.76,6085319.83,1413.82,0.12,37.29,227.05,9.72,0.28,0.05,417,226.26,243.36,iron
1,506362728,0,0,1,33.46,0.52,277.6,1.18,304.16,-5.41,196.15,-68.25,0.783,0.061,0.657,0.05,696.19,25.9,4791.42,10188.1,1.16,0.04,-12024.79,54.01,-17914.7,44.22,-40.43,465284.28,6081270.36,1394.94,0.07,82.3,225.51,10.22,0.25,0.05,356,83.03,347.56,iron
2,682223701,1,1,1,29.66,0.55,176.36,1.16,236.06,-18.74,95.25,-28.52,10.155,0.853,8.834,0.74,780.23,15.11,3592.6,20068.08,14.12,0.47,5555.28,59.52,-14612.32,58.7,-38.58,482846.25,6084614.28,1379.06,0.08,43.51,248.8,8.85,0.2,0.04,501,575.23,730.09,iron
2,217721125,1,0,1,40.81,0.35,34.74,0.51,299.15,55.2,190.68,-7.6,1.723,0.115,1.473,0.096,842.61,10.71,4074.49,9347.03,2.6,0.05,17121.55,29.4,2554.34,28.42,-53.28,494360.97,6101799.32,1369.75,0.1,48.49,224.53,7.7,0.26,0.04,756,19.3,497.67,proton
3,597619429,1,0,1,33.02,0.45,113.36,0.7,244.36,39.17,151.31,-4.11,2.04,0.149,1.751,0.126,742.3,11.79,4262.88,12306.09,3.16,0.08,-3684.89,39.48,24239.56,32.17,-40.57,473513.5,6123418.4,1405.51,0.07,73.46,219.54,9.61,0.27,0.05,1093,97.18,542.91,iron
3,766433407,1,0,1,50.77,0.34,269.99,0.63,299.23,-24.44,140.96,-85.71,1.618,0.109,1.378,0.091,714.84,15.55,6699.99,13534.79,2.42,0.07,13542.0,32.85,33783.13,66.26,-73.22,490705.52,6132996.02,1434.04,0.12,35.28,226.01,7.77,0.23,0.05,1140,293.29,499.14,iron
1,19066726,1,1,1,56.86,0.31,170.93,0.6,223.88,-5.07,103.31,-12.04,7.606,0.574,6.573,0.493,746.84,16.16,7501.81,20112.64,10.83,0.26,-868.57,112.92,-11379.59,117.69,-21.27,476417.65,6087828.84,1388.74,0.06,71.26,241.12,7.16,0.24,0.05,233,143.38,302.02,iron
2,19127824,0,1,1,56.58,0.74,173.38,0.75,225.14,-6.72,102.37,-13.9,7.052,0.563,6.092,0.483,728.82,18.06,7625.18,32984.64,10.33,0.43,-909.82,184.03,-11162.43,165.01,-21.27,476375.31,6088045.84,1388.74,0.22,20.18,234.24,7.72,0.24,0.04,233,202.65,282.79,iron
1,638147735,0,0,1,56.1,0.76,129.97,0.6,187.71,-20.47,72.66,11.29,1.597,0.117,1.358,0.098,894.78,34.8,6007.67,20271.42,2.34,0.1,-18246.21,107.01,-13315.89,121.94,-29.76,459053.58,6085851.73,1411.86,0.23,23.57,230.64,7.91,0.26,0.04,668,143.76,481.13,proton
1,716156972,1,0,1,42.7,0.2,212.52,0.43,255.01,-52.88,53.32,-46.35,7.535,0.546,6.531,0.47,817.87,8.65,4563.75,14591.41,11.51,0.2,-1512.28,23.05,-27457.34,36.0,-82.61,475816.48,6071760.45,1374.46,0.08,91.56,224.59,6.52,0.3,0.05,345,529.09,741.4,proton
3,796516093,0,0,1,39.6,0.45,176.76,0.63,225.71,-32.84,76.96,-24.37,0.814,0.06,0.683,0.048,680.05,19.7,5650.5,10884.82,1.17,0.04,2608.06,48.54,25674.43,30.74,-63.87,479800.31,6124868.83,1386.54,0.1,47.86,231.77,10.0,0.26,0.05,1278,31.16,494.19,iron
2,831607018,1,0,1,33.27,0.41,210.35,1.17,261.54,-5.49,124.07,-45.09,2.145,0.167,1.844,0.142,686.92,15.64,4888.94,13387.87,3.25,0.11,28979.75,60.04,8251.66,42.56,-117.72,506198.23,6107523.34,1352.95,0.07,87.04,225.26,10.23,0.26,0.05,801,20.04,94.56,iron
3,731252630,0,0,1,41.71,0.54,157.69,0.56,269.23,43.62,168.54,-12.79,0.828,0.059,0.695,0.048,860.46,17.84,4004.52,11078.47,1.2,0.04,-2393.76,40.3,26876.2,38.53,-39.91,474798.35,6126056.74,1415.64,0.11,46.9,229.97,8.86,0.25,0.05,1095,92.52,458.33,proton
3,818721929,0,0,1,29.85,0.49,249.61,0.78,307.12,0.99,201.68,-61.6,0.953,0.065,0.804,0.052,708.16,10.84,4365.82,9111.9,1.37,0.03,2025.3,23.13,28093.39,54.67,-64.99,479210.46,6127285.52,1396.26,0.18,31.29,232.41,9.06,0.26,0.05,1270,634.25,658.6,iron
3,596361200,0,0,1,21.76,0.52,0.9,1.09,263.34,16.52,146.85,-31.86,0.65,0.046,0.543,0.037,667.25,16.66,4300.24,8892.11,0.95,0.02,7417.67,29.52,28067.07,34.45,-84.28,484598.63,6127272.17,1380.16,0.11,49.29,227.45,9.13,0.26,0.05,1394,352.96,414.4,iron
2,653661150,1,1,1,46.75,0.38,54.7,0.45,345.65,61.66,211.73,5.22,4.447,0.303,3.839,0.257,748.08,12.63,5759.62,15994.15,6.17,0.13,18403.06,43.73,6882.08,63.51,-68.22,495632.54,6106129.81,1364.3,0.16,27.32,246.67,5.93,0.29,0.04,778,562.64,690.14,iron
4,846271275,1,0,1,28.84,0.35,39.86,1.01,347.59,35.58,229.04,-14.45,2.185,0.153,1.879,0.129,689.01,10.77,4503.41,13063.57,3.25,0.08,-26470.19,37.93,24841.76,45.2,22.11,450740.08,6123963.22,1524.28,0.12,34.43,229.74,8.42,0.24,0.05,917,377.61,625.13,iron
2,772792724,0,0,1,38.45,0.53,213.43,0.76,261.42,-9.45,119.12,-47.07,0.779,0.057,0.653,0.046,732.11,15.76,4903.12,12081.6,1.17,0.05,12895.26,76.11,-6424.4,36.64,-41.0,490160.1,6092815.65,1375.38,0.2,27.06,222.1,10.69,0.28,0.06,747,274.59,326.34,iron
1,456928485,0,0,1,45.87,1.11,75.93,1.66,10.32,53.64,226.56,9.46,1.197,0.107,1.014,0.09,733.71,37.25,5779.04,19732.78,1.79,0.1,-9006.51,139.4,-15382.6,134.75,-30.48,468294.2,6083806.81,1393.51,0.18,31.43,225.27,10.61,0.25,0.05,192,68.82,302.86,iron
4,154392840,0,0,1,42.77,0.52,326.53,0.75,307.54,15.9,199.34,-46.74,0.689,0.053,0.576,0.043,764.16,18.96,5131.72,10250.84,1.06,0.04,-25609.23,45.38,20241.75,46.24,81.83,451612.83,6119368.38,1565.55,0.12,37.48,215.38,11.29,0.27,0.06,1031,32.4,310.76,proton
1,496965173,1,0,1,32.2,0.72,92.06,0.95,283.25,58.05,182.58,-3.24,1.274,0.096,1.083,0.08,771.18,16.58,3920.01,13367.57,1.92,0.07,-9336.67,50.29,-19092.17,50.23,-46.05,467973.84,6080099.58,1389.4,0.12,44.23,223.23,8.95,0.26,0.04,310,98.74,107.49,proton
4,440989919,0,0,1,44.63,0.75,252.58,1.26,284.38,-25.15,105.47,-73.25,1.281,0.112,1.087,0.094,708.5,27.07,5949.41,12857.2,1.93,0.09,-18462.07,66.4,18788.31,143.31,43.5,458758.45,6117932.47,1499.52,0.04,71.6,222.89,10.89,0.26,0.05,803,45.99,608.0,iron
2,722185216,1,0,1,17.04,0.43,215.69,1.48,270.15,6.48,144.68,-43.79,1.219,0.087,1.037,0.072,747.62,10.94,3199.25,8522.53,1.82,0.04,13839.33,41.83,-5433.73,20.83,-43.8,491101.28,6093808.21,1373.11,0.1,45.79,225.84,8.77,0.25,0.04,728,623.25,626.78,iron
3,627306794,0,0,1,38.44,0.74,299.62,0.74,302.95,-0.23,192.9,-63.1,0.689,0.053,0.576,0.042,636.88,18.06,5995.71,10423.84,1.02,0.04,8284.93,69.37,31247.68,54.92,-63.41,485458.63,6130451.89,1420.15,0.31,25.19,224.82,8.27,0.25,0.04,1128,79.71,395.86,iron
4,58245867,0,0,1,48.51,0.72,325.42,0.86,297.36,15.66,185.0,-46.87,4.714,0.374,4.071,0.32,675.33,17.3,6801.35,27778.53,6.97,0.28,-21896.58,121.86,-4369.15,128.09,6.54,455387.33,6094780.14,1448.61,0.15,28.31,231.39,7.72,0.28,0.04,1350,387.34,923.4,iron
3,955865452,0,0,1,49.31,0.47,36.67,0.87,313.44,62.25,197.73,-0.22,1.036,0.08,0.873,0.066,729.39,26.47,6346.95,12937.76,1.5,0.05,6088.88,108.63,21805.61,53.59,-54.96,483284.39,6121009.2,1382.48,0.07,63.37,231.39,10.29,0.26,0.05,1163,861.9,862.61,iron
4,660676138,0,0,1,61.67,0.46,33.7,1.41,33.07,15.61,268.96,7.17,1.817,0.14,1.546,0.118,820.79,21.76,7782.14,15557.2,2.67,0.08,-31572.74,274.16,-1743.22,129.38,43.64,445704.86,6097380.06,1519.99,0.04,52.85,229.52,10.15,0.25,0.05,1064,218.51,515.3,proton
1,789935913,1,1,1,29.1,0.23,20.98,1.33,329.74,36.67,215.72,-21.4,21.107,1.688,18.452,1.477,754.17,7.04,3751.95,18932.41,31.51,0.49,-1468.93,62.82,-22049.94,46.89,-56.07,475843.64,6077163.28,1381.14,0.1,37.92,232.35,7.35,0.26,0.03,280,516.16,594.64,iron
3,567334577,0,0,1,24.15,0.37,314.89,0.99,322.18,8.81,222.97,-49.51,0.85,0.059,0.715,0.047,678.0,12.04,4245.21,8870.02,1.24,0.03,9362.08,33.8,30647.73,28.21,-86.08,486536.0,6129856.18,1394.34,0.13,36.96,229.69,9.34,0.24,0.05,1359,216.08,839.69,iron
4,673301721,1,0,0,49.76,0.99,326.07,0.71,310.16,16.2,202.9,-46.1,1.167,0.088,0.987,0.073,690.82,29.81,6875.82,17413.17,1.71,0.08,-29547.13,134.84,3748.47,102.01,55.01,447718.48,6102875.46,1524.52,0.13,25.11,228.93,9.9,0.26,0.05,1069,169.49,611.92,iron
2,769688685,0,0,1,34.12,0.66,97.3,1.31,241.47,40.93,151.26,-1.29,0.73,0.054,0.611,0.044,638.25,16.37,5598.48,14829.28,1.09,0.05,18567.49,64.29,6266.86,90.5,-64.31,495797.1,6105512.67,1364.68,0.15,29.54,221.39,9.26,0.27,0.05,792,345.36,594.43,iron
4,757213579,1,1,1,51.8,0.5,133.06,0.55,238.87,51.57,158.62,6.62,14.584,1.126,12.677,0.977,718.87,22.57,6882.31,18273.42,20.37,0.35,-18277.08,66.25,25097.26,82.12,-5.28,458927.53,6124240.01,1470.84,0.09,62.7,246.55,8.36,0.29,0.05,1034,55.23,56.59,iron
3,210870885,1,0,1,49.58,0.57,142.78,1.09,215.26,5.14,108.5,0.27,1.316,0.099,1.116,0.083,737.7,24.55,6251.87,12397.73,1.97,0.06,176.35,125.31,23186.85,61.52,-53.1,477372.24,6122378.61,1391.8,0.06,60.22,224.6,10.3,0.25,0.05,1294,28.46,677.95,iron
3,58198070,0,0,1,38.44,1.61,167.45,2.15,234.13,-2.17,110.87,-19.81,0.662,0.057,0.553,0.046,626.38,40.46,6070.91,11608.49,0.98,0.04,1583.04,186.3,25003.64,89.45,-60.75,478775.48,6124196.08,1389.24,0.07,53.27,224.51,9.99,0.26,0.05,1298,404.25,410.74,iron
2,809056542,0,0,1,28.68,0.43,158.56,0.77,312.89,40.97,200.91,-21.27,0.813,0.057,0.683,0.046,717.33,13.24,4142.79,9502.74,1.2,0.03,18354.76,28.22,2541.9,38.76,-60.43,495593.63,6101790.26,1366.75,0.12,38.37,226.65,9.21,0.26,0.05,761,200.08,449.33,iron
3,497053286,1,0,1,39.22,0.3,69.42,0.56,284.89,64.12,185.08,2.35,2.696,0.191,2.322,0.161,816.97,10.68,4094.22,9657.67,3.97,0.07,-6091.48,23.65,30328.47,30.69,45.32,471093.02,6129497.92,1520.76,0.08,83.38,231.68,9.54,0.27,0.05,1549,81.55,222.08,proton
1,242872756,0,0,1,37.19,0.79,312.42,0.88,337.58,-15.13,269.55,-55.67,0.836,0.064,0.703,0.052,725.06,20.37,4792.02,13900.23,1.23,0.05,-6397.55,55.58,-25759.93,60.13,-72.5,470927.28,6073444.12,1381.41,0.11,42.8,227.35,8.97,0.25,0.04,294,101.07,707.84,iron
2,25611161,0,0,1,38.85,0.57,55.71,0.93,313.62,60.92,198.03,-1.52,0.884,0.068,0.743,0.056,714.67,22.44,5059.6,10612.22,1.32,0.04,10964.84,35.13,-2884.92,71.8,-31.7,488221.84,6096347.87,1377.97,0.06,68.29,223.88,10.73,0.25,0.05,716,549.29,629.74,iron
2,739130125,0,0,1,32.65,0.49,266.84,0.96,294.27,-6.48,169.57,-67.77,0.835,0.065,0.702,0.054,822.73,17.08,3341.88,10004.73,1.26,0.04,14403.56,32.62,3111.96,31.7,-43.4,491643.59,6102350.73,1372.42,0.07,80.61,221.66,10.57,0.27,0.05,773,417.33,526.42,proton
3,790434502,0,0,1,46.62,0.22,125.79,1.05,300.17,67.91,191.82,5.06,1.797,0.138,1.536,0.116,732.97,20.15,5796.87,12841.68,2.69,0.08,14827.02,69.56,22487.56,65.19,-89.88,492018.32,6121714.46,1366.8,0.07,106.43,226.33,11.46,0.26,0.06,1543,98.68,126.72,iron
1,53101235,0,1,1,44.49,0.32,217.04,1.25,302.81,13.68,192.67,-49.19,6.039,0.47,5.226,0.403,768.63,16.35,5171.03,20580.79,8.92,0.3,-3358.77,90.86,-8646.7,76.1,-11.74,473921.72,6090553.82,1395.05,0.08,111.33,232.42,10.5,0.27,0.06,229,35.65,38.35,proton
2,53139474,0,1,1,42.54,0.7,214.45,1.24,304.99,15.25,195.8,-47.57,5.894,0.463,5.101,0.397,701.87,21.98,5616.88,29423.43,8.59,0.38,-3550.94,96.07,-8942.93,111.9,-11.74,473730.79,6090257.55,1395.06,0.11,34.37,235.78,9.74,0.25,0.05,229,250.85,267.61,iron
2,781483342,0,0,1,44.46,1.05,204.37,2.0,306.96,22.3,197.76,-40.42,1.364,0.114,1.159,0.096,732.4,26.52,5533.66,20883.23,2.04,0.12,5208.33,133.79,-6607.95,165.65,-22.6,482478.57,6092612.98,1382.8,0.13,29.52,225.95,10.36,0.25,0.05,454,464.72,527.59,iron
2,896484354,1,0,1,46.51,0.39,124.79,0.48,22.43,30.07,251.53,5.06,1.697,0.114,1.449,0.095,851.07,16.33,4653.18,13012.14,2.31,0.07,11077.43,41.01,-8770.61,43.01,-41.24,488348.87,6090467.1,1375.26,0.1,38.01,248.46,8.55,0.25,0.05,541,80.47,505.09,proton
1,225232294,1,0,1,35.53,0.62,332.3,0.83,349.02,-10.87,271.45,-43.81,2.217,0.163,1.905,0.138,714.66,14.94,4772.99,17381.62,3.24,0.1,-3412.15,62.31,-23652.48,59.78,-68.05,473907.73,6075556.25,1379.15,0.11,39.14,233.3,8.13,0.27,0.04,314,514.84,579.65,iron
4,70700251,0,0,1,65.31,0.51,41.8,2.38,41.45,16.12,272.0,14.67,1.931,0.153,1.642,0.128,692.38,49.25,9803.67,21877.58,2.81,0.11,-25634.95,483.03,-2037.64,256.34,14.04,451639.51,6097099.98,1463.92,0.04,39.66,231.83,9.34,0.25,0.05,1076,190.66,398.77,iron
3,535666120,0,0,1,51.4,0.45,99.37,0.8,32.3,38.15,247.71,15.9,1.83,0.137,1.564,0.116,787.29,19.88,6060.11,13772.42,2.72,0.08,17446.46,70.48,27846.0,105.73,-120.28,494622.57,6127076.46,1364.51,0.06,73.73,228.4,10.47,0.26,0.05,1596,24.25,253.71,proton
3,567143791,1,0,1,39.01,0.41,200.09,0.61,271.56,14.36,152.71,-38.54,1.271,0.09,1.079,0.075,672.31,15.91,5605.06,11534.4,1.86,0.05,7747.18,45.25,25315.29,33.8,-74.29,484936.63,6124523.3,1379.38,0.1,52.4,229.85,9.47,0.26,0.05,1355,466.25,466.95,iron
1,914526619,0,0,1,33.16,0.79,71.65,1.17,3.98,37.75,236.74,-3.53,1.254,0.103,1.065,0.086,833.35,18.91,3372.31,14033.47,1.88,0.08,-23292.38,57.37,-15463.67,52.16,-42.3,454017.55,6083691.03,1419.58,0.1,43.57,224.71,9.71,0.27,0.05,377,199.4,527.04,proton
1,934740265,1,0,1,20.83,0.43,127.74,1.01,359.69,18.98,249.24,-18.24,1.626,0.125,1.392,0.106,791.88,13.96,2889.21,8448.04,2.38,0.06,-11425.89,30.35,-22384.62,26.75,-64.42,465893.63,6076804.58,1387.69,0.07,58.83,232.29,10.17,0.25,0.05,343,264.74,606.49,iron
3,211963848,1,0,1,47.03,0.33,151.04,0.45,233.34,23.67,133.22,-5.8,2.063,0.136,1.768,0.114,762.65,11.91,5467.93,13546.9,3.15,0.08,-1759.16,47.04,23606.78,33.64,-45.13,475438.15,6122792.2,1400.18,0.09,47.35,222.65,6.71,0.24,0.05,1096,570.28,591.52,iron
2,325260241,0,0,1,34.1,0.94,259.92,1.02,288.29,-10.34,150.67,-68.27,0.786,0.06,0.659,0.048,614.32,19.28,5719.11,12425.49,1.23,0.05,10936.29,48.95,-4911.91,102.68,-33.68,488198.63,6094322.47,1377.37,0.1,47.76,212.61,10.14,0.23,0.05,686,102.56,127.48,iron
1,730573485,1,0,1,35.43,0.58,145.71,0.59,261.43,40.85,162.04,-11.89,1.087,0.08,0.919,0.066,768.95,15.4,4161.74,12009.46,1.63,0.05,-11512.57,40.63,-17838.64,36.28,-40.43,465796.13,6081346.88,1394.94,0.08,56.5,223.54,9.11,0.25,0.05,356,243.03,243.06,iron
2,797693374,1,0,1,36.06,0.43,115.52,0.5,242.52,40.9,151.74,-1.93,3.538,0.242,3.055,0.205,757.32,10.44,4390.66,12280.05,5.26,0.08,10769.64,39.63,-5205.91,37.1,-33.68,488032.84,6094027.99,1377.38,0.08,40.61,230.54,6.51,0.25,0.04,686,341.31,378.42,iron
3,737597055,0,0,1,57.34,0.77,10.97,1.36,64.7,-61.62,348.61,-10.28,0.882,0.064,0.738,0.052,772.22,34.79,7288.32,17028.06,1.3,0.05,8565.53,165.96,25425.17,111.72,-78.63,485751.45,6124634.45,1376.86,0.11,29.89,225.73,9.37,0.26,0.05,1358,26.33,334.0,iron
2,225390067,0,0,1,38.64,0.55,158.18,0.75,5.62,16.62,254.74,-15.13,0.634,0.045,0.528,0.036,702.0,15.95,5233.35,12344.83,0.93,0.03,16652.16,48.69,2872.71,57.95,-53.28,493890.89,6102116.72,1369.74,0.14,30.9,224.38,8.75,0.26,0.05,756,233.29,235.24,iron
2,389109294,0,0,1,34.02,0.74,194.82,1.27,357.82,-11.85,277.58,-36.49,0.864,0.09,0.727,0.076,544.41,40.99,6728.23,11131.46,1.27,0.09,24246.85,84.89,5962.23,44.01,-91.02,501473.52,6105223.21,1358.06,0.08,70.73,227.66,10.51,0.26,0.05,732,210.33,417.79,iron
2,520244833,1,1,1,45.44,0.3,79.56,0.61,340.96,68.6,206.04,9.72,12.923,0.892,11.237,0.773,792.29,8.22,5124.46,20538.01,19.21,0.3,28858.28,53.92,10122.96,75.53,-124.34,506072.16,6109394.39,1350.26,0.15,22.99,232.44,4.93,0.22,0.03,712,217.85,449.68,iron
2,711211647,0,0,1,39.05,0.84,96.68,2.29,327.41,64.59,203.13,3.69,0.772,0.065,0.647,0.053,686.95,25.9,5449.96,17568.1,1.12,0.06,19691.32,108.65,8948.75,115.16,-75.76,496913.46,6108196.21,1360.57,0.14,32.09,228.91,10.1,0.26,0.05,765,101.4,619.86,iron
2,550668650,0,1,1,53.31,0.45,356.8,0.77,19.22,-24.37,299.75,-22.36,3.256,0.236,2.802,0.199,691.58,17.85,7364.89,20192.15,4.78,0.15,8661.69,146.07,14398.91,114.53,-45.63,485877.79,6113615.47,1377.25,0.05,74.91,232.69,8.83,0.25,0.05,1423,111.78,310.96,iron
4,963028735,1,1,1,44.87,0.4,12.17,0.57,19.59,-10.65,286.51,-16.63,3.738,0.246,3.225,0.208,710.78,9.76,5887.57,17664.01,5.32,0.11,-19018.2,93.06,13445.65,44.21,52.08,458216.86,6112593.27,1494.97,0.15,21.87,240.51,5.98,0.26,0.04,914,21.78,81.92,iron
4,786529257,0,1,1,54.1,0.62,269.77,0.7,303.84,-27.23,289.96,-89.19,2.523,0.181,2.165,0.153,824.39,27.2,6174.48,19528.38,3.54,0.12,-13706.44,37.27,15988.66,142.05,9.92,463518.52,6115149.51,1443.67,0.08,56.21,242.4,9.66,0.26,0.06,871,32.42,617.2,proton
3,137282387,0,0,1,50.54,0.34,337.65,0.65,339.98,11.5,240.73,-37.24,0.876,0.06,0.735,0.048,762.46,16.55,6156.82,12508.82,1.25,0.04,2778.07,46.13,26407.97,42.33,-71.01,479967.45,6125602.17,1385.05,0.13,28.95,233.31,8.05,0.24,0.05,1292,368.59,428.45,proton
2,290015815,0,0,1,43.5,0.87,83.51,1.0,350.48,63.57,212.24,8.1,0.809,0.057,0.678,0.046,758.12,14.59,5207.49,16056.3,1.23,0.04,15786.18,83.25,6312.13,84.19,-50.95,493017.11,6105550.15,1370.11,0.15,32.01,219.11,8.32,0.25,0.04,1006,600.99,628.75,iron
3,659162203,0,0,1,28.09,0.57,46.57,0.83,357.24,29.66,239.28,-13.04,0.741,0.057,0.621,0.046,681.66,18.87,4522.53,10363.63,1.09,0.04,11266.48,39.6,29195.77,42.86,-98.19,488442.45,6128409.29,1377.33,0.08,53.77,226.32,10.8,0.26,0.05,1152,304.78,328.89,iron
1,629750418,1,0,1,27.57,0.23,284.45,1.08,324.43,-7.23,242.51,-61.51,1.568,0.119,1.34,0.1,749.72,12.07,3734.34,10791.4,2.43,0.06,-23559.19,31.45,-16922.55,25.58,-54.33,453754.77,6082230.66,1414.19,0.07,87.84,218.43,10.15,0.27,0.05,389,458.84,675.82,iron
1,386260595,1,0,1,40.31,0.58,3.77,0.68,11.33,-10.79,282.97,-24.03,1.508,0.109,1.285,0.091,737.93,18.07,5032.85,15827.77,2.19,0.08,-8704.45,55.77,-18508.37,55.53,-39.51,468602.3,6080684.53,1391.1,0.12,31.67,233.33,10.05,0.2,0.06,201,516.51,808.28,proton
3,313765854,1,0,1,42.56,0.34,79.59,0.63,294.35,69.7,189.87,7.03,2.11,0.15,1.81,0.127,765.73,12.05,5031.66,11966.42,3.23,0.07,-7293.6,39.53,26638.43,46.5,-19.2,469900.57,6125806.45,1439.77,0.07,83.98,222.12,9.38,0.25,0.05,982,235.49,269.17,proton
3,660720091,0,0,1,30.89,0.59,219.72,2.11,297.51,12.97,184.7,-49.56,0.928,0.073,0.783,0.06,718.3,20.85,4331.18,14614.59,1.36,0.06,-6114.44,65.01,26823.85,61.79,-31.89,471079.64,6125996.46,1425.57,0.12,40.38,228.24,9.44,0.26,0.05,1089,645.13,663.82,iron
4,410519741,1,0,0,48.59,0.42,86.87,0.64,24.95,44.57,239.35,13.41,1.207,0.083,1.022,0.068,726.29,16.81,6246.05,13073.64,1.69,0.05,-20737.85,31.27,14077.98,73.73,61.26,456496.28,6113218.91,1508.86,0.08,44.0,240.33,8.7,0.26,0.05,906,380.2,413.04,iron
3,976881074,0,0,1,26.7,0.61,238.95,1.11,316.76,4.33,217.95,-55.82,0.718,0.055,0.601,0.045,658.66,21.2,4698.9,10441.85,1.07,0.03,13905.44,34.02,33317.86,48.77,-73.22,491068.64,6132533.71,1434.07,0.07,68.12,222.55,10.53,0.26,0.05,1140,797.8,808.89,iron
3,708806168,0,0,1,48.2,0.94,207.55,0.73,293.9,20.38,181.5,-41.69,1.044,0.079,0.881,0.065,902.19,25.44,4515.51,15893.18,1.5,0.06,3856.22,107.01,21144.77,66.62,-50.43,481057.24,6120345.07,1386.07,0.11,39.2,233.03,9.21,0.25,0.05,1295,368.2,449.66,proton
3,403332072,0,0,1,35.55,0.47,168.69,0.88,343.62,28.69,230.92,-21.9,0.664,0.05,0.554,0.04,814.89,16.12,3737.14,9429.15,0.96,0.03,-2736.91,54.62,29942.75,44.88,-12.31,474445.23,6129121.18,1460.39,0.11,33.51,228.93,10.15,0.26,0.05,1507,229.32,880.89,proton
4,711103910,0,0,1,55.29,0.82,330.87,0.61,341.59,4.68,248.38,-40.96,1.704,0.13,1.452,0.109,713.41,28.62,7318.05,23270.76,2.39,0.12,-26715.18,140.1,314.3,131.9,33.22,450556.82,6099450.74,1488.83,0.15,20.64,241.32,8.43,0.24,0.05,1822,91.52,190.78,iron
3,633098520,0,0,1,44.69,0.52,273.84,0.7,306.38,-16.88,210.86,-79.26,0.717,0.051,0.599,0.041,637.58,16.33,6546.12,12323.11,1.11,0.03,-1426.19,54.23,29689.28,54.82,-31.24,475756.67,6128874.05,1435.17,0.15,25.44,214.23,8.8,0.24,0.05,1481,582.62,582.62,iron
3,357032730,0,0,1,62.79,0.44,168.98,1.36,247.76,37.65,151.94,-7.11,2.281,0.173,1.949,0.145,740.26,23.65,8548.15,18326.4,3.46,0.11,11579.15,303.21,16264.99,197.15,-57.76,488791.31,6115487.12,1371.72,0.04,55.6,223.43,9.69,0.26,0.05,1513,383.55,481.4,iron
1,964632485,1,0,1,26.22,0.84,98.15,1.4,350.81,40.08,227.97,-9.38,2.423,0.192,2.087,0.163,761.98,16.17,3434.27,15680.68,3.49,0.11,-8394.08,51.82,-16061.64,50.21,-35.21,468908.19,6083130.85,1390.91,0.08,51.77,237.19,8.49,0.24,0.04,193,634.78,649.75,proton
3,311376782,0,0,1,49.03,0.34,266.06,0.69,308.56,-22.69,243.07,-83.23,0.777,0.055,0.65,0.044,764.53,17.14,5801.56,10684.61,1.11,0.04,-2390.31,41.38,32354.43,33.37,9.69,474786.99,6131535.86,1488.96,0.17,25.93,232.53,8.86,0.25,0.05,1482,419.33,491.37,iron
3,608683588,0,0,1,36.72,0.6,350.14,0.9,6.51,-23.18,294.11,-32.93,0.668,0.046,0.558,0.036,649.71,12.76,5541.38,13759.85,1.01,0.03,11449.08,63.88,28108.93,62.72,-97.57,488627.2,6127324.32,1373.48,0.13,27.41,218.13,7.34,0.25,0.04,1153,147.21,436.4,iron
2,508769845,0,0,1,34.68,0.73,116.81,0.85,260.04,50.77,167.32,-3.39,0.792,0.059,0.665,0.048,663.21,14.25,5239.61,13666.95,1.26,0.05,26508.17,63.47,5508.52,59.2,-98.3,503735.52,6104774.04,1356.71,0.1,38.57,209.84,10.81,0.25,0.06,678,508.63,579.13,iron
4,37645954,1,0,1,38.09,0.39,165.78,0.67,6.0,8.87,261.68,-19.14,2.342,0.174,2.014,0.147,831.46,11.93,3816.61,12592.17,3.48,0.08,-20285.68,30.27,22141.49,38.73,25.57,456927.91,6121280.55,1496.47,0.06,80.18,229.59,8.48,0.24,0.04,1020,111.06,591.19,proton
4,540293261,1,0,1,38.56,0.44,279.29,0.54,307.06,-9.99,206.43,-72.43,2.286,0.158,1.965,0.133,790.21,8.54,4259.17,9965.46,3.34,0.06,-33871.83,24.09,7656.7,63.91,59.38,443386.18,6106773.04,1550.55,0.14,24.6,233.59,8.13,0.24,0.05,600,603.48,670.03,iron
3,477715582,1,0,1,25.98,0.49,345.2,0.59,334.91,15.32,232.88,-37.42,2.293,0.175,1.975,0.149,774.47,11.96,3309.24,12005.08,3.49,0.08,-1872.83,32.99,24149.43,27.68,-45.13,475323.98,6123333.68,1400.17,0.06,61.95,224.34,8.89,0.26,0.04,1096,440.44,712.03,iron
2,450221802,1,0,1,42.01,0.53,75.64,0.61,22.33,31.83,249.94,5.82,1.045,0.072,0.882,0.058,794.98,11.51,4608.66,13773.61,1.56,0.05,17232.42,48.06,5361.8,60.18,-58.33,494464.91,6104605.07,1366.64,0.14,28.99,224.87,8.03,0.25,0.05,746,151.77,262.72,iron
1,87213542,1,0,1,34.12,0.54,87.6,1.26,49.89,-32.13,318.75,-1.3,1.255,0.091,1.066,0.076,749.11,15.61,4223.27,13731.03,1.87,0.06,-13053.7,49.32,-16803.39,55.75,-37.1,464253.24,6082376.14,1396.25,0.12,36.58,225.62,10.11,0.25,0.05,197,381.83,694.06,iron
4,696869818,1,0,1,39.09,0.52,75.67,0.8,49.92,-23.81,311.67,3.09,1.374,0.093,1.169,0.077,695.18,9.5,5274.12,9630.16,1.97,0.04,-26579.14,57.51,18704.69,43.55,95.35,450647.32,6117829.95,1578.25,0.14,28.09,234.89,8.25,0.26,0.05,703,7.27,24.08,iron
4,643692857,0,0,1,61.54,0.6,288.87,0.89,284.29,-33.71,76.03,-72.66,3.567,0.267,3.063,0.226,763.07,42.03,8150.67,22891.51,5.39,0.2,-19243.25,105.17,12279.2,157.18,53.77,457995.57,6111423.89,1496.34,0.15,19.66,225.6,8.37,0.23,0.05,1742,131.78,619.89,proton
2,382610553,0,0,1,47.16,0.7,185.52,0.73,313.84,35.3,202.81,-26.72,0.647,0.046,0.539,0.036,753.67,19.76,5536.14,13037.16,0.98,0.04,16852.05,78.0,3921.71,61.63,-52.92,494090.16,6103165.54,1368.98,0.1,32.42,217.75,8.78,0.25,0.05,775,313.08,634.21,iron
3,444061281,1,0,1,53.4,0.33,148.32,0.81,352.34,52.02,220.72,0.18,1.38,0.102,1.17,0.085,696.64,20.74,7039.73,12544.11,1.98,0.05,482.65,84.06,24962.07,39.27,-56.72,477675.32,6124152.3,1393.22,0.08,46.14,234.54,10.3,0.27,0.06,1296,555.33,592.37,iron
1,818575845,0,0,1,21.11,0.43,186.46,1.08,2.86,-19.75,288.86,-35.02,0.761,0.055,0.639,0.044,725.64,13.94,3442.13,7454.29,1.12,0.03,-19022.81,19.63,-20238.99,30.38,-59.55,458296.18,6078928.93,1401.74,0.08,58.12,226.73,9.53,0.26,0.05,374,166.89,174.52,iron
4,371995863,0,0,1,75.36,0.17,223.41,0.57,326.92,13.01,226.02,-43.6,5.514,0.435,4.7,0.367,856.73,15.65,11132.45,22847.37,8.04,0.21,10723.19,430.78,26808.81,322.68,-91.33,487909.63,6126026.45,1372.89,0.02,62.49,231.99,9.74,0.27,0.05,1154,214.8,439.82,proton
4,672745150,0,0,1,46.0,0.84,148.87,1.09,33.7,-13.41,295.17,-5.41,1.643,0.127,1.402,0.107,713.18,23.85,5776.16,15309.37,2.41,0.08,-19373.15,101.58,24644.19,122.34,2.66,457830.53,6123785.92,1483.34,0.05,70.04,230.69,9.84,0.25,0.05,1040,501.82,511.38,iron
2,53749168,0,0,1,42.87,0.59,48.82,0.75,38.82,-11.85,296.07,-0.24,0.687,0.048,0.574,0.038,751.63,15.7,4948.08,12334.24,1.05,0.04,23659.25,46.1,3848.63,71.67,-85.3,500891.91,6103109.65,1359.92,0.15,27.0,216.8,8.28,0.25,0.04,776,102.75,372.3,iron
2,790922882,1,0,1,36.0,0.26,320.95,1.01,338.8,-6.61,258.41,-50.26,1.64,0.123,1.401,0.104,740.56,17.52,4609.95,10573.19,2.44,0.06,14721.11,43.38,5484.84,34.16,-50.95,491955.92,6104721.4,1370.1,0.07,94.7,227.85,10.42,0.25,0.05,1006,604.48,626.47,iron
2,758766081,1,1,1,39.11,0.72,109.7,1.43,334.19,61.59,207.17,2.24,11.159,0.97,9.702,0.843,721.85,18.68,5135.68,27484.76,17.3,0.68,4181.78,102.31,12422.48,103.09,-25.69,481404.81,6111628.58,1387.23,0.1,36.59,222.32,9.06,0.27,0.05,1528,221.43,247.88,iron
3,758722834,1,1,1,38.78,0.21,108.76,0.88,335.25,61.14,207.82,2.09,12.623,0.999,10.985,0.868,751.71,9.2,4782.52,20066.49,19.21,0.37,4094.34,66.69,12502.03,24.75,-25.69,481317.24,6111707.78,1387.23,0.06,96.69,226.67,7.15,0.27,0.04,1528,48.4,302.57,iron
4,702714237,1,1,1,25.74,0.56,123.21,0.76,318.97,48.79,203.62,-12.74,2.613,0.201,2.254,0.171,752.72,13.02,3604.39,13297.2,3.9,0.1,-18712.8,27.58,17893.5,41.44,43.27,458511.2,6117038.11,1493.49,0.06,66.07,229.45,8.83,0.25,0.04,845,506.65,546.38,iron
2,579484422,0,0,1,39.38,0.61,209.49,0.99,305.53,18.34,196.31,-44.46,1.343,0.108,1.141,0.091,693.76,18.75,5451.48,13860.47,2.04,0.07,22494.02,100.29,10045.41,40.0,-87.09,499713.1,6109300.33,1358.43,0.05,73.13,222.12,10.84,0.27,0.05,1696,251.8,555.21,iron
1,970963967,0,0,1,43.53,0.95,128.64,0.83,4.78,44.36,231.95,1.06,1.848,0.148,1.582,0.125,706.89,31.33,5797.47,18344.81,2.68,0.11,-4891.98,95.26,-16276.85,108.88,-34.48,472408.45,6082924.79,1388.67,0.08,61.28,234.5,9.83,0.26,0.05,195,76.35,149.72,iron
4,979211158,0,0,1,38.02,0.57,271.58,1.2,320.21,-21.31,266.32,-73.22,1.547,0.109,1.32,0.091,680.24,14.58,5399.51,18521.42,2.29,0.07,-25558.77,69.82,1122.83,69.68,23.78,451710.74,6100262.79,1473.37,0.11,33.79,228.58,8.09,0.26,0.04,1340,105.03,637.12,iron
2,117507445,1,1,1,36.6,0.31,143.57,0.82,304.29,52.86,193.69,-10.0,3.489,0.238,3.012,0.202,764.78,7.97,4287.79,14179.55,5.44,0.12,13177.09,50.47,3427.22,49.1,-41.79,490416.73,6102662.17,1373.24,0.13,27.01,219.81,7.51,0.22,0.04,1009,601.59,811.23,iron
1,538223393,1,0,1,37.16,0.42,120.76,0.53,346.13,52.06,217.77,-2.25,1.041,0.07,0.879,0.057,778.26,12.48,4202.39,10449.97,1.55,0.04,-11890.56,32.85,-20475.93,33.2,-52.49,465425.33,6078709.67,1390.71,0.09,42.63,224.49,8.52,0.25,0.05,332,38.42,249.7,iron
4,63329873,1,0,1,36.57,0.33,334.05,0.55,358.84,-41.75,315.9,-42.52,1.44,0.094,1.227,0.078,737.41,9.34,4565.0,9195.51,2.15,0.04,-31532.71,20.5,7591.97,35.46,56.43,445725.18,6106711.32,1539.92,0.1,37.55,226.31,8.16,0.26,0.05,617,324.28,669.82,iron
1,517670509,0,0,1,42.52,0.41,4.29,0.63,348.92,23.43,238.53,-22.71,0.797,0.055,0.668,0.045,739.0,14.58,5201.49,10436.77,1.18,0.03,-16651.05,40.6,-19201.21,36.35,-51.24,460664.33,6079972.14,1399.63,0.11,38.85,225.5,9.37,0.27,0.05,412,244.05,305.09,iron
1,831891100,1,0,1,31.48,0.31,87.92,0.62,347.25,49.24,220.07,-4.03,2.559,0.184,2.205,0.156,711.67,13.28,4412.11,7610.14,3.54,0.06,-11562.31,25.57,-26929.26,16.52,-81.62,465769.35,6072260.7,1384.45,0.11,53.1,246.92,10.09,0.28,0.06,337,46.84,611.06,iron
3,116383406,0,0,1,48.22,0.78,138.37,0.88,311.56,63.93,196.64,1.31,1.37,0.102,1.164,0.085,783.9,24.62,5560.29,15907.29,2.05,0.08,-4658.34,113.33,21825.54,79.38,-30.46,472548.31,6121002.41,1406.41,0.08,62.97,225.64,9.85,0.26,0.05,1199,526.78,538.38,proton
3,186195691,0,0,1,17.6,0.46,273.55,1.69,334.26,-4.55,251.36,-52.56,0.658,0.05,0.551,0.041,737.64,14.07,3297.38,8966.89,0.99,0.03,7550.28,30.92,27665.39,41.05,-84.28,484732.89,6126871.15,1380.16,0.09,44.48,221.09,10.15,0.25,0.05,1394,291.48,362.1,iron
1,547303702,0,0,1,19.68,0.45,239.31,1.15,327.53,3.2,234.72,-51.49,0.971,0.071,0.821,0.058,719.18,14.34,3590.55,8683.36,1.43,0.03,-9342.91,26.61,-27229.59,26.21,-81.83,467988.47,6071967.53,1381.74,0.06,69.43,228.13,9.34,0.26,0.05,325,385.14,400.02,iron
3,899876941,0,0,1,34.47,0.3,140.46,0.94,356.82,34.22,235.6,-10.21,1.259,0.095,1.07,0.079,720.76,15.05,4594.91,12510.75,1.88,0.06,17159.25,27.07,31173.4,45.96,-102.83,494326.34,6130401.65,1398.14,0.07,90.24,225.98,10.21,0.26,0.05,1556,328.0,388.43,iron
3,479847204,0,0,1,33.68,0.91,58.5,0.81,28.6,-2.78,283.36,-5.13,1.046,0.08,0.884,0.066,720.6,18.34,4525.82,14059.85,1.57,0.06,16176.59,48.67,32133.83,72.14,-91.04,493344.03,6131360.57,1414.64,0.09,52.3,223.29,10.53,0.27,0.05,1554,629.19,658.55,iron
2,610566105,0,0,1,19.42,0.54,170.37,1.08,10.82,-25.46,298.08,-29.9,0.861,0.066,0.726,0.054,805.25,13.94,2680.65,7991.63,1.27,0.03,23401.4,22.65,3013.35,30.47,-80.23,500636.8,6102273.96,1361.49,0.07,60.37,227.04,9.5,0.25,0.05,890,465.06,488.82,iron
1,652026890,0,0,1,28.57,0.46,346.06,0.71,275.84,-78.65,19.31,-37.09,0.833,0.059,0.701,0.048,649.88,15.12,4905.23,10951.0,1.22,0.04,-11643.13,35.09,-20671.31,35.27,-52.49,465672.25,6078515.72,1390.71,0.1,44.2,227.1,9.44,0.26,0.05,332,247.91,341.99,iron
1,243028631,1,0,1,28.99,0.52,345.27,0.71,349.59,0.41,259.15,-37.41,1.163,0.084,0.986,0.069,743.82,14.41,3945.69,11180.07,1.7,0.05,-10594.78,35.16,-20675.09,34.42,-50.19,466719.6,6078514.71,1390.52,0.09,46.6,230.1,9.79,0.25,0.05,306,16.77,497.51,iron
1,700047147,1,0,1,37.17,0.34,305.64,0.56,336.11,-22.32,281.15,-59.57,2.505,0.169,2.156,0.143,804.09,9.74,4071.9,10979.6,3.69,0.07,-8802.6,40.76,-23949.08,30.62,-68.91,468520.76,6075245.72,1384.28,0.09,43.83,231.84,7.13,0.23,0.05,339,35.05,697.18,proton
1,312490649,0,0,1,62.87,0.64,307.87,2.63,308.96,-60.06,7.37,-56.81,0.936,0.079,0.783,0.065,788.39,38.33,8352.25,16074.06,1.45,0.07,-12147.23,419.59,-14264.98,270.61,-27.06,465152.37,6084917.36,1400.12,0.06,45.84,214.42,11.99,0.25,0.06,154,214.29,232.1,iron
4,179274013,0,0,1,36.71,0.75,343.53,0.6,6.74,-54.94,332.79,-36.79,1.48,0.11,1.261,0.092,747.88,17.72,4583.0,14523.14,2.22,0.07,-23622.67,54.95,25312.5,52.16,18.49,453586.74,6124440.79,1514.77,0.08,48.53,224.96,9.99,0.27,0.05,1037,388.57,619.39,iron
3,424354594,0,0,1,40.53,1.14,241.49,1.03,324.66,-12.13,250.76,-64.7,1.483,0.139,1.264,0.118,895.75,33.37,3579.58,17755.57,2.19,0.13,10807.16,81.15,20070.75,71.03,-66.74,488007.41,6119290.42,1372.55,0.09,48.01,229.0,11.02,0.25,0.05,1380,527.04,585.36,proton
1,417077918,0,0,1,44.34,1.28,301.91,1.51,296.56,-52.77,21.65,-63.93,0.644,0.054,0.537,0.044,655.66,30.59,6467.07,13719.28,0.94,0.04,-8168.86,91.2,-25125.79,187.55,-74.26,469157.45,6074070.56,1383.02,0.08,34.45,226.99,10.56,0.25,0.05,329,215.59,677.99,iron
3,500665007,0,0,1,62.87,0.29,21.06,0.88,37.28,-8.47,292.37,-0.02,2.99,0.209,2.563,0.175,809.9,16.87,8183.57,15734.4,4.67,0.1,-1796.24,179.54,17705.2,115.2,-23.72,475415.22,6116892.77,1400.17,0.05,60.19,217.95,8.66,0.25,0.05,1367,41.72,344.69,iron
3,493840009,0,0,1,22.71,0.39,59.07,1.15,6.12,16.31,255.28,-14.9,0.928,0.067,0.783,0.055,714.2,15.07,3834.08,8472.25,1.38,0.03,-4897.67,24.84,32452.67,26.24,48.18,472281.24,6131624.44,1535.3,0.07,76.24,224.27,10.03,0.26,0.05,1506,417.59,455.78,iron
2,936503024,1,0,1,47.24,0.43,133.1,0.53,22.6,24.76,256.28,2.64,2.31,0.159,1.983,0.133,758.27,14.84,5761.51,18008.6,3.27,0.11,9754.45,83.91,595.17,57.78,-27.63,487004.04,6099822.58,1379.27,0.18,21.65,240.44,7.66,0.25,0.05,691,294.53,411.16,iron
2,489619616,0,0,1,27.6,0.4,93.7,1.38,42.44,-33.99,317.26,-7.65,0.9,0.065,0.758,0.053,755.83,12.55,3696.28,11344.43,1.34,0.04,21021.6,35.84,5178.25,52.87,-78.51,498252.32,6104432.49,1359.81,0.11,34.8,224.36,8.39,0.26,0.04,784,399.4,527.03,iron
1,392084081,1,0,1,36.8,0.65,296.71,1.08,301.4,-52.94,14.98,-64.17,1.124,0.087,0.952,0.072,658.24,22.7,5575.7,11089.41,1.7,0.05,-11789.22,70.94,-17762.11,54.21,-40.43,465519.32,6081422.89,1394.93,0.06,71.8,221.89,10.49,0.25,0.05,356,21.07,92.81,iron
3,526003708,0,0,1,24.69,0.46,66.08,0.7,17.35,3.89,272.11,-11.99,0.876,0.063,0.738,0.052,710.25,12.72,3969.44,9759.61,1.33,0.03,12466.39,29.11,32677.81,26.88,-80.71,489633.88,6131893.74,1418.13,0.08,53.61,219.47,10.13,0.26,0.05,1135,356.11,749.57,iron
2,45653294,1,0,1,39.2,0.36,185.95,0.49,337.54,22.64,230.13,-30.04,1.549,0.107,1.321,0.089,916.16,11.74,3183.19,8445.61,2.26,0.04,18811.87,23.06,2503.68,29.27,-60.43,496051.51,6101753.25,1366.76,0.08,41.77,231.47,8.25,0.27,0.05,761,171.07,608.25,proton
1,396262321,0,0,1,43.08,0.58,216.38,0.67,332.6,2.46,241.58,-48.85,2.237,0.173,1.921,0.146,858.13,17.76,4181.9,15389.76,3.32,0.11,-20715.56,69.66,-11366.78,31.23,-24.94,456580.81,6087790.45,1420.9,0.07,78.48,229.36,9.5,0.26,0.05,423,515.88,649.41,proton
2,746769291,0,0,1,36.57,0.4,144.78,0.73,280.7,49.85,178.49,-10.52,0.882,0.061,0.742,0.049,693.89,12.58,5055.76,9161.01,1.32,0.03,21732.62,21.12,1851.91,45.41,-70.94,498970.48,6101109.72,1367.67,0.13,35.41,223.6,8.17,0.24,0.04,913,349.1,363.47,iron
3,495617234,0,0,1,46.42,0.59,328.65,0.62,353.08,-23.36,289.71,-44.77,0.907,0.068,0.762,0.055,852.98,24.0,4634.74,12400.72,1.31,0.04,1027.63,54.28,24658.71,46.52,-60.75,478223.64,6123848.72,1389.24,0.11,48.4,230.11,9.79,0.26,0.05,1298,43.7,504.84,proton
2,44201467,0,0,1,37.81,0.54,85.57,0.66,15.31,35.28,244.0,2.49,0.644,0.045,0.537,0.036,713.81,11.3,4947.06,10586.01,0.99,0.03,25284.26,41.75,1739.95,63.99,-87.55,502521.03,6101005.73,1362.14,0.16,25.62,215.12,8.65,0.24,0.05,911,88.16,154.83,iron
4,879776297,1,1,1,29.8,0.12,170.57,0.9,11.46,-15.02,287.28,-25.65,9.032,0.663,7.851,0.573,734.47,7.02,3995.59,12791.6,13.66,0.17,-17998.91,19.08,13142.34,32.67,41.23,459236.11,6112292.61,1479.8,0.06,90.0,227.97,7.42,0.26,0.05,912,394.35,499.04,iron
2,627172477,0,1,1,41.67,0.32,296.23,0.71,299.74,-50.37,18.0,-66.63,3.69,0.289,3.185,0.246,727.39,16.33,5207.98,17451.44,5.38,0.19,4677.44,43.24,5475.8,58.78,-17.21,481917.57,6104687.64,1387.16,0.07,93.33,235.0,9.88,0.24,0.05,1517,213.27,255.76,iron
3,278617714,1,1,1,58.43,0.29,25.07,0.68,20.77,21.7,258.13,-0.32,5.143,0.364,4.432,0.309,702.22,17.09,8002.31,18418.99,8.06,0.19,4862.03,134.42,17094.83,45.7,-39.92,482073.0,6116300.33,1385.07,0.07,44.93,218.27,5.78,0.24,0.04,1431,367.62,568.1,iron
1,423638404,1,1,1,41.76,0.8,97.97,0.59,336.58,65.35,206.3,6.05,2.761,0.205,2.378,0.173,737.82,18.98,5092.64,17270.54,4.4,0.15,-7354.82,68.8,-17225.91,70.14,-40.95,469949.62,6081970.82,1387.84,0.11,41.22,214.51,9.2,0.27,0.05,200,397.02,407.69,iron
1,902774148,1,0,1,28.61,0.43,48.12,0.83,34.28,-31.34,311.79,-12.67,4.434,0.331,3.837,0.283,824.88,10.09,2926.11,11372.42,6.83,0.11,-7629.83,42.31,-25762.44,27.35,-74.67,469696.02,6073437.11,1380.72,0.09,39.02,222.84,8.06,0.26,0.04,302,143.75,433.38,proton
4,306275043,0,1,1,54.56,0.63,72.95,0.48,94.14,-39.93,350.04,17.78,3.971,0.294,3.42,0.249,695.65,25.81,7258.73,26082.6,5.61,0.22,-17475.98,117.64,26402.02,115.37,-18.66,459725.46,6125546.38,1460.64,0.17,22.73,241.42,8.54,0.28,0.05,1043,92.31,117.88,iron
3,295112895,0,0,1,19.6,0.41,251.5,1.22,326.39,1.91,234.48,-53.21,0.632,0.045,0.528,0.036,681.07,14.16,3922.93,7653.12,0.94,0.02,4368.09,18.5,28489.11,35.36,-74.62,481550.96,6127687.39,1387.43,0.11,43.08,223.64,9.95,0.26,0.05,1284,343.84,715.07,iron
3,163744566,0,0,1,37.76,0.47,234.08,0.75,312.47,2.17,211.78,-59.29,0.9,0.062,0.757,0.05,641.47,14.54,5704.85,13646.2,1.31,0.04,907.79,43.66,25454.89,67.96,-60.75,478100.48,6124645.9,1389.23,0.16,28.87,229.46,8.45,0.26,0.05,1298,243.86,321.79,iron
2,617845700,1,1,1,44.66,0.68,112.95,0.75,20.28,36.99,244.57,6.81,3.158,0.226,2.722,0.191,670.82,12.56,6146.78,21090.71,5.06,0.18,7923.83,81.95,4402.7,89.65,-22.22,485164.91,6103622.74,1383.28,0.14,29.35,213.4,7.82,0.24,0.05,1720,447.17,780.76,iron
2,493899096,0,0,1,24.1,0.41,231.09,1.46,336.64,-6.3,256.0,-51.81,0.789,0.069,0.663,0.057,824.15,18.99,2670.35,8683.63,1.17,0.05,23006.13,28.53,4299.86,24.29,-85.3,500237.25,6103557.97,1359.94,0.06,81.11,224.12,11.14,0.26,0.05,776,621.09,621.39,proton
2,903287308,0,0,1,25.9,0.38,57.29,1.01,46.3,-50.18,333.18,-12.62,0.882,0.061,0.743,0.049,643.44,11.88,4719.39,11508.5,1.29,0.03,25038.07,31.89,4097.07,48.22,-93.59,502269.26,6103361.45,1357.32,0.11,35.35,229.18,8.81,0.26,0.05,771,30.71,182.9,iron
1,786054449,0,0,1,61.86,0.37,352.48,1.0,212.27,-54.85,51.09,-21.53,1.898,0.143,1.617,0.12,760.83,22.54,8120.62,16751.94,2.75,0.09,-29361.09,211.19,-10410.81,178.57,-25.53,447940.89,6088725.03,1451.14,0.04,66.61,233.06,10.18,0.25,0.05,1247,18.48,523.39,iron
1,979765246,1,0,1,56.18,0.68,294.19,1.43,283.46,-38.63,62.71,-70.08,1.606,0.126,1.367,0.106,723.56,29.46,7289.23,17289.29,2.36,0.09,-5714.58,101.53,-21994.4,210.57,-59.68,471603.19,6077203.59,1384.37,0.06,36.36,229.52,10.22,0.25,0.05,324,494.45,617.56,iron
2,222932540,1,0,1,44.29,0.54,136.87,0.49,49.98,-32.42,319.03,-1.39,1.165,0.079,0.986,0.065,843.58,15.83,4355.33,13069.59,1.67,0.05,11034.28,49.38,-6720.78,44.33,-37.99,488300.75,6092515.14,1375.57,0.11,34.52,233.8,8.05,0.24,0.05,555,490.9,653.59,proton
2,205923680,1,0,1,44.9,0.31,359.02,0.54,218.54,-53.52,53.51,-24.73,1.438,0.097,1.223,0.08,743.24,12.84,5387.06,10640.24,2.18,0.05,21287.3,38.19,4559.93,29.48,-70.09,498517.18,6103814.41,1364.75,0.1,49.98,222.59,7.95,0.25,0.05,751,462.67,537.68,iron
4,374620932,1,0,1,36.96,0.48,28.2,0.95,66.22,-66.84,353.13,-13.13,1.937,0.141,1.66,0.119,750.81,14.95,4419.53,15252.0,2.74,0.09,-18965.99,71.21,16058.9,47.45,51.21,458262.47,6115205.12,1500.14,0.12,32.45,240.4,9.26,0.24,0.05,903,41.84,124.93,iron
4,590472677,0,0,1,65.33,0.19,217.04,0.6,344.83,-3.34,259.57,-43.46,15.472,1.127,13.389,0.974,775.14,17.37,8718.32,23117.09,20.9,0.31,-21268.84,91.91,2604.75,75.04,26.24,455997.54,6101755.73,1460.36,0.11,25.6,254.23,4.04,0.25,0.03,594,332.46,332.52,iron
1,785549948,1,0,1,26.3,0.35,149.88,0.97,33.42,-49.03,328.67,-19.84,1.041,0.081,0.881,0.067,801.96,15.38,3043.39,8530.4,1.52,0.04,-9244.54,21.27,-25903.1,24.32,-74.26,468084.07,6073292.47,1383.01,0.07,79.04,229.5,10.62,0.25,0.05,329,259.19,635.17,iron
4,360518464,1,0,1,42.99,0.41,200.44,0.58,333.76,15.35,231.73,-38.05,2.268,0.162,1.948,0.137,700.07,13.35,5656.95,12851.31,3.49,0.1,-25089.81,52.76,4583.63,40.22,35.48,452168.11,6103720.36,1489.5,0.07,56.98,221.42,9.42,0.26,0.05,634,563.15,596.76,iron
3,148660223,1,0,1,40.69,0.45,3.63,0.44,46.66,-77.95,0.06,-23.69,2.096,0.145,1.799,0.121,725.74,15.17,5222.46,15202.02,3.02,0.09,3802.84,54.57,20357.43,29.16,-48.49,481005.13,6119558.1,1384.16,0.07,53.06,236.54,8.28,0.26,0.05,1411,239.13,482.61,iron
1,295235346,0,0,1,40.98,0.68,31.56,0.53,84.17,-67.67,358.92,-9.1,0.73,0.05,0.611,0.04,782.5,9.17,4674.73,10349.43,1.05,0.03,-12956.05,72.22,-22580.28,66.69,-63.63,464366.77,6076605.23,1391.35,0.19,21.07,231.76,7.69,0.24,0.04,419,92.37,338.59,proton
3,872330590,0,0,1,37.58,0.79,350.54,1.14,246.04,-79.47,23.31,-32.49,1.727,0.132,1.477,0.112,775.94,23.17,4365.7,18550.35,2.51,0.11,14737.3,66.27,22795.6,66.08,-89.88,491926.8,6122022.49,1366.81,0.1,39.8,233.5,9.9,0.24,0.05,1543,218.9,304.07,iron
3,910202828,1,0,1,40.83,0.55,23.14,0.61,149.78,-74.24,20.09,-12.9,2.48,0.165,2.134,0.139,817.34,12.66,4319.22,15524.97,3.51,0.08,16131.11,57.55,30531.95,50.14,-109.84,493300.47,6129757.07,1382.85,0.11,34.43,241.82,7.13,0.22,0.04,1489,182.36,257.8,proton
1,705599438,1,0,1,58.39,0.26,355.68,0.91,218.68,-38.95,68.75,-20.85,1.145,0.078,0.965,0.064,787.06,19.93,7330.34,13948.04,1.64,0.05,-19125.43,98.99,-17341.2,35.45,-48.15,458188.56,6081824.63,1405.34,0.09,32.55,232.86,9.6,0.27,0.06,369,53.76,370.48,proton
2,423079124,0,0,1,36.31,0.7,266.15,1.26,316.56,-13.49,238.6,-71.34,0.867,0.069,0.729,0.057,693.27,25.63,5153.18,11539.99,1.27,0.05,12375.33,67.29,3515.81,74.06,-37.31,489615.55,6102748.62,1375.43,0.06,76.57,227.71,10.69,0.26,0.05,1008,325.64,412.01,iron
2,513485854,0,0,1,20.76,0.55,84.6,1.22,26.2,-19.74,297.85,-14.61,0.835,0.062,0.703,0.051,717.75,17.17,3722.81,8290.34,1.25,0.04,13710.11,32.87,-4269.1,30.08,-43.8,490969.13,6094972.01,1373.1,0.08,59.12,223.68,10.41,0.26,0.05,728,484.84,522.17,iron
2,259976812,0,0,1,32.35,0.6,250.92,0.69,323.7,-10.41,246.31,-64.26,0.83,0.061,0.698,0.05,657.02,17.24,5228.89,12597.43,1.22,0.05,10603.79,41.69,-4333.62,53.02,-33.68,487864.68,6094898.96,1377.39,0.09,45.73,226.65,10.37,0.26,0.05,686,383.38,492.23,iron
1,725237814,0,0,1,25.99,0.42,112.72,1.44,26.21,-11.31,290.01,-11.04,0.644,0.048,0.538,0.039,693.84,15.69,4307.18,11407.73,0.95,0.03,-21337.13,41.06,-18229.83,52.46,-51.13,455979.13,6080929.54,1407.2,0.11,35.85,224.21,10.41,0.27,0.05,365,760.5,800.24,iron
1,706037547,0,0,1,39.23,0.47,98.89,0.58,16.77,35.15,244.74,3.43,0.744,0.051,0.623,0.041,777.54,11.59,4558.21,10185.72,1.07,0.03,-22292.78,40.26,-21303.35,53.26,-70.85,455030.69,6077859.69,1407.16,0.15,24.8,231.74,8.32,0.24,0.05,371,677.31,717.46,iron
4,745632767,1,0,0,51.5,0.42,108.6,0.72,30.35,38.0,247.24,14.43,1.093,0.075,0.922,0.062,722.37,17.94,6792.15,14323.57,1.52,0.05,-21097.42,45.84,18956.06,85.37,55.91,456125.8,6118092.08,1516.6,0.08,37.45,240.7,8.76,0.26,0.05,919,266.07,473.22,iron
3,915127028,0,0,1,35.33,0.96,200.53,0.86,353.06,-8.96,271.66,-39.39,1.117,0.083,0.946,0.069,775.36,15.07,4149.76,14874.71,1.7,0.06,1282.85,67.86,21516.54,47.73,-45.81,478485.12,6120710.39,1390.1,0.09,49.29,221.34,9.39,0.26,0.05,1291,497.15,543.84,iron
3,933503490,0,0,1,17.67,0.35,117.03,1.56,2.65,14.04,255.2,-18.95,0.843,0.062,0.71,0.051,695.81,15.99,3722.5,8025.0,1.25,0.03,10538.84,24.73,30279.63,24.0,-86.08,487713.11,6129491.03,1394.29,0.07,75.7,224.76,10.55,0.26,0.05,1359,163.6,334.98,iron
2,807256447,0,0,1,39.63,1.08,20.73,0.83,31.7,-32.15,311.65,-15.0,1.782,0.147,1.524,0.125,683.83,30.29,5522.05,17362.47,2.64,0.1,17803.29,106.19,10949.14,52.3,-75.54,495022.66,6110191.3,1360.15,0.1,63.0,228.76,9.88,0.26,0.05,1706,421.19,538.26,iron
1,823215992,0,0,1,53.79,0.6,214.22,1.15,318.4,14.89,214.39,-45.38,1.637,0.135,1.394,0.114,746.15,27.63,6836.73,15759.03,2.46,0.09,-15970.9,204.44,-8881.96,113.63,-8.77,461319.8,6090288.21,1415.73,0.04,77.87,225.13,10.78,0.25,0.05,161,357.48,365.68,iron
1,631353700,1,0,1,35.14,0.63,137.92,0.68,22.02,1.2,276.76,-9.14,1.883,0.136,1.614,0.114,702.49,15.16,4842.41,15716.43,2.83,0.09,-15765.59,58.44,-13597.17,56.07,-30.78,461533.09,6085576.73,1406.78,0.09,41.89,226.09,8.34,0.24,0.05,435,946.35,1106.38,iron
3,291908013,0,0,1,32.63,0.79,190.16,0.74,304.33,28.69,194.34,-34.16,1.353,0.108,1.151,0.091,784.01,17.46,3725.22,13967.04,2.02,0.08,7015.86,55.18,21488.88,34.81,-57.71,484215.22,6120697.16,1380.93,0.07,64.11,225.69,10.05,0.25,0.05,1353,538.46,556.84,proton
2,74786512,0,0,1,38.89,0.51,220.71,0.67,318.75,8.05,218.63,-51.62,0.732,0.052,0.613,0.041,709.04,15.71,5085.68,12536.18,1.08,0.04,12330.36,56.56,-5807.6,42.76,-36.38,489594.7,6093431.26,1377.13,0.16,29.2,225.26,9.73,0.27,0.05,578,174.54,624.48,iron
2,252488767,1,0,1,29.57,0.41,353.4,1.18,233.13,-51.37,57.32,-33.23,1.155,0.093,0.979,0.078,827.61,16.06,3027.46,11095.12,1.73,0.06,12452.26,29.48,2639.93,32.48,-37.31,489694.65,6101873.31,1375.42,0.07,88.1,224.22,9.67,0.26,0.05,1008,232.92,368.15,proton
2,725965811,1,0,1,23.19,0.22,288.33,1.36,332.34,-8.67,254.82,-56.64,1.206,0.086,1.024,0.072,671.77,12.92,4253.93,10410.95,1.82,0.04,19234.76,32.02,6291.61,22.95,-68.22,496463.87,6105539.64,1364.28,0.07,83.62,223.83,9.68,0.25,0.05,778,55.7,543.72,iron
3,52480276,0,0,1,60.99,0.3,111.09,0.64,32.45,59.18,226.62,22.82,6.999,0.539,6.036,0.462,731.97,16.76,8167.86,22178.43,9.88,0.24,-7985.97,180.86,9666.56,134.39,3.97,469251.52,6108843.67,1415.99,0.04,74.28,242.53,7.17,0.24,0.05,1213,98.19,105.71,iron
4,52481003,0,0,1,61.47,0.36,110.42,0.85,33.84,58.95,227.06,23.45,6.783,0.508,5.847,0.434,716.63,19.23,8410.77,21421.46,9.75,0.23,-8086.2,117.31,9350.37,227.03,3.97,469151.91,6108528.01,1416.0,0.04,59.42,237.94,7.27,0.25,0.05,1213,135.38,288.6,iron
4,353487805,1,0,1,47.34,0.28,5.22,0.56,215.71,-41.73,65.17,-19.61,1.907,0.123,1.632,0.103,674.51,10.24,6487.4,12230.31,2.92,0.06,-27691.55,34.28,8578.63,40.07,59.27,449562.43,6107707.54,1526.64,0.13,27.32,221.36,6.25,0.29,0.04,591,370.23,384.37,iron
4,653052594,1,0,0,36.43,0.48,321.72,0.6,288.95,-66.37,21.49,-49.81,1.078,0.072,0.912,0.058,673.14,8.93,5220.92,11072.56,1.61,0.04,-24384.59,65.8,12550.84,31.07,84.19,452856.95,6111684.51,1545.09,0.14,26.37,224.65,7.74,0.26,0.05,1840,156.28,368.59,iron
2,588599791,0,0,1,42.65,1.02,96.81,1.42,67.95,-37.61,332.01,7.25,0.967,0.071,0.815,0.058,680.47,23.59,5909.85,18328.93,1.44,0.05,26296.11,118.2,8415.83,121.8,-102.65,503515.75,6107678.76,1355.15,0.13,30.43,224.77,8.7,0.26,0.04,767,270.72,442.71,iron
4,68605860,0,1,1,55.0,0.45,121.42,0.86,54.38,-10.08,302.1,13.92,2.519,0.198,2.161,0.167,841.29,19.96,6131.24,17746.42,3.67,0.14,-11632.83,108.69,5516.51,146.49,15.71,465617.05,6104687.66,1428.8,0.06,96.35,233.72,10.14,0.25,0.05,1850,114.87,118.01,proton
3,273057245,0,0,1,53.41,0.45,302.07,0.98,326.04,-45.46,333.88,-64.05,0.887,0.064,0.744,0.052,638.22,22.0,7926.95,14889.56,1.33,0.05,-1056.2,73.39,28870.51,64.95,-49.64,476125.3,6128059.15,1411.27,0.15,22.95,221.94,8.77,0.26,0.05,1279,732.64,754.05,iron
4,786273137,1,0,1,56.87,0.2,37.94,0.59,96.38,-53.59,357.38,6.06,1.508,0.098,1.281,0.081,823.44,14.1,6714.39,12572.91,2.04,0.05,-27689.63,56.76,5284.27,35.06,45.35,449573.68,6104417.26,1509.91,0.08,38.32,248.38,7.09,0.28,0.05,632,126.32,610.82,proton
4,776397335,1,1,1,32.01,0.33,313.05,0.58,318.53,-62.1,0.64,-53.53,2.651,0.184,2.285,0.155,769.78,9.42,3885.98,8445.97,3.99,0.06,-26956.95,23.36,21686.61,24.8,71.33,450261.03,6120810.3,1562.49,0.08,61.29,227.16,8.42,0.25,0.05,1030,432.4,436.05,proton
2,491299726,1,0,1,43.82,0.49,147.2,0.92,64.6,-55.38,343.75,-6.31,1.25,0.087,1.06,0.071,839.36,13.67,4398.88,14388.2,1.77,0.06,13150.78,84.98,2588.6,75.71,-43.4,490391.42,6101824.7,1372.46,0.17,25.21,237.32,9.05,0.26,0.05,773,780.07,793.5,proton
2,66189672,0,1,1,51.09,1.08,98.38,0.66,24.87,49.79,234.42,15.53,8.76,0.671,7.59,0.578,738.25,33.64,6461.63,30875.71,13.64,0.5,468.73,148.27,10060.31,172.93,-12.58,477699.93,6109258.14,1394.72,0.12,35.02,220.53,7.44,0.28,0.04,1426,37.44,713.53,iron
3,66132885,1,1,1,50.01,0.18,98.82,0.63,23.18,49.51,234.21,14.42,10.089,0.72,8.751,0.621,731.03,9.4,6365.65,19809.53,14.49,0.28,518.35,85.26,10244.27,38.49,-12.58,477749.11,6109441.81,1394.73,0.07,106.21,239.65,6.86,0.25,0.05,1426,678.79,728.73,proton
4,815452347,0,0,1,48.62,0.59,259.72,1.43,312.33,-21.82,253.04,-79.94,6.414,0.491,5.549,0.422,797.72,16.75,5503.45,30375.53,9.44,0.32,-30749.86,116.91,-10582.14,138.66,-25.53,446553.37,6088557.24,1451.24,0.14,28.62,233.09,7.86,0.26,0.04,1247,1064.17,1093.82,iron
4,515087187,1,0,1,30.65,0.43,250.23,0.69,320.74,-50.97,348.13,-62.6,1.765,0.119,1.512,0.1,726.53,8.48,4183.76,9543.52,2.61,0.05,-32464.23,18.88,7348.84,55.59,56.43,444794.74,6106468.17,1539.92,0.14,30.84,229.97,8.2,0.24,0.05,617,597.69,666.04,iron
3,23186604,1,0,1,27.63,0.44,116.58,0.68,90.69,-69.79,2.09,-9.67,1.332,0.095,1.134,0.079,729.87,13.04,3913.04,10523.76,1.95,0.05,-5697.14,33.58,30906.06,30.52,49.57,471484.79,6130077.6,1530.75,0.07,55.19,230.57,9.88,0.24,0.05,1547,545.35,695.3,iron
3,454092637,0,0,1,63.0,0.51,36.51,2.15,115.24,-52.62,8.13,9.96,1.013,0.078,0.849,0.063,735.57,29.19,8792.84,17738.55,1.51,0.06,6578.17,393.18,19487.15,179.59,-56.88,483785.0,6118697.74,1378.37,0.05,42.56,222.28,10.99,0.26,0.05,1379,326.66,331.02,iron
1,432815060,0,1,1,44.67,0.67,268.7,0.58,313.62,-30.35,304.37,-80.1,3.173,0.231,2.735,0.195,794.57,18.56,4906.35,18937.36,4.84,0.15,519.7,35.28,-25024.84,95.95,-75.64,477839.15,6074193.29,1375.8,0.07,62.78,224.18,7.9,0.27,0.05,355,363.47,436.57,proton
2,396017004,0,0,1,39.75,0.5,81.09,1.36,109.4,-57.87,5.69,4.25,2.387,0.18,2.053,0.152,723.66,15.69,4972.41,21384.54,3.52,0.13,28705.02,80.06,12027.2,92.05,-123.66,505913.66,6111293.85,1349.94,0.13,32.09,231.58,9.07,0.26,0.05,737,499.26,535.63,iron
2,635878428,0,0,1,29.18,0.43,145.0,0.75,47.36,-58.78,341.38,-15.96,0.712,0.048,0.596,0.038,680.64,10.28,4480.33,10629.93,1.04,0.03,18432.74,31.36,3367.87,52.92,-60.43,495669.77,6102615.75,1366.74,0.12,35.72,227.03,7.97,0.26,0.04,761,177.47,366.12,iron
3,604653148,0,0,1,34.82,0.46,328.2,0.85,318.97,-70.32,5.18,-45.85,0.846,0.058,0.711,0.047,694.27,13.03,4891.59,13084.94,1.24,0.04,9890.8,51.4,26718.26,57.55,-86.39,487073.18,6125931.12,1375.46,0.12,28.61,228.17,8.92,0.24,0.05,1381,529.58,531.19,iron
3,775012315,0,0,1,30.14,0.52,90.49,1.61,48.54,-37.23,322.54,-4.89,0.683,0.053,0.571,0.043,735.22,29.04,4058.96,10808.49,1.0,0.04,-2156.05,44.83,24545.53,33.5,-45.13,475040.35,6123727.31,1400.17,0.08,91.58,227.65,9.97,0.26,0.05,1096,23.83,729.75,iron
2,960965659,0,0,1,27.86,0.59,242.46,1.57,339.27,-31.79,300.14,-58.17,1.085,0.081,0.919,0.067,740.85,15.83,3830.54,13959.91,1.59,0.06,11771.71,55.84,-12436.61,51.82,-51.91,489052.14,6086803.7,1372.53,0.1,39.71,229.38,8.9,0.24,0.04,547,470.36,593.2,proton
3,285217819,1,0,1,49.92,0.41,256.71,0.49,316.08,-28.18,291.03,-78.32,1.238,0.081,1.048,0.066,705.68,15.16,6553.47,14967.02,1.77,0.04,9526.77,51.7,27516.07,52.94,-86.39,486709.81,6126732.26,1375.54,0.16,21.67,235.12,5.59,0.26,0.04,1381,556.01,730.12,iron
2,932036867,0,0,1,49.84,0.79,219.04,1.27,346.35,-20.73,283.33,-50.0,1.466,0.116,1.246,0.098,800.77,24.11,5648.93,23280.75,2.14,0.12,10979.28,134.13,-19125.77,144.71,-65.8,488276.55,6080116.6,1373.37,0.18,23.24,230.84,8.66,0.24,0.05,500,443.91,476.43,proton
2,131933302,0,0,1,44.07,0.83,271.57,0.65,314.92,-27.61,288.22,-79.35,1.703,0.138,1.455,0.117,764.14,24.23,5340.41,17028.62,2.49,0.1,7950.65,65.45,-10323.14,104.37,-34.03,485228.42,6088907.55,1378.64,0.07,41.52,232.12,9.35,0.24,0.05,573,260.43,261.27,iron
2,457198585,0,0,1,44.48,0.72,126.05,0.85,57.99,-34.63,324.58,2.92,0.989,0.07,0.833,0.057,658.01,18.43,6541.18,16669.92,1.41,0.06,11966.48,106.22,755.27,92.54,-37.21,489213.44,6099989.2,1374.81,0.15,19.85,234.88,8.46,0.24,0.05,726,91.03,390.01,iron
1,906125244,1,0,1,45.67,0.53,62.32,0.55,60.54,-31.67,323.49,6.41,1.234,0.088,1.046,0.073,759.18,18.12,5587.92,15896.42,1.91,0.07,-21227.44,57.03,-15799.05,74.09,-45.98,456082.98,6083362.67,1411.12,0.14,32.4,217.43,9.89,0.24,0.05,363,284.97,443.71,iron
4,108889300,0,0,1,46.05,0.23,125.83,0.74,63.32,-37.82,329.75,4.36,2.405,0.172,2.066,0.145,713.4,14.74,6116.69,13137.91,3.51,0.08,-26662.16,63.61,-989.66,34.94,32.97,450611.51,6098150.15,1491.84,0.08,102.07,233.64,9.67,0.26,0.05,1337,611.07,631.89,iron
2,918094018,1,0,1,40.49,0.52,147.12,0.61,50.39,-47.05,331.74,-8.73,1.384,0.098,1.177,0.081,682.44,16.19,5693.74,15156.61,2.03,0.07,10236.37,63.29,-5702.81,52.93,-32.64,487500.99,6093530.23,1378.28,0.15,28.71,230.31,8.57,0.27,0.05,571,329.43,400.88,iron
2,557920998,0,0,1,43.2,0.51,71.31,0.75,45.25,-9.84,297.3,6.26,0.683,0.05,0.57,0.04,680.54,16.19,6006.53,11688.24,0.99,0.04,18691.35,40.61,1821.78,67.47,-61.12,495932.37,6101072.57,1367.83,0.23,25.33,227.92,8.53,0.26,0.05,758,306.62,473.47,iron
4,443944512,1,0,1,44.33,0.42,192.19,0.76,14.17,-49.52,326.29,-32.19,1.619,0.122,1.382,0.102,769.42,19.65,5189.69,10595.57,2.39,0.07,-22297.64,48.93,7844.12,56.78,49.58,454953.17,6106986.89,1493.29,0.06,78.85,229.73,10.91,0.26,0.05,665,362.33,429.7,iron
2,365711903,1,0,0,23.19,0.91,174.62,1.78,18.91,-72.58,353.26,-29.98,4.514,0.498,3.91,0.43,880.55,21.22,2059.54,12957.48,7.34,0.32,14208.77,40.27,5657.61,41.05,-45.16,491442.79,6104893.53,1372.42,0.07,56.54,209.85,13.23,0.39,0.06,1010,279.08,299.92,proton
3,541215846,0,0,1,50.51,0.82,319.28,1.16,269.64,-58.53,39.96,-51.02,0.733,0.056,0.612,0.045,720.33,26.49,6399.2,15007.15,1.08,0.05,-2953.52,138.13,24780.08,100.34,-48.38,474244.26,6123959.86,1402.22,0.09,40.56,223.95,10.03,0.25,0.05,1094,322.68,329.61,iron
3,81221189,1,0,1,25.3,0.36,324.67,1.18,352.73,-49.18,326.79,-46.11,1.744,0.123,1.495,0.104,760.48,11.46,3437.22,11936.1,2.55,0.06,13909.33,48.82,31555.02,31.41,-93.18,491078.38,6130774.11,1400.61,0.1,37.41,233.11,8.12,0.23,0.04,1144,56.6,73.07,proton
2,965816606,1,0,1,49.67,0.31,300.6,0.52,285.01,-47.27,43.02,-65.44,1.453,0.098,1.235,0.081,805.13,14.1,5571.14,12517.87,2.13,0.06,9580.02,29.99,-7363.51,57.18,-33.68,486849.16,6091869.14,1377.46,0.08,56.04,230.43,7.94,0.25,0.05,508,19.5,213.64,iron
2,180177866,0,0,1,24.47,0.75,14.86,1.04,213.58,-72.51,32.39,-25.97,0.877,0.075,0.739,0.062,838.18,17.9,2610.2,9642.19,1.31,0.05,22080.05,33.52,4681.58,38.64,-76.87,499311.39,6103937.94,1362.96,0.07,55.89,224.21,10.4,0.27,0.05,777,73.3,399.65,iron
2,903403904,0,0,1,45.57,1.11,253.65,0.89,318.21,-35.46,319.21,-74.54,0.787,0.062,0.659,0.05,712.43,29.91,5904.42,15152.57,1.15,0.06,10847.02,83.25,-8186.41,120.98,-37.99,488117.9,6091050.52,1375.58,0.1,33.25,227.2,8.41,0.25,0.04,555,576.55,577.76,iron
2,946164707,1,0,1,40.35,0.51,203.62,0.46,357.94,-59.44,339.53,-40.7,1.234,0.081,1.046,0.066,665.59,10.44,5779.27,11053.29,1.75,0.04,15323.29,64.46,-6012.12,23.43,-48.44,492586.87,6093234.36,1371.26,0.25,21.51,237.3,7.71,0.26,0.05,760,62.54,555.15,iron
4,254382604,1,0,1,39.6,0.38,44.63,0.44,57.24,-46.53,333.89,-4.53,11.581,0.834,10.071,0.722,702.01,9.69,5359.43,16185.64,17.12,0.24,-24300.75,51.41,473.42,36.02,23.78,452971.64,6099617.62,1473.39,0.06,61.78,232.85,5.45,0.3,0.04,1340,584.35,766.51,iron
1,325079488,1,0,1,25.08,0.39,61.56,0.82,46.05,-50.2,333.13,-12.77,1.625,0.111,1.39,0.093,674.11,9.97,4431.83,11200.48,2.41,0.05,-20335.57,28.25,-17874.38,40.45,-51.13,456978.7,6081289.17,1407.16,0.1,41.28,229.17,8.48,0.24,0.05,365,314.43,400.17,iron
1,489758113,1,1,1,51.23,0.89,28.69,0.52,178.86,-52.34,43.32,-3.23,6.747,0.532,5.835,0.457,759.07,32.95,6312.91,25841.24,9.88,0.36,-17262.65,158.09,-5636.04,81.39,-0.99,460018.12,6093527.25,1424.23,0.11,39.11,234.22,8.28,0.26,0.05,188,280.82,588.71,iron
4,993464854,1,0,1,29.8,0.39,265.37,0.82,322.27,-47.3,341.06,-64.77,1.435,0.098,1.224,0.082,659.02,10.99,4880.55,8883.31,2.1,0.04,-26275.68,37.35,10693.44,31.73,77.8,450970.44,6109823.38,1542.64,0.14,41.94,231.53,8.8,0.26,0.05,650,40.73,394.01,iron
4,833767463,1,0,1,27.34,0.41,183.9,0.59,356.77,-80.33,3.61,-32.53,7.24,0.542,6.285,0.467,736.21,9.67,3840.6,11913.95,11.06,0.18,-26979.3,29.76,3993.85,28.3,41.51,450282.93,6103127.12,1501.81,0.07,66.08,224.44,8.58,0.36,0.06,626,194.44,551.52,iron
3,422555499,0,0,1,44.24,1.08,259.79,1.1,299.11,-40.01,25.73,-76.74,0.696,0.061,0.581,0.05,716.79,31.37,5689.26,12003.11,1.07,0.05,9827.56,94.23,29193.41,97.01,-90.55,487005.19,6128405.24,1382.6,0.12,32.59,215.88,13.81,0.26,0.06,1348,308.43,388.26,proton
3,437543037,0,0,1,44.63,0.62,211.3,0.6,342.13,-2.29,256.17,-45.03,2.012,0.141,1.725,0.119,773.6,17.78,5166.56,15510.68,3.05,0.1,12414.19,72.4,22841.84,56.79,-84.88,489605.59,6122062.53,1368.59,0.09,57.5,224.0,8.66,0.28,0.05,1542,299.09,772.14,iron
2,14555079,0,0,1,49.93,0.68,53.27,0.87,77.85,-44.38,342.17,7.48,0.837,0.079,0.702,0.065,694.21,32.96,6792.06,19151.12,1.24,0.08,26980.61,100.97,6046.24,147.65,-106.21,504206.57,6105315.4,1355.02,0.33,22.58,224.45,9.55,0.26,0.05,748,572.8,626.57,iron
3,156251613,0,0,1,64.18,0.34,9.43,1.46,227.21,10.87,119.16,-7.44,1.614,0.115,1.368,0.095,786.48,20.54,8635.08,15914.12,2.3,0.07,-2845.33,253.25,20878.66,172.43,-35.47,474362.96,6120062.76,1400.58,0.05,40.26,236.71,9.35,0.24,0.05,1200,45.75,351.03,proton
3,650088848,1,1,1,25.65,0.64,47.14,0.69,32.72,-33.84,313.61,-14.88,3.094,0.224,2.672,0.19,692.24,11.47,4215.16,15102.13,4.77,0.12,17087.99,35.93,30413.81,46.81,-119.0,494258.22,6129642.16,1377.69,0.08,50.22,222.25,8.44,0.26,0.05,1471,60.85,617.98,iron
1,689495398,0,0,1,39.15,0.49,92.69,0.65,58.31,-33.71,323.99,3.68,0.772,0.054,0.647,0.043,653.85,13.5,5806.2,12067.17,1.17,0.04,-12586.47,48.45,-21020.81,51.53,-58.01,464730.82,6078165.35,1390.93,0.14,28.59,218.95,8.9,0.26,0.05,342,443.44,490.26,iron
1,792885124,0,0,1,26.04,0.37,358.42,1.01,358.57,-80.65,3.75,-32.11,0.918,0.069,0.774,0.057,735.59,12.81,3744.81,9530.04,1.43,0.04,-10042.07,45.02,-27146.36,22.47,-81.83,467288.14,6072048.48,1381.77,0.11,35.56,215.24,11.35,0.27,0.06,325,307.5,634.92,iron
1,508577484,0,0,1,42.54,0.5,46.15,0.92,180.81,-48.75,46.83,-1.77,0.745,0.05,0.624,0.04,749.42,12.25,5068.55,9373.16,1.09,0.03,-12131.12,68.0,-27493.51,21.85,-83.04,465200.97,6071694.8,1385.77,0.16,27.06,226.27,8.2,0.25,0.05,386,539.17,717.48,iron
2,949280216,1,0,1,47.49,0.64,17.78,0.62,211.14,-30.18,74.85,-11.84,3.116,0.25,2.684,0.212,929.67,21.13,4080.21,16704.81,4.64,0.16,12324.89,77.35,9559.34,55.73,-50.11,489551.62,6108788.68,1370.56,0.07,66.78,229.53,9.5,0.24,0.05,1708,449.61,603.16,proton
2,307228149,1,0,1,33.6,0.4,132.95,0.79,172.55,-63.49,32.98,-8.66,1.222,0.085,1.037,0.07,710.08,12.11,4541.58,8359.3,1.83,0.04,15411.59,46.08,-5104.07,17.4,-48.35,492671.79,6094141.39,1371.95,0.12,36.9,225.32,9.42,0.25,0.05,754,281.59,282.96,iron
4,465399584,1,0,0,29.49,0.41,35.53,0.73,217.65,-26.26,80.92,-15.51,1.037,0.073,0.877,0.06,702.21,11.51,4292.18,7546.78,1.56,0.03,-27644.54,24.24,9660.99,25.61,67.79,449604.47,6108788.75,1533.69,0.09,54.42,222.26,9.42,0.25,0.05,612,163.22,267.25,iron
2,86320343,0,0,1,29.06,0.49,64.7,0.83,39.32,-30.56,312.97,-8.43,0.753,0.055,0.631,0.045,693.0,16.28,4393.92,10374.07,1.11,0.03,11099.65,26.71,-4769.62,42.02,-33.68,488361.4,6094464.75,1377.37,0.07,68.63,226.03,9.69,0.26,0.05,686,17.01,228.24,iron
1,362378563,0,0,1,42.08,0.44,91.82,0.64,54.47,-23.83,313.93,6.58,0.893,0.063,0.751,0.051,684.74,14.5,5713.42,12172.91,1.36,0.04,-7608.34,35.76,-26560.79,57.11,-81.34,469719.95,6072641.31,1380.31,0.08,47.72,219.03,8.74,0.25,0.05,331,193.48,410.95,iron
1,818028490,0,0,1,47.64,0.45,56.37,0.57,76.76,-45.27,342.14,6.3,0.94,0.065,0.791,0.053,667.48,17.31,6613.9,13786.26,1.35,0.05,-9737.09,55.38,-26665.85,52.83,-81.83,467592.95,6072529.65,1381.74,0.15,23.75,232.82,8.67,0.28,0.05,325,139.74,341.9,iron
4,614615300,1,0,0,40.61,0.34,243.06,0.56,330.42,-28.27,291.97,-65.69,1.288,0.104,1.094,0.087,632.66,19.9,6139.75,10103.2,1.96,0.06,-21563.08,23.21,15500.2,40.01,66.68,455669.0,6114641.8,1519.68,0.09,70.61,221.13,10.18,0.24,0.05,918,570.52,642.55,iron
1,3856022,0,0,1,25.96,0.44,64.95,0.9,81.46,-69.85,359.4,-11.44,0.768,0.054,0.644,0.043,723.63,12.4,3845.63,8461.56,1.15,0.02,-23458.3,30.88,-21871.63,31.1,-70.85,453867.21,6077284.86,1407.15,0.09,49.95,222.62,9.27,0.26,0.05,371,495.98,534.69,iron
2,828793669,1,1,1,30.56,0.99,0.91,0.83,227.11,-49.93,58.55,-29.29,2.611,0.236,2.25,0.202,843.78,24.21,2923.24,16369.75,3.94,0.17,27031.14,55.6,10323.69,41.63,-115.64,504246.79,6109589.08,1352.35,0.07,58.41,226.58,9.94,0.26,0.05,682,186.54,549.9,proton
3,690185360,0,0,1,33.95,0.2,50.67,1.09,44.09,-35.25,319.03,-7.04,1.692,0.124,1.447,0.104,699.37,14.0,4690.89,13190.65,2.54,0.08,-6135.15,41.38,23439.07,37.31,-36.48,471066.91,6122613.52,1410.74,0.07,94.21,226.17,10.09,0.26,0.05,1090,156.41,584.53,iron
4,150904453,1,0,0,32.32,0.5,298.32,0.72,329.61,-47.85,334.91,-60.66,1.146,0.08,0.972,0.066,699.06,12.62,4554.97,12397.6,1.68,0.05,-35380.7,37.16,4891.22,46.41,86.4,441884.88,6104004.48,1583.35,0.1,39.06,229.09,8.75,0.26,0.05,648,544.36,571.67,iron
3,101001380,0,0,1,37.88,0.42,329.63,0.67,319.51,-71.16,5.38,-44.99,0.905,0.065,0.762,0.053,676.72,18.0,5303.34,10245.13,1.32,0.04,-3811.33,36.23,28183.33,37.64,-25.75,473375.53,6127360.87,1435.68,0.08,63.33,228.57,9.25,0.26,0.05,1382,528.95,528.96,iron
3,678066629,1,0,1,26.33,0.44,237.62,0.64,342.88,-32.95,302.35,-55.14,2.497,0.186,2.152,0.158,811.36,12.08,2971.49,11429.16,3.78,0.08,14804.9,28.0,32140.61,28.67,-87.56,491970.89,6131360.21,1414.23,0.06,65.38,225.79,8.43,0.26,0.04,1565,593.18,657.7,proton
2,752286213,0,0,1,40.35,0.66,220.3,0.78,347.25,-39.1,312.47,-51.42,0.641,0.048,0.534,0.038,768.67,19.33,4621.36,10903.92,0.95,0.03,14577.68,48.93,2023.54,50.19,-45.07,491820.28,6101262.64,1371.92,0.09,47.9,224.12,10.08,0.26,0.05,733,152.99,310.27,iron
2,314065190,0,0,1,35.13,0.53,171.55,0.8,28.26,-52.02,330.76,-23.83,0.813,0.058,0.683,0.047,649.72,15.81,5356.74,13011.15,1.17,0.04,12690.88,66.2,-9124.45,49.1,-45.77,489962.56,6090116.83,1373.65,0.13,31.1,232.32,9.75,0.26,0.05,580,185.93,561.17,iron
1,939642539,1,1,1,36.95,1.15,349.46,0.93,237.62,-30.66,82.5,-33.52,8.675,0.732,7.532,0.633,742.58,14.45,4560.78,22533.48,15.41,0.5,-3429.94,85.14,-12472.72,84.63,-22.71,473860.72,6086729.89,1391.07,0.1,49.22,193.08,8.96,0.34,0.05,132,397.34,603.28,iron
2,757368804,1,0,1,51.35,0.66,183.15,1.11,43.81,-74.62,356.38,-23.27,1.303,0.095,1.104,0.078,725.97,24.24,6567.71,14096.86,1.9,0.06,19629.3,132.82,5635.87,55.98,-68.75,496858.74,6104885.42,1364.74,0.09,35.93,230.9,8.81,0.26,0.05,750,165.85,183.98,iron
3,772926809,0,0,1,36.44,0.43,328.17,0.79,258.37,-12.56,113.1,-45.89,0.692,0.049,0.578,0.039,704.14,15.42,4904.27,10000.82,1.01,0.03,3409.38,27.56,27064.22,52.42,-64.99,480597.79,6126258.76,1396.32,0.11,37.16,228.12,9.75,0.26,0.05,1270,689.45,873.55,iron
2,573734131,1,0,1,28.15,0.64,103.83,1.13,182.77,-56.64,41.54,-7.75,2.387,0.166,2.056,0.14,732.04,7.8,3927.9,7550.97,3.66,0.06,17128.27,54.11,-803.87,47.09,-55.01,494376.27,6098444.13,1369.4,0.16,37.65,223.04,9.31,0.24,0.05,875,238.98,497.51,iron
2,405004295,0,0,1,64.81,0.36,339.96,0.92,227.17,-54.51,53.33,-29.89,8.191,0.63,7.059,0.539,798.28,24.49,8770.97,23364.38,12.23,0.31,13587.09,284.41,21844.27,180.21,-84.88,490783.52,6121067.63,1368.58,0.05,70.83,228.41,8.69,0.32,0.05,1542,101.17,539.77,iron
2,763510784,1,0,1,26.3,0.35,286.19,0.93,312.22,-56.53,2.65,-59.86,1.52,0.125,1.298,0.106,889.4,15.65,2239.04,8984.16,2.2,0.08,13910.6,22.96,407.07,23.12,-41.03,491157.68,6099645.55,1374.05,0.06,78.74,234.22,9.26,0.23,0.05,719,27.8,39.19,proton
2,540806474,1,1,1,36.35,0.35,290.08,0.52,278.71,-38.27,67.96,-66.88,2.864,0.204,2.469,0.172,767.18,10.58,4328.03,11826.61,4.43,0.1,9467.39,26.5,-3355.33,35.35,-30.54,486726.96,6095873.48,1378.46,0.07,68.88,221.24,8.69,0.24,0.05,679,57.29,630.38,iron
2,513652667,1,0,1,18.95,0.38,27.4,1.1,197.15,-83.16,20.13,-25.08,2.052,0.15,1.765,0.127,730.7,10.23,3419.55,8909.92,3.08,0.06,13385.17,23.9,-892.44,24.53,-37.43,490635.69,6098345.39,1376.12,0.07,71.57,227.26,10.07,0.25,0.05,724,111.31,251.09,proton
2,329015471,1,1,1,42.06,0.13,23.87,0.57,220.61,-11.66,95.8,-12.04,8.422,0.59,7.306,0.508,743.31,6.6,5169.2,12122.75,12.76,0.17,9285.65,25.36,-12964.61,31.72,-42.65,486568.73,6086270.2,1376.65,0.09,101.36,227.18,7.16,0.25,0.05,570,279.3,356.43,iron
2,362968707,0,1,1,57.22,0.18,280.26,0.74,293.25,-29.32,86.23,-81.19,8.545,0.657,7.39,0.565,803.23,10.16,6902.03,20640.77,13.88,0.3,21493.25,135.86,23614.27,61.47,-123.13,498677.61,6122856.89,1357.31,0.06,115.93,210.59,6.97,0.33,0.05,1581,49.15,93.37,proton
3,881471878,0,0,1,15.23,0.47,331.26,1.47,246.0,-52.85,55.01,-41.05,0.854,0.066,0.72,0.054,761.2,13.89,2950.2,7404.1,1.3,0.03,-1654.19,25.83,29688.72,25.8,-12.31,475529.78,6128869.39,1460.34,0.07,63.8,219.11,10.75,0.27,0.05,1507,551.38,653.79,iron
3,324942094,0,0,1,20.66,0.52,114.59,1.0,207.94,-45.86,59.02,-15.86,0.68,0.05,0.569,0.04,623.79,18.77,4831.59,8600.89,1.01,0.03,-3531.08,28.36,31610.53,28.31,26.67,473648.46,6130785.67,1506.73,0.09,58.5,223.3,8.68,0.25,0.04,1550,233.81,517.84,iron
1,637947322,1,0,1,36.2,0.39,355.54,0.54,227.06,-62.97,43.56,-30.33,1.787,0.122,1.53,0.102,797.68,11.05,4040.36,10749.5,2.63,0.05,-17188.9,32.92,-17136.02,33.83,-46.13,460123.58,6082034.57,1403.03,0.08,52.64,230.73,7.72,0.24,0.04,416,348.54,704.93,proton
4,803909214,1,0,0,38.01,0.39,339.54,0.62,243.57,-56.78,50.23,-39.05,1.024,0.072,0.865,0.059,663.31,15.56,5711.67,10501.13,1.52,0.04,-31269.84,30.05,7174.62,39.49,56.43,445990.3,6106294.46,1539.91,0.14,38.04,226.24,9.79,0.26,0.05,617,512.34,545.89,iron
3,351601387,0,0,1,39.12,0.86,33.43,1.13,209.28,-27.57,76.53,-9.25,0.836,0.074,0.702,0.061,691.5,28.02,5467.31,12639.89,1.23,0.06,8330.88,112.06,23708.74,63.49,-71.89,485522.86,6122918.78,1377.67,0.06,56.82,226.52,11.75,0.26,0.06,1403,245.12,368.27,iron
4,593242829,1,0,1,45.59,0.34,98.77,0.59,132.17,-52.35,18.57,10.11,2.402,0.162,2.064,0.136,745.79,12.71,5712.53,11121.34,3.45,0.07,-25623.98,40.47,19569.35,35.51,81.83,451599.3,6118698.66,1565.56,0.16,33.54,236.85,7.97,0.28,0.05,1031,351.54,351.59,iron
4,210535398,1,1,1,37.19,0.28,359.18,0.52,227.38,-40.81,68.8,-27.78,4.35,0.297,3.76,0.252,721.93,8.46,4957.42,9487.32,6.67,0.11,-29937.91,21.07,7397.78,31.49,48.15,447319.95,6106521.61,1524.29,0.12,43.61,223.51,7.56,0.27,0.06,611,426.03,521.94,iron
4,488111995,1,0,1,25.17,0.29,312.89,0.87,259.03,-44.93,63.98,-50.9,8.199,0.6,7.126,0.518,753.77,7.65,3582.68,11565.23,11.95,0.17,-23560.96,39.73,8724.74,32.87,54.43,453688.27,6107863.91,1503.48,0.11,35.79,236.4,7.82,0.27,0.04,662,377.58,424.55,iron
3,507214216,1,0,1,28.96,0.5,321.93,0.87,268.15,-1.92,134.0,-48.22,1.055,0.078,0.892,0.064,719.88,14.68,4110.1,12050.93,1.54,0.05,14176.41,44.21,35849.09,34.68,-65.96,491334.0,6135066.3,1450.07,0.11,37.85,229.9,9.44,0.24,0.05,1139,380.24,565.41,iron
4,959216976,1,0,1,41.99,0.39,200.67,0.48,4.51,-50.21,326.93,-38.43,1.991,0.132,1.707,0.111,730.06,11.52,5303.75,13206.69,2.93,0.07,-32096.13,40.22,3975.84,44.85,66.47,445171.08,6103096.55,1547.66,0.1,36.89,231.19,6.66,0.25,0.04,621,145.64,434.47,iron
2,156106451,0,0,1,44.48,0.33,49.75,0.57,189.27,-35.58,61.03,1.44,0.819,0.056,0.687,0.045,784.06,14.5,5068.23,10094.12,1.22,0.03,16280.29,33.13,1454.56,32.85,-49.87,493523.1,6100698.08,1370.74,0.11,41.26,223.88,8.82,0.26,0.05,735,32.5,275.05,iron
4,274022610,0,0,1,36.32,0.61,75.3,0.69,186.55,-40.47,55.82,0.28,1.015,0.075,0.857,0.062,640.68,18.32,5688.69,13806.49,1.48,0.05,-19477.27,40.71,12844.1,65.1,53.77,457759.21,6111990.79,1496.36,0.08,50.77,229.18,9.47,0.26,0.05,1742,581.83,632.21,iron
3,311983229,0,0,1,20.53,0.5,339.79,1.61,242.87,-47.43,62.32,-39.51,0.782,0.056,0.657,0.045,678.75,12.76,4089.0,10021.93,1.17,0.03,10057.96,43.09,29026.24,40.59,-90.55,487235.26,6128237.5,1382.62,0.1,41.38,222.72,9.47,0.26,0.05,1348,421.43,579.49,iron
3,74517654,0,0,1,60.3,0.23,129.46,0.55,110.17,-46.71,3.83,15.26,6.427,0.442,5.542,0.377,748.67,13.34,8039.29,18840.47,9.5,0.19,-1040.85,133.67,12957.69,77.49,-14.8,476182.74,6112152.16,1399.51,0.05,64.24,231.37,6.04,0.26,0.04,1357,91.47,328.26,iron
3,962583187,1,0,1,24.88,0.41,175.3,0.7,225.3,-72.51,32.57,-29.48,1.235,0.085,1.05,0.071,742.49,9.76,3628.08,8076.3,1.89,0.03,4629.48,22.13,26998.36,24.13,-74.52,481816.57,6126197.04,1382.28,0.08,62.19,219.9,9.07,0.27,0.05,1111,217.35,651.77,iron
3,768913276,0,0,1,14.68,0.46,347.32,1.46,241.41,-31.62,82.26,-36.9,0.75,0.054,0.63,0.043,725.81,13.62,3285.84,7755.28,1.1,0.03,1163.32,21.78,27687.0,29.24,-57.67,478349.9,6126876.56,1403.15,0.07,60.84,228.05,8.72,0.25,0.04,1281,94.19,121.11,iron
2,375724792,1,0,1,28.12,0.39,49.8,0.66,219.96,-13.76,93.58,-12.38,1.215,0.088,1.031,0.073,756.61,14.03,3692.24,11078.22,1.71,0.05,20047.12,28.29,5171.99,39.17,-68.75,497278.47,6104422.9,1364.75,0.09,40.34,239.58,9.04,0.22,0.05,750,66.99,424.18,iron
1,581734940,0,0,1,41.47,1.52,111.14,1.82,188.07,-32.72,62.78,3.92,0.741,0.064,0.62,0.052,726.44,33.62,5273.33,12170.06,1.1,0.05,-7764.66,96.61,-23439.74,186.01,-67.15,469554.83,6075761.32,1384.06,0.06,52.85,223.07,10.04,0.26,0.05,340,517.76,689.87,iron
3,136580602,0,0,1,61.91,0.6,191.98,1.16,202.93,-79.62,24.14,-24.88,9.134,0.725,7.889,0.624,709.9,37.82,8816.17,28823.44,13.69,0.42,7465.45,331.29,11625.93,74.36,-34.71,484687.27,6110841.01,1380.85,0.07,37.82,228.67,7.36,0.24,0.04,1305,109.84,544.64,iron
2,304405762,0,0,1,46.89,0.71,104.93,0.65,188.2,-21.21,72.3,10.49,1.545,0.117,1.316,0.098,717.99,23.3,6090.09,18827.42,2.28,0.11,9707.69,82.32,2988.78,83.47,-32.38,486951.0,6102214.56,1375.24,0.16,28.75,228.97,9.27,0.25,0.05,1318,178.14,302.77,iron
3,968269281,0,0,1,44.35,0.46,320.91,0.62,272.95,0.01,141.2,-50.43,0.899,0.062,0.756,0.05,651.97,16.23,6494.99,12821.83,1.27,0.04,11391.57,58.29,36020.6,40.11,-57.76,488549.01,6135231.9,1452.07,0.2,25.24,235.22,8.48,0.28,0.05,1134,467.86,472.32,iron
4,392592800,1,0,0,40.5,0.47,180.24,0.74,44.53,-85.5,7.95,-26.14,1.007,0.076,0.85,0.062,683.15,21.06,5679.6,10473.94,1.47,0.04,-28659.16,55.51,5367.05,34.76,45.35,448603.44,6104495.36,1509.91,0.07,61.46,229.12,10.67,0.26,0.05,632,467.09,524.21,iron
2,674543178,0,0,1,35.2,0.48,135.48,0.73,205.89,-31.11,72.0,-8.17,0.641,0.045,0.534,0.036,651.02,13.69,5487.46,10587.41,0.95,0.03,14381.4,60.91,-3833.26,24.59,-44.9,491638.7,6095409.16,1372.81,0.15,30.85,222.54,8.62,0.25,0.05,755,334.76,413.68,iron
2,513074662,0,0,1,33.05,0.47,141.72,0.56,210.74,-31.48,73.49,-12.07,0.939,0.064,0.792,0.052,698.42,10.1,4739.33,11950.07,1.44,0.04,12158.3,37.71,-8525.34,37.11,-41.24,489429.36,6090713.89,1375.27,0.1,40.24,217.54,8.27,0.27,0.05,541,46.12,549.48,iron
3,976551982,0,0,1,62.62,0.32,308.31,1.28,278.72,-3.02,144.84,-56.57,1.81,0.13,1.54,0.108,733.9,21.07,8499.02,17539.34,2.76,0.08,-10196.54,100.92,30242.84,209.91,78.33,466989.81,6129402.97,1557.6,0.06,37.8,221.31,8.7,0.29,0.05,966,83.92,777.98,iron
2,169203926,1,1,1,35.6,0.68,54.22,0.4,220.03,3.45,109.19,-4.72,10.945,0.807,9.519,0.699,797.63,13.5,3831.14,19164.08,16.14,0.29,9421.91,53.44,9243.14,50.47,-40.31,486650.19,6108465.73,1374.9,0.07,54.46,233.89,7.38,0.26,0.04,1393,587.46,674.55,proton
3,169220115,1,1,1,36.74,1.09,55.24,1.6,218.89,4.06,109.2,-3.43,12.203,1.072,10.62,0.933,801.92,13.02,3901.14,25250.76,18.11,0.5,9564.79,122.87,9203.96,45.08,-40.31,486793.03,6108426.88,1374.88,0.06,95.58,232.46,8.77,0.27,0.05,1393,554.41,554.91,proton
1,804044280,0,0,1,42.53,0.51,81.08,1.51,205.41,0.28,99.66,6.82,2.061,0.164,1.768,0.139,732.13,19.56,5221.56,23479.38,2.98,0.15,-13110.65,95.01,-8263.71,99.73,-3.73,464174.75,6090911.26,1414.28,0.13,29.72,235.1,9.56,0.25,0.05,174,316.99,671.03,iron
3,507341011,0,0,1,44.41,0.47,336.52,0.79,285.92,20.45,172.0,-39.64,1.08,0.085,0.912,0.071,840.49,19.19,4417.04,12887.77,1.57,0.07,-9694.76,43.56,29427.7,70.79,74.9,467493.23,6128588.88,1549.22,0.07,84.23,230.74,10.32,0.25,0.05,969,173.27,495.67,proton
3,637608965,0,0,1,38.99,0.53,276.72,0.62,285.27,-22.26,115.89,-73.24,0.912,0.062,0.768,0.05,659.73,14.82,5643.04,11883.57,1.35,0.04,11521.13,46.18,30920.77,47.08,-91.89,488692.87,6130136.51,1391.04,0.13,34.03,224.72,8.22,0.26,0.05,1151,396.66,510.4,iron
3,844278319,1,1,1,27.72,0.31,295.81,0.56,267.18,-27.11,94.53,-58.29,4.494,0.314,3.89,0.267,798.52,8.17,3275.62,8516.02,6.49,0.08,-2091.94,23.42,29271.91,23.36,-13.17,475092.41,6128452.53,1453.76,0.09,48.8,238.03,7.79,0.23,0.05,1485,157.96,516.41,iron
1,103292467,1,0,1,31.75,0.52,355.13,0.71,260.49,13.77,142.27,-31.96,1.367,0.096,1.164,0.08,723.39,12.5,4356.92,12841.28,2.04,0.06,-10666.96,43.37,-18789.34,44.79,-46.02,466644.32,6080398.83,1391.82,0.1,40.52,226.45,8.19,0.25,0.04,308,42.79,333.9,iron
1,125748514,1,1,1,53.63,0.19,208.84,0.55,248.97,-59.05,46.48,-41.33,5.349,0.392,4.617,0.334,746.79,13.62,6864.51,14496.71,7.99,0.14,1807.82,48.46,-23344.53,78.22,-62.97,479123.9,6075878.9,1378.78,0.07,108.72,229.2,9.7,0.25,0.05,352,341.9,348.12,iron
1,865563111,0,0,1,53.38,0.88,13.11,1.89,283.69,49.61,180.28,-11.37,0.932,0.075,0.782,0.062,734.12,35.2,6947.72,14604.15,1.4,0.06,-22819.1,246.77,-15736.27,121.84,-41.72,454486.13,6083418.23,1414.71,0.06,45.12,221.91,10.96,0.26,0.05,372,513.75,677.97,iron
2,545286357,0,0,1,34.29,0.66,120.94,0.89,221.85,6.95,113.14,-4.69,0.707,0.063,0.592,0.051,589.28,29.14,6214.82,11388.25,1.07,0.05,24211.1,53.86,2754.1,55.17,-87.24,501445.74,6102017.49,1360.05,0.17,35.87,219.9,11.28,0.24,0.05,896,91.48,281.28,iron
2,168825961,1,0,1,43.3,0.35,96.22,0.69,233.6,48.78,154.38,7.82,1.33,0.093,1.13,0.077,700.14,16.16,5876.21,10838.92,1.94,0.05,13243.86,37.92,-4541.34,41.21,-43.8,490503.67,6094699.93,1373.12,0.14,43.77,230.71,8.68,0.27,0.05,728,177.57,642.35,iron
4,337505535,1,0,1,40.55,0.56,66.82,0.59,216.0,12.53,115.41,3.0,1.638,0.113,1.399,0.094,670.61,12.34,5836.0,12562.95,2.46,0.05,-24041.1,54.04,19032.88,54.21,74.85,453181.98,6118162.22,1545.95,0.12,25.33,226.03,7.73,0.26,0.04,689,440.83,549.62,iron
4,271297474,1,0,0,53.22,0.46,222.71,0.83,283.87,-62.91,26.87,-52.09,1.035,0.07,0.871,0.057,817.2,18.42,6123.29,12124.09,1.5,0.04,-29382.12,58.78,8093.32,54.08,53.96,447871.02,6107216.81,1528.13,0.17,21.94,230.3,7.21,0.27,0.04,623,103.9,329.95,proton
4,648929217,1,0,1,59.02,0.36,88.06,1.42,351.73,85.11,196.88,23.85,1.805,0.128,1.538,0.107,670.91,20.18,8710.7,16133.03,2.69,0.08,-20690.64,67.01,11820.1,186.0,54.39,456549.09,6110961.37,1497.05,0.07,29.85,227.07,8.93,0.24,0.05,1738,464.04,490.17,iron
3,372240370,0,0,1,22.6,0.53,220.85,1.05,293.58,14.55,179.43,-47.34,0.754,0.056,0.633,0.045,709.16,18.04,3891.76,7800.11,1.12,0.03,6272.99,24.59,28383.17,31.45,-81.25,483455.67,6127586.14,1381.73,0.1,52.29,224.19,10.45,0.26,0.05,1112,734.56,821.02,iron
3,594440540,0,0,1,69.38,0.94,333.13,4.2,323.97,25.86,215.58,-33.27,3.085,0.242,2.633,0.203,727.16,40.08,10780.47,21738.93,4.65,0.16,-19097.25,989.14,26307.25,1229.53,-6.02,458118.28,6125440.26,1482.46,0.04,43.93,224.43,9.42,0.26,0.05,1045,315.29,711.39,iron
3,957265594,0,0,1,40.88,0.5,328.49,0.99,297.44,17.02,185.36,-45.53,0.82,0.057,0.688,0.046,793.36,15.45,4614.0,13449.83,1.21,0.04,13387.1,73.31,31567.81,47.35,-93.18,490557.36,6130785.03,1400.64,0.19,30.07,225.92,8.2,0.26,0.04,1144,209.17,491.55,proton
3,372028225,0,0,1,27.0,0.5,323.23,1.43,288.09,13.21,171.34,-47.16,0.722,0.056,0.605,0.045,757.99,15.33,3649.56,10597.17,1.1,0.04,12542.69,47.57,32392.98,35.54,-80.71,489711.97,6131606.93,1418.14,0.12,39.66,217.12,10.05,0.26,0.05,1135,656.7,833.52,proton
3,757782725,1,0,1,34.5,0.53,225.38,0.77,268.07,-10.84,122.47,-53.41,1.064,0.073,0.9,0.059,693.89,11.68,5003.45,12446.63,1.53,0.04,-1866.76,54.56,27078.74,71.63,-34.76,475321.74,6126259.64,1426.0,0.16,26.44,232.67,8.37,0.25,0.05,1304,326.83,590.83,iron
4,981142144,1,0,0,30.64,0.37,311.29,0.69,307.58,8.63,200.69,-53.96,1.126,0.089,0.954,0.074,631.58,18.14,5411.86,8448.7,1.71,0.05,-32625.69,16.88,9189.65,34.73,50.59,444627.65,6108306.14,1539.42,0.15,38.22,221.51,10.51,0.25,0.05,618,89.37,805.44,iron
4,368172463,1,0,1,45.79,0.33,130.71,0.69,234.61,40.16,147.56,2.46,2.108,0.157,1.808,0.132,771.05,16.02,5483.74,12532.51,3.17,0.09,-17260.26,39.86,11500.02,67.84,37.72,459978.25,6110653.13,1471.36,0.07,90.34,226.37,10.2,0.25,0.05,1737,588.22,697.23,iron
3,530046847,0,0,1,19.73,0.45,281.88,1.21,310.82,7.91,206.27,-54.14,0.886,0.063,0.747,0.051,739.55,11.61,3423.92,7307.91,1.32,0.03,6277.61,23.12,29140.24,38.35,-76.7,483457.27,6128341.95,1392.71,0.13,41.76,225.12,9.75,0.26,0.05,1114,96.5,211.28,iron
3,230410383,0,0,1,42.33,1.19,292.33,1.21,323.53,-18.35,262.33,-69.11,2.129,0.182,1.827,0.155,844.49,26.72,4307.51,19023.06,3.2,0.15,18587.34,94.8,27509.87,120.84,-127.46,495764.49,6126741.29,1361.67,0.12,37.13,226.41,9.24,0.26,0.04,1586,362.68,628.79,proton
4,993591206,1,0,0,43.0,0.63,27.69,0.79,275.26,49.73,175.15,-9.3,1.172,0.086,0.992,0.071,828.34,23.06,4558.25,12008.45,1.72,0.05,-22723.61,84.86,13840.26,38.87,79.65,454514.59,6112979.3,1537.67,0.2,36.44,228.17,8.96,0.26,0.04,1815,202.75,553.39,proton
1,372856352,1,0,1,38.09,0.4,48.3,0.62,260.18,49.24,166.46,-4.66,1.624,0.109,1.387,0.091,718.36,10.06,5106.31,13460.75,2.37,0.06,-9659.72,61.26,-21780.79,46.85,-55.69,467657.37,6077411.31,1388.11,0.19,23.92,232.76,7.12,0.25,0.04,315,3.36,210.27,iron
1,88666052,0,0,1,38.29,0.5,27.55,1.15,328.62,46.46,210.69,-12.82,0.98,0.072,0.827,0.059,802.44,14.55,4249.49,12739.41,1.47,0.06,-9053.46,73.16,-22735.33,52.15,-60.18,468266.26,6076459.45,1387.13,0.19,28.18,222.73,9.67,0.26,0.05,313,343.04,387.88,proton
4,826059431,1,0,1,36.19,0.34,224.45,0.6,280.86,2.64,153.83,-53.4,2.229,0.152,1.916,0.128,720.76,10.09,4875.38,9265.92,3.37,0.06,-25337.15,29.38,9490.87,28.97,68.6,451910.22,6108623.75,1528.29,0.09,55.42,225.75,8.37,0.25,0.05,661,210.25,518.67,iron
3,613866483,1,1,1,44.26,0.31,232.07,0.41,296.41,2.71,179.95,-59.5,5.488,0.375,4.746,0.319,761.05,10.08,5372.13,13777.15,8.17,0.14,16046.76,30.08,29384.85,43.29,-114.7,493221.8,6128613.35,1370.11,0.08,58.01,230.74,5.6,0.24,0.05,1488,443.3,538.46,iron
2,910568253,0,0,1,21.93,0.48,113.7,1.04,336.19,41.4,218.05,-14.88,0.92,0.071,0.777,0.059,813.03,14.43,2752.5,8377.73,1.36,0.04,13621.01,37.98,-4632.16,22.12,-43.8,490880.86,6094608.91,1373.09,0.09,49.75,225.86,9.11,0.26,0.04,728,152.79,285.93,proton
4,20497880,0,0,1,50.21,0.52,36.88,0.99,276.22,60.63,180.12,0.43,1.302,0.098,1.103,0.082,697.99,22.08,6819.31,13236.05,1.92,0.06,-29376.39,124.73,1636.06,60.07,49.49,447892.36,6100763.31,1515.2,0.07,62.66,228.21,9.35,0.26,0.05,1080,334.84,338.48,iron
2,876799078,0,0,1,55.33,0.49,12.88,0.97,300.63,52.6,191.44,-10.25,2.115,0.164,1.81,0.138,756.63,20.49,7030.83,16401.99,3.24,0.11,7255.36,140.15,7488.91,155.13,-26.72,484487.68,6106705.98,1381.07,0.05,70.54,221.86,10.13,0.25,0.05,1534,331.97,545.03,iron
1,416083791,0,0,1,31.35,0.44,98.42,0.7,287.35,57.45,184.52,-4.41,0.991,0.071,0.837,0.058,746.34,15.42,4024.84,8387.56,1.45,0.03,-10028.03,25.38,-27591.98,29.64,-81.83,467304.78,6071600.67,1381.8,0.08,60.47,228.39,9.54,0.25,0.05,325,675.24,904.89,iron
2,298445076,0,0,1,33.35,0.63,122.83,0.81,282.89,55.12,181.49,-5.97,0.876,0.063,0.737,0.051,726.24,16.48,4409.92,11996.6,1.28,0.04,24454.58,45.88,5104.96,47.13,-91.02,501683.37,6104367.16,1358.07,0.12,40.6,228.33,9.08,0.26,0.05,732,157.7,410.94,proton
1,902218202,0,0,1,39.27,0.89,57.29,1.32,317.11,61.26,199.62,-0.86,0.728,0.057,0.609,0.046,664.54,19.22,5775.65,15117.07,1.09,0.06,-8738.57,102.91,-21315.23,99.69,-55.69,468578.13,6077880.86,1388.15,0.15,27.91,220.97,8.87,0.26,0.05,315,102.68,655.95,iron
2,968551357,1,0,1,36.98,0.37,82.41,0.53,329.5,61.85,205.05,1.52,1.435,0.094,1.222,0.077,722.43,9.94,4877.73,12071.25,2.12,0.05,17990.31,31.72,3770.35,49.0,-59.11,495226.39,6103016.53,1366.74,0.14,27.19,228.84,7.3,0.21,0.05,788,104.39,554.09,iron
3,799677387,0,0,1,46.89,0.65,216.23,0.91,254.65,-33.19,82.39,-48.18,0.856,0.068,0.718,0.055,691.28,21.57,6369.74,18006.7,1.26,0.07,-7835.35,119.65,30334.16,88.97,54.92,469350.13,6129499.0,1532.16,0.2,21.03,226.86,9.68,0.24,0.05,968,10.28,21.17,iron
2,120925526,0,0,1,40.09,0.65,127.5,1.6,279.0,59.28,180.9,-1.34,0.807,0.069,0.677,0.057,828.27,24.03,4136.5,16644.99,1.19,0.07,11989.38,85.51,5584.19,87.44,-41.18,489224.22,6104815.13,1373.32,0.14,32.27,225.02,10.85,0.27,0.05,1290,305.57,375.21,iron
3,106372377,0,1,1,55.96,0.26,38.89,0.79,22.79,31.54,250.38,6.03,5.289,0.409,4.562,0.349,730.14,17.13,7419.35,15119.22,7.89,0.15,-16899.42,84.12,26624.03,123.85,-18.66,460302.29,6125770.08,1460.68,0.07,110.01,229.22,10.1,0.26,0.05,1043,103.54,464.79,iron
2,212407436,1,0,1,48.52,0.56,158.68,0.58,265.74,46.34,167.85,-9.18,1.161,0.08,0.981,0.066,733.01,19.79,6163.06,13956.67,1.68,0.05,18694.91,66.66,3733.14,61.36,-59.11,495933.37,6102980.53,1366.82,0.13,20.82,231.58,8.36,0.27,0.05,788,612.68,793.81,iron
3,343507490,1,1,1,27.9,0.3,134.93,0.82,359.65,26.29,243.33,-13.65,3.028,0.219,2.615,0.185,702.47,9.11,4292.86,10001.66,4.69,0.09,4921.1,29.06,24184.99,21.23,-64.3,482114.56,6123385.67,1382.19,0.07,80.56,221.17,9.71,0.26,0.05,1122,38.78,352.48,iron
1,854226508,1,0,1,33.26,0.49,64.08,0.71,27.45,0.29,280.1,-4.75,1.049,0.07,0.887,0.057,705.66,9.15,4687.6,10370.08,1.54,0.04,-15268.5,32.25,-20171.2,60.42,-54.75,462048.12,6079005.76,1394.73,0.15,27.67,228.69,7.72,0.25,0.04,408,589.0,589.92,iron
3,217899838,1,0,1,39.98,0.44,52.63,1.04,254.29,50.5,164.33,-1.27,1.867,0.17,1.599,0.145,892.61,23.13,3520.98,12895.16,2.71,0.13,1726.86,55.47,20739.78,29.78,-45.81,478931.32,6119936.3,1390.09,0.07,97.29,234.03,11.67,0.25,0.06,1291,33.13,449.68,proton
4,713364221,0,0,1,40.79,0.38,42.13,1.19,4.35,36.08,238.23,-4.33,2.152,0.158,1.847,0.134,734.45,15.05,5160.86,18854.15,3.1,0.11,-21405.49,71.53,26258.91,73.0,-6.02,455797.42,6125391.69,1482.34,0.14,28.54,236.32,9.03,0.26,0.05,1045,452.55,700.88,iron
3,922082887,0,0,1,45.99,1.11,280.31,1.01,314.69,-21.71,258.53,-78.01,0.743,0.061,0.621,0.049,810.35,31.92,5099.49,14874.75,1.09,0.05,-4756.81,93.28,26384.18,92.5,-36.57,472436.55,6125559.87,1419.76,0.13,40.1,225.21,10.78,0.26,0.05,1092,339.45,678.76,proton
2,71704469,1,0,1,43.92,0.56,36.73,0.63,21.92,11.45,267.62,-4.37,1.333,0.095,1.132,0.079,725.83,20.0,5678.99,13978.27,1.91,0.06,16841.8,67.48,6059.96,49.23,-58.33,494072.82,6105302.23,1366.66,0.11,46.41,234.94,9.33,0.26,0.05,746,71.85,583.09,iron
1,708056847,1,0,1,39.53,0.52,81.33,0.66,30.39,13.2,269.95,3.77,1.632,0.116,1.394,0.097,724.89,15.51,5162.17,15811.21,2.47,0.09,-8979.02,54.91,-18401.1,54.73,-39.51,468329.26,6080789.27,1391.1,0.13,32.91,223.65,8.69,0.25,0.05,201,275.57,594.94,iron
1,291355491,0,0,1,16.13,0.46,77.54,1.6,354.89,22.17,243.6,-19.62,0.951,0.07,0.804,0.058,717.51,12.9,3497.36,8289.41,1.44,0.04,-15942.12,22.86,-20215.69,43.13,-56.34,461375.29,6078960.32,1396.66,0.12,44.65,221.58,10.32,0.25,0.05,394,206.89,266.35,iron
2,331687221,1,1,1,24.18,0.49,180.52,0.7,338.95,19.29,233.69,-31.92,2.731,0.211,2.357,0.18,791.26,13.37,3098.45,11776.0,4.05,0.1,25090.25,31.47,6660.07,26.87,-96.46,502314.61,6105922.79,1356.79,0.07,65.14,230.42,8.91,0.28,0.05,770,7.95,205.73,proton
2,912775939,0,0,1,39.71,0.48,162.36,0.61,274.01,41.14,170.52,-16.66,0.672,0.047,0.561,0.038,687.7,14.54,5580.16,10562.98,1.0,0.03,15281.35,55.61,-6247.67,27.45,-48.44,492545.67,6092997.92,1371.26,0.2,25.82,223.26,8.4,0.25,0.04,760,279.8,523.09,iron
2,564997915,0,0,1,50.65,0.72,352.82,1.21,341.14,24.75,231.68,-26.37,1.092,0.086,0.921,0.071,772.36,25.81,6047.83,14029.63,1.63,0.07,19651.22,164.65,8755.73,60.86,-75.76,496873.9,6108003.46,1360.55,0.06,55.47,224.16,9.66,0.26,0.05,765,108.66,571.53,iron
2,684802718,0,0,1,25.24,0.49,132.93,1.65,248.42,25.77,143.32,-15.49,0.706,0.055,0.591,0.044,760.02,15.22,3486.0,10076.54,1.07,0.04,14267.18,45.77,262.44,41.03,-41.03,491514.68,6099501.57,1374.06,0.12,39.01,218.11,9.75,0.27,0.05,719,107.47,386.65,iron
3,403242707,1,0,1,46.29,0.41,238.26,0.55,283.88,-8.59,145.12,-64.15,1.678,0.118,1.432,0.098,736.22,16.29,5849.5,12916.21,2.92,0.1,12240.36,44.35,28393.68,50.69,-102.79,489416.46,6127607.79,1375.64,0.11,45.32,194.2,9.32,0.28,0.06,1149,440.6,473.66,iron
4,298975409,1,1,1,48.12,0.77,290.12,0.82,308.77,-11.0,212.79,-72.96,3.903,0.313,3.366,0.266,697.22,28.68,6505.04,23163.21,5.94,0.26,-18222.42,114.41,3899.94,114.85,24.17,459035.97,6103054.56,1452.15,0.13,28.13,224.34,9.73,0.3,0.05,781,233.35,337.68,iron
4,851455427,1,0,1,32.2,0.65,283.26,0.94,320.09,-9.01,237.9,-65.69,1.635,0.117,1.398,0.098,750.78,13.44,4103.26,12587.97,2.45,0.07,-22173.15,55.69,9500.59,48.75,58.24,455073.81,6108641.01,1506.47,0.1,43.05,226.02,7.99,0.26,0.04,672,236.29,689.81,proton
1,853609003,0,1,1,46.38,0.27,273.55,0.78,311.37,-22.94,255.96,-81.29,2.934,0.222,2.526,0.188,742.26,14.09,5750.98,13955.6,4.47,0.12,-12542.92,77.66,-10866.87,44.05,-17.7,464748.82,6088311.49,1404.25,0.06,100.51,224.53,9.89,0.25,0.05,157,237.97,284.21,proton
3,348484353,0,0,1,42.29,0.48,333.09,0.73,316.18,18.74,209.94,-42.36,0.943,0.069,0.794,0.057,737.16,21.24,5305.03,10370.62,1.35,0.04,-2735.22,50.04,27361.31,45.16,-25.75,474456.09,6126540.4,1435.69,0.08,57.25,232.69,10.06,0.26,0.05,1382,519.3,519.37,iron
3,384821429,0,0,1,31.58,0.41,207.2,1.12,275.4,11.31,154.41,-43.19,0.862,0.064,0.725,0.052,785.17,15.16,3704.45,10653.21,1.24,0.04,-4460.39,51.75,30688.94,36.65,18.66,472722.85,6129862.6,1492.92,0.13,32.87,232.81,9.39,0.24,0.05,1546,141.22,421.15,proton
2,955520345,0,0,1,33.27,0.5,174.77,0.88,1.12,3.3,263.92,-26.24,0.956,0.066,0.807,0.053,706.25,11.05,4698.69,11515.84,1.46,0.04,12941.35,69.62,-3037.43,32.51,-40.68,490197.32,6096200.73,1373.77,0.14,27.64,219.95,8.57,0.25,0.05,717,414.58,473.4,iron
4,802565610,1,1,1,45.68,0.48,41.9,0.58,13.59,31.77,246.21,-0.61,2.848,0.197,2.452,0.166,726.43,17.88,5885.02,19672.9,4.26,0.13,-17011.9,79.28,18094.43,62.2,34.09,460208.05,6117242.49,1480.06,0.14,25.43,228.41,7.85,0.23,0.05,900,665.14,700.15,iron
3,439274651,1,0,1,35.23,0.41,187.16,0.64,250.44,1.76,123.89,-31.84,1.478,0.108,1.26,0.091,686.23,15.59,5121.92,9952.29,2.23,0.05,9049.3,35.04,26385.38,29.54,-86.39,486233.72,6125595.57,1375.45,0.09,69.51,224.32,10.05,0.25,0.05,1381,289.24,320.53,iron
2,243764069,0,0,1,46.62,0.9,178.31,0.72,238.87,1.13,116.43,-22.35,1.637,0.129,1.396,0.109,804.84,31.42,5221.67,18531.66,2.35,0.1,10523.9,89.37,-14712.82,91.74,-52.89,487809.41,6084526.46,1374.49,0.15,38.15,235.79,10.52,0.26,0.05,496,459.74,524.07,proton
1,925768889,0,0,1,42.36,0.74,27.03,2.57,356.05,34.75,234.77,-10.31,1.412,0.118,1.201,0.1,687.62,18.62,5880.38,21826.35,2.18,0.11,-2136.31,144.68,-20775.54,175.91,-51.23,475172.83,6078434.83,1381.55,0.13,28.67,218.2,9.91,0.26,0.05,281,30.89,770.6,iron
3,173885460,1,0,1,41.59,0.53,229.74,0.62,322.29,-0.56,231.04,-57.57,1.052,0.074,0.888,0.061,789.09,13.86,4703.2,12603.12,1.59,0.05,3418.58,40.3,25109.91,62.29,-67.55,480609.74,6124306.34,1383.63,0.16,29.85,222.19,9.51,0.26,0.05,1274,592.03,601.31,iron
4,438235982,1,0,0,36.86,0.43,331.48,0.75,355.03,-52.59,331.09,-43.98,1.101,0.079,0.932,0.065,690.17,12.74,5228.71,8899.45,1.7,0.04,-26153.63,47.84,16911.06,23.74,96.79,451076.94,6116038.48,1572.71,0.16,32.18,217.65,9.84,0.23,0.05,1760,121.1,186.86,iron
3,909515717,0,0,1,58.96,0.44,217.44,1.17,258.17,-13.79,111.36,-46.25,2.025,0.152,1.73,0.128,790.89,23.62,7541.24,14933.62,3.16,0.1,19037.35,119.04,29563.75,204.98,-127.8,496213.92,6128801.57,1364.95,0.06,61.28,217.39,10.52,0.24,0.05,1595,439.75,440.8,iron
4,976303971,1,0,0,45.29,0.52,77.94,0.61,39.16,8.65,277.92,9.45,1.034,0.07,0.872,0.057,687.19,16.19,6278.01,13536.26,1.56,0.05,-21863.79,47.84,16729.04,65.11,73.02,455364.38,6115866.57,1531.67,0.11,34.23,221.52,7.51,0.25,0.04,824,428.43,487.5,iron
3,224467465,0,0,1,38.94,0.59,265.25,0.78,307.68,-11.3,209.51,-73.56,0.682,0.049,0.57,0.039,691.26,16.31,5338.71,12399.69,0.99,0.04,-5277.29,54.21,30492.67,49.86,18.66,471906.28,6129664.86,1492.92,0.1,35.78,227.56,8.99,0.24,0.05,1546,276.78,486.94,iron
3,632700399,1,0,1,29.45,0.23,170.95,1.21,297.54,36.86,188.07,-25.81,1.148,0.089,0.974,0.074,768.55,14.13,3631.32,10312.21,1.77,0.06,14813.63,23.03,33407.94,34.55,-87.56,491979.09,6132627.89,1414.22,0.07,90.11,218.56,10.87,0.26,0.05,1565,580.71,581.16,proton
2,941083356,0,0,1,35.53,0.68,76.95,0.76,12.16,33.91,243.75,-0.43,0.675,0.052,0.564,0.042,728.26,19.72,4586.8,11437.29,0.97,0.04,11962.51,42.45,-865.68,59.89,-35.85,489213.9,6098368.21,1374.79,0.07,48.2,229.84,9.45,0.24,0.05,725,124.55,338.35,iron
2,387282723,1,0,1,55.5,0.71,146.05,1.13,3.73,48.11,228.56,2.84,1.326,0.094,1.123,0.078,697.31,31.98,7585.63,17105.74,2.04,0.07,23275.91,147.69,5074.99,73.36,-82.91,500506.66,6104333.38,1360.62,0.13,23.47,218.11,7.79,0.24,0.04,739,273.32,394.99,iron
3,838614256,0,0,1,45.96,0.8,247.78,0.93,313.64,-10.67,226.38,-70.7,0.693,0.056,0.579,0.046,768.12,31.94,5333.26,12671.69,1.01,0.04,13349.88,61.41,29811.39,91.21,-97.37,490522.75,6129028.38,1388.48,0.1,52.5,226.27,10.2,0.26,0.05,1150,252.46,419.66,proton
2,21465999,0,0,1,36.16,0.77,16.09,0.68,35.06,-50.63,330.65,-19.37,0.898,0.069,0.756,0.057,808.98,21.73,3799.08,11893.61,1.31,0.05,19426.86,51.2,6458.88,35.38,-68.22,496655.13,6105707.39,1364.27,0.08,58.33,228.38,10.14,0.25,0.05,778,143.65,486.98,proton
2,599588745,0,0,1,27.36,0.43,71.65,1.1,36.4,-26.54,308.17,-8.95,0.658,0.049,0.55,0.04,665.35,16.7,4577.21,11888.32,0.98,0.04,21101.37,36.14,5188.13,50.3,-78.51,498332.3,6104442.38,1359.81,0.12,37.84,223.15,10.41,0.27,0.05,784,309.84,448.42,iron
2,422323080,0,0,1,14.44,0.45,65.88,1.59,28.06,-44.35,322.7,-21.89,0.663,0.048,0.555,0.038,652.7,15.76,4059.91,8207.97,0.98,0.02,18337.37,24.32,1833.3,31.63,-54.08,495577.95,6101081.53,1370.53,0.1,51.55,224.17,9.65,0.26,0.05,772,676.44,709.43,iron
4,170727225,1,0,1,42.61,0.54,33.67,0.89,18.99,11.93,265.8,-6.64,1.34,0.094,1.138,0.078,780.87,13.14,4831.28,14303.15,1.94,0.06,-22362.01,99.99,20378.35,66.71,63.89,454857.89,6119513.43,1536.21,0.17,18.71,232.92,9.01,0.26,0.05,690,97.14,452.39,proton
1,51425721,1,1,1,34.4,0.18,253.97,1.02,317.69,-8.82,232.92,-66.97,3.306,0.244,2.854,0.207,665.43,9.22,5185.66,13437.28,5.34,0.12,-15906.15,53.02,-12011.11,23.72,-25.4,461390.18,6087158.71,1407.43,0.07,94.37,211.98,9.36,0.25,0.05,453,186.72,476.89,iron
2,457553247,1,1,1,34.61,0.45,38.42,0.67,24.56,-7.2,285.53,-10.7,3.458,0.237,2.986,0.2,713.14,9.89,4672.09,15342.98,5.3,0.11,24514.96,42.23,8140.61,52.97,-94.02,501735.97,6107400.82,1357.89,0.11,33.5,223.67,6.71,0.24,0.04,744,100.83,105.51,iron
1,250793093,1,1,1,47.54,0.2,260.87,1.03,303.1,-17.09,193.79,-79.96,3.234,0.25,2.786,0.212,726.86,16.18,6028.98,12579.24,4.91,0.11,-16367.15,89.39,-10671.64,34.68,-14.21,460926.7,6088499.15,1414.03,0.07,108.03,225.31,10.44,0.25,0.05,160,121.51,530.92,iron
4,672421742,1,0,1,55.34,0.46,329.37,0.73,352.37,-62.77,344.93,-42.09,2.039,0.142,1.744,0.119,753.05,21.92,7060.08,16315.63,2.93,0.09,-34290.91,96.91,4274.48,50.33,86.4,442980.74,6103386.72,1583.35,0.1,26.5,235.77,8.62,0.27,0.06,648,375.61,390.72,proton
1,753643715,1,0,1,38.88,1.16,48.54,1.34,12.08,27.66,248.92,-3.95,2.406,0.212,2.069,0.181,913.55,17.52,3149.26,16511.58,3.65,0.15,-2823.72,67.89,-26024.75,80.44,-75.6,474499.23,6073186.39,1376.17,0.11,43.93,225.14,10.6,0.27,0.05,349,435.54,439.99,proton
1,277425538,1,0,1,38.32,0.43,74.14,0.59,10.18,40.15,237.7,1.78,1.366,0.092,1.162,0.076,703.01,10.11,5153.54,12548.0,2.17,0.06,-11251.98,52.26,-20981.25,49.73,-56.96,466064.83,6078208.09,1389.26,0.15,26.84,212.32,7.32,0.22,0.05,341,636.81,638.3,iron
2,927770240,1,0,1,38.73,0.26,296.89,0.89,331.11,-26.66,288.29,-64.92,1.518,0.11,1.294,0.092,702.24,18.94,5163.97,10696.68,2.18,0.05,12353.63,37.79,4141.36,39.18,-36.32,489591.84,6103374.43,1375.77,0.09,96.14,235.35,9.48,0.27,0.05,1239,366.83,677.19,iron
1,292759967,0,0,1,58.2,0.52,144.26,1.92,254.71,60.04,170.89,5.68,0.796,0.06,0.664,0.048,647.58,30.99,8474.72,16239.71,1.21,0.05,-13155.92,173.12,-19969.03,123.22,-52.62,464157.56,6079214.73,1393.48,0.1,22.65,217.85,10.47,0.27,0.06,333,90.0,320.25,iron
3,431402492,0,0,1,45.37,0.72,301.1,0.6,308.64,-52.31,4.75,-64.46,1.174,0.087,0.994,0.071,676.96,20.44,6217.0,17377.01,1.77,0.08,-1816.78,94.84,22579.66,72.84,-42.41,475384.35,6121764.86,1398.0,0.12,25.93,222.28,8.92,0.26,0.05,1303,71.43,88.08,iron
3,967796995,0,0,1,29.92,0.89,212.25,1.33,354.31,-33.87,304.67,-45.68,0.868,0.069,0.73,0.056,717.47,20.57,4205.03,11388.31,1.29,0.05,1586.14,61.69,25199.8,54.48,-60.75,478778.66,6124392.06,1389.24,0.09,41.68,225.47,11.01,0.26,0.05,1298,443.19,445.64,iron
1,586092687,0,0,1,24.09,0.48,96.86,1.02,326.39,48.46,208.49,-11.54,0.778,0.059,0.654,0.048,659.48,16.24,4435.85,8059.43,1.2,0.03,-10640.83,31.24,-27178.27,26.21,-81.62,466690.98,6072014.66,1384.44,0.09,59.88,216.71,10.63,0.25,0.05,337,315.42,436.76,iron
2,599558320,0,0,1,20.48,0.47,285.67,1.36,330.6,-3.68,246.11,-54.67,0.769,0.059,0.646,0.048,747.92,15.2,3243.83,8543.03,1.16,0.03,13745.63,24.98,-843.02,27.25,-37.43,490995.84,6098396.23,1376.14,0.07,72.73,220.68,10.19,0.26,0.05,724,310.56,624.21,proton
4,132213263,0,0,1,48.38,0.57,226.04,0.76,311.7,6.49,208.3,-55.33,1.509,0.124,1.284,0.105,881.61,21.77,4607.29,13713.65,2.24,0.09,-18321.54,47.54,10106.3,86.12,38.93,458921.57,6109258.2,1472.59,0.05,68.69,227.25,10.09,0.27,0.05,1733,350.13,425.67,proton
3,783161762,1,0,1,21.65,0.34,252.69,1.21,338.28,-15.6,270.8,-55.27,1.064,0.075,0.901,0.061,688.89,11.77,3935.09,10344.34,1.54,0.04,2956.85,24.93,25827.74,40.18,-63.87,480147.19,6125024.04,1386.56,0.1,39.51,232.3,8.88,0.25,0.05,1278,315.4,692.8,iron
1,677304847,0,0,1,54.99,0.61,312.78,1.27,277.0,-56.47,37.98,-55.31,1.729,0.139,1.473,0.117,734.21,28.33,6992.92,14930.48,2.58,0.09,-16751.9,233.13,-9412.71,122.07,-14.21,460538.03,6089755.24,1414.03,0.05,78.23,226.54,11.27,0.26,0.05,160,431.18,449.99,iron
2,223390760,1,0,1,19.23,0.44,23.03,1.25,337.22,27.64,226.62,-26.09,1.082,0.086,0.917,0.072,803.74,15.11,2624.27,8394.54,1.58,0.05,14348.0,27.4,-234.5,24.92,-43.44,491596.68,6099005.53,1373.42,0.06,70.28,229.93,10.13,0.25,0.05,715,404.94,721.24,proton
4,818478566,0,0,1,36.05,0.74,294.99,0.72,330.19,-20.81,274.53,-64.36,1.433,0.103,1.221,0.086,708.14,14.34,4867.47,15274.35,2.16,0.07,-18805.96,48.58,12409.32,63.81,44.27,458430.65,6111559.18,1482.34,0.09,39.58,223.54,9.28,0.27,0.05,1744,119.29,445.64,iron
1,562186771,1,0,1,29.21,0.51,116.83,0.92,31.49,-16.5,297.01,-8.68,1.597,0.113,1.366,0.095,709.41,10.43,4217.16,11315.07,2.43,0.07,-21725.78,38.4,-18624.75,71.7,-57.04,455591.0,6080535.49,1407.38,0.12,32.03,223.36,9.23,0.24,0.05,366,114.47,415.13,iron
2,344226861,1,1,1,23.29,0.38,209.72,0.73,302.31,19.23,192.05,-43.63,4.193,0.287,3.63,0.244,758.91,7.19,3297.74,9151.08,6.26,0.07,15709.38,27.5,1703.95,28.35,-49.87,492951.71,6100945.88,1370.74,0.08,53.73,230.19,6.78,0.26,0.04,735,279.67,398.38,iron
3,775389562,0,0,1,68.21,0.24,6.59,0.53,61.44,-54.67,342.05,-7.26,20.656,1.673,17.881,1.45,793.72,17.26,9478.57,26463.13,30.02,0.52,-31977.85,274.89,13097.41,258.69,89.59,445257.73,6112211.57,1579.82,0.04,103.05,236.09,6.41,0.28,0.04,605,64.83,459.67,iron
3,388137682,0,0,1,44.91,0.39,165.99,0.62,354.13,29.02,237.86,-15.45,0.921,0.064,0.775,0.052,769.82,15.61,5197.51,10576.76,1.33,0.04,2107.95,49.55,25495.53,30.67,-63.87,479300.34,6124688.63,1386.55,0.08,49.28,230.36,8.93,0.25,0.05,1278,376.39,430.9,proton
2,116381727,0,0,1,41.31,0.54,195.16,0.97,355.9,-5.18,269.2,-35.1,0.88,0.061,0.74,0.049,766.94,12.48,4779.22,13454.4,1.32,0.05,11728.63,90.45,-6293.36,43.92,-36.38,488994.28,6092943.83,1377.08,0.18,24.87,222.65,8.45,0.25,0.05,578,221.64,234.93,iron
3,702831477,0,1,1,44.79,0.92,275.5,0.55,308.52,-37.09,348.9,-78.98,3.538,0.29,3.052,0.247,671.12,24.81,6193.6,24970.07,5.4,0.25,23498.77,86.16,26007.56,131.32,-137.99,500675.51,6125257.35,1355.45,0.1,43.69,223.95,9.66,0.28,0.05,1578,589.08,684.88,iron
4,77028234,0,0,1,48.82,0.76,323.17,0.61,321.46,-67.19,2.17,-48.37,1.468,0.106,1.248,0.088,782.75,24.03,5726.42,17001.39,2.1,0.08,-19920.18,71.36,22563.8,93.44,25.57,457292.02,6121703.66,1496.44,0.1,39.36,236.06,8.91,0.26,0.05,1020,24.96,73.26,proton
1,51120211,0,0,1,65.83,0.5,136.88,1.54,229.97,60.88,163.95,15.75,14.218,1.199,12.293,1.036,769.85,41.05,9179.88,27715.68,22.35,0.62,2244.58,265.44,-13694.33,376.09,-31.46,479533.51,6085524.23,1384.21,0.05,42.54,218.32,8.18,0.25,0.05,256,142.72,183.12,proton
4,914435850,1,0,0,45.52,0.69,303.18,0.95,308.98,-53.67,4.93,-63.08,1.154,0.086,0.976,0.071,680.57,16.28,6291.32,10324.08,1.75,0.05,-32164.25,15.82,10119.29,83.9,57.93,445085.72,6109237.73,1544.78,0.25,20.46,221.5,11.24,0.22,0.06,633,265.29,406.43,iron
3,39548128,1,0,1,51.42,0.68,225.66,0.96,283.56,2.87,157.91,-54.66,2.423,0.184,2.08,0.155,802.49,23.46,5929.92,15918.39,3.61,0.13,14386.12,107.84,25270.43,117.6,-98.32,491570.56,6124494.8,1368.08,0.06,47.3,228.68,9.54,0.26,0.05,1559,42.33,348.49,proton
2,904371341,0,0,1,48.98,1.43,240.82,1.29,300.16,-3.76,185.91,-66.48,0.778,0.077,0.651,0.064,757.55,44.32,5982.92,13909.65,1.14,0.08,12975.96,159.96,-6837.68,184.58,-41.91,490242.18,6092403.44,1374.39,0.1,22.62,227.02,9.08,0.25,0.04,507,296.98,580.74,iron
1,182546063,1,0,1,32.83,0.2,167.26,0.86,13.61,-13.19,286.36,-23.0,2.157,0.161,1.854,0.136,706.2,15.21,4640.18,9033.34,3.18,0.06,-7645.36,20.61,-27897.9,31.02,-81.34,469688.96,6071302.89,1380.38,0.08,93.64,231.08,11.0,0.25,0.06,331,1027.4,1058.86,iron
2,604844065,0,0,1,47.13,0.71,15.51,1.25,113.05,-76.11,10.43,-13.42,0.679,0.06,0.566,0.049,615.24,33.69,7278.87,13343.23,0.98,0.05,20399.18,121.62,4561.61,62.31,-70.09,497632.49,6103813.98,1364.72,0.1,39.45,228.75,11.03,0.26,0.05,751,139.25,351.75,iron
3,497784051,1,0,1,37.13,0.33,267.02,0.46,317.75,-40.33,333.76,-72.0,2.336,0.157,2.009,0.132,698.65,10.07,5110.08,11830.24,3.57,0.08,9850.55,34.5,28243.53,35.61,-92.26,487030.37,6127456.01,1376.26,0.12,31.9,222.8,7.29,0.28,0.05,1392,104.36,558.56,iron
4,534039791,1,1,1,37.1,0.42,235.58,0.34,333.52,-17.1,269.73,-60.04,6.771,0.486,5.869,0.418,764.96,10.28,4430.78,15040.95,9.8,0.16,-21261.28,36.4,5433.89,37.28,33.68,455995.61,6104581.87,1469.59,0.07,46.85,237.24,7.22,0.29,0.04,1728,493.46,587.14,iron
3,48027412,0,0,1,40.76,0.91,132.15,0.96,325.59,58.65,204.43,-2.17,0.659,0.05,0.549,0.04,754.66,21.16,4745.71,12707.16,0.99,0.04,-6130.47,64.35,28756.75,82.17,7.47,471057.4,6127927.67,1476.28,0.08,49.25,220.7,10.11,0.26,0.05,1552,41.33,625.07,iron
1,540819735,0,0,1,43.86,1.13,358.24,1.12,5.1,-2.49,271.72,-25.78,2.029,0.177,1.74,0.151,894.3,33.89,3845.66,19753.05,2.93,0.14,-5007.8,83.98,-15207.51,85.32,-29.74,472290.68,6083992.85,1390.84,0.11,42.45,235.67,9.9,0.25,0.05,194,412.28,481.47,proton
3,633851369,0,0,1,37.98,0.52,85.62,1.57,9.36,42.92,235.09,2.86,0.778,0.063,0.652,0.051,702.47,28.21,4989.8,10515.18,1.15,0.04,-2562.21,81.15,24134.48,56.96,-45.13,474635.39,6123316.09,1400.13,0.05,91.94,224.2,10.36,0.26,0.05,1096,126.49,223.07,iron
1,411765270,1,0,1,39.99,0.39,292.29,0.6,327.43,-26.94,288.01,-68.21,1.549,0.108,1.321,0.091,747.45,12.31,4745.14,11128.47,2.35,0.06,-11096.0,39.94,-17844.25,34.7,-40.43,466212.67,6081341.78,1394.97,0.07,73.14,223.09,9.14,0.27,0.05,356,516.38,628.95,proton
4,333909639,1,0,0,51.14,0.31,345.82,0.5,14.35,-42.24,317.82,-31.1,1.035,0.07,0.872,0.057,775.49,15.71,5918.78,12047.46,1.48,0.05,-26714.01,37.0,20660.77,37.36,71.33,450509.63,6119783.97,1562.51,0.15,21.74,233.25,7.64,0.22,0.05,1030,255.03,664.77,proton
3,52506098,0,0,1,56.0,0.81,317.73,0.7,342.38,-53.03,335.44,-51.04,1.433,0.105,1.216,0.088,805.87,36.47,6456.0,19132.89,2.05,0.09,2116.91,141.94,21902.19,91.25,-45.81,479314.91,6121099.88,1390.11,0.13,26.21,234.89,9.13,0.29,0.05,1291,137.07,661.05,iron
1,635754833,0,1,1,51.47,0.22,181.91,1.2,0.3,11.14,256.29,-22.51,2.529,0.198,2.172,0.167,686.87,19.41,6825.8,16160.52,3.72,0.11,3771.52,57.94,-24913.35,154.07,-77.01,481085.72,6074314.97,1375.32,0.06,111.45,231.85,10.25,0.26,0.05,479,601.62,710.22,iron
1,622944688,1,0,1,25.17,0.28,220.74,1.22,349.89,-28.19,295.65,-48.66,1.028,0.077,0.87,0.064,693.06,17.57,4069.73,8392.27,1.52,0.04,-12787.47,25.94,-19839.92,25.0,-52.62,464526.19,6079342.85,1393.5,0.07,85.23,227.13,10.99,0.26,0.05,333,46.44,568.42,iron
1,652183178,1,0,1,46.94,0.31,311.19,0.54,275.34,-52.22,44.76,-57.53,2.477,0.179,2.129,0.151,710.48,15.99,5956.26,11060.64,3.62,0.07,-15323.9,53.23,-15555.19,28.06,-34.05,461979.56,6083621.34,1400.86,0.09,74.38,233.09,8.76,0.26,0.05,436,403.01,772.4,iron
4,988503593,1,0,1,24.98,0.42,74.92,1.06,111.58,-73.39,9.57,-10.81,2.272,0.158,1.956,0.133,719.0,7.01,3789.05,7069.21,3.6,0.05,-26050.21,40.2,16910.07,19.78,96.79,451180.42,6116037.85,1572.72,0.09,45.86,215.74,8.73,0.25,0.05,1760,95.1,232.37,iron
2,27260659,0,0,1,32.17,0.45,46.4,0.75,9.79,19.97,254.2,-9.97,0.907,0.062,0.764,0.05,699.5,12.33,4549.65,11137.74,1.3,0.04,22906.5,29.45,4212.01,53.18,-85.3,500139.76,6103472.01,1359.95,0.12,33.36,233.23,8.83,0.26,0.05,776,678.05,679.51,iron
3,864919331,0,0,1,46.61,0.37,154.45,0.71,14.76,16.43,259.79,-7.89,0.732,0.052,0.612,0.041,758.41,16.84,5583.15,10594.68,1.09,0.04,-544.53,46.11,27513.95,38.6,-49.64,476642.25,6126699.89,1411.15,0.1,40.78,222.78,9.89,0.26,0.05,1279,8.69,319.24,iron
2,651797219,1,0,1,52.28,0.38,41.46,0.52,112.76,-58.12,7.49,4.32,4.408,0.303,3.802,0.256,750.74,15.69,6515.2,17896.17,6.26,0.14,10645.55,69.69,6977.0,66.24,-35.66,487877.3,6106202.42,1376.18,0.09,45.44,240.73,6.11,0.28,0.04,1521,247.05,376.82,iron
4,685520307,1,0,1,33.62,0.46,293.3,0.65,307.08,-53.44,7.32,-63.51,1.296,0.091,1.102,0.075,782.04,14.02,3852.41,10569.01,1.86,0.04,-22367.38,45.88,14379.66,27.95,76.82,454867.87,6113516.52,1534.95,0.09,44.58,234.47,8.56,0.25,0.05,736,322.95,555.36,iron
1,251053535,0,1,1,40.49,0.17,193.33,1.01,300.95,28.58,190.76,-34.25,3.483,0.255,3.006,0.217,751.67,10.78,4894.13,16777.01,5.21,0.14,-45.28,34.04,-20353.22,64.95,-51.1,477262.7,6078862.8,1381.53,0.07,102.28,228.86,8.38,0.25,0.05,276,140.21,282.61,iron
2,905167284,0,0,1,46.88,0.86,69.09,1.18,40.12,6.54,280.26,9.35,0.643,0.055,0.535,0.045,655.39,33.84,6726.53,15413.84,0.92,0.05,10764.13,97.31,1427.19,145.49,-34.82,488011.22,6100658.72,1376.06,0.07,42.3,230.53,10.79,0.25,0.05,723,461.05,806.94,iron
1,79994715,0,0,1,29.58,0.38,10.38,0.73,28.58,-61.06,340.52,-25.58,0.964,0.069,0.813,0.056,645.2,13.96,5027.6,9540.27,1.46,0.03,-15413.27,25.03,-20230.63,36.97,-54.75,461903.08,6078946.32,1394.74,0.11,42.59,220.56,9.75,0.25,0.05,408,634.37,638.37,iron
3,585418517,0,0,1,39.75,0.55,308.89,0.69,277.27,-52.76,42.54,-58.04,0.747,0.057,0.625,0.046,703.35,19.28,5289.23,14848.04,1.06,0.05,14739.61,62.96,31742.04,56.33,-96.47,491908.08,6130962.55,1400.76,0.13,28.55,234.71,9.68,0.27,0.05,1587,45.39,639.11,iron
3,781944126,0,0,1,39.06,0.68,280.04,0.83,295.03,-43.39,32.28,-72.53,1.177,0.085,0.997,0.07,694.1,15.74,5315.44,16481.82,1.74,0.07,-2903.73,66.58,23102.18,64.11,-37.72,474296.48,6122285.76,1403.17,0.12,34.59,227.67,8.38,0.26,0.04,1196,95.88,633.72,iron
3,632351567,0,1,1,49.05,0.53,75.38,0.6,68.08,-29.43,325.94,12.83,3.544,0.273,3.055,0.232,726.85,19.18,6166.1,19667.95,5.06,0.17,20538.14,65.66,24314.32,98.55,-123.37,497722.24,6123558.71,1359.69,0.07,66.53,239.48,9.1,0.27,0.05,1617,493.19,513.29,iron
3,310204,1,0,1,37.54,0.6,258.9,0.63,323.82,-33.91,308.64,-70.81,1.002,0.074,0.845,0.061,843.61,16.26,3605.02,11713.8,1.49,0.05,13706.99,40.22,30487.87,42.73,-97.37,490879.02,6129708.71,1388.48,0.08,50.04,225.04,8.8,0.27,0.05,1150,303.73,509.25,proton
2,930695074,0,0,1,59.04,0.39,337.93,0.88,234.43,-55.76,52.07,-34.09,3.166,0.241,2.719,0.204,724.94,23.03,7884.12,15579.16,4.63,0.11,3196.65,131.75,-12006.41,178.28,-30.36,480483.45,6087211.96,1382.97,0.05,80.68,233.16,10.07,0.26,0.05,263,378.7,502.39,iron
2,565661077,0,0,1,18.69,0.42,310.33,1.26,278.77,-66.1,27.28,-48.24,0.745,0.056,0.625,0.045,647.44,20.33,4317.52,7716.35,1.09,0.03,23445.7,22.58,2790.89,25.67,-80.23,500680.56,6102052.35,1361.5,0.09,70.63,228.25,9.67,0.26,0.05,890,564.08,564.26,iron
2,389137329,1,0,1,30.6,0.51,82.14,1.13,127.57,-67.63,14.63,-4.83,1.091,0.077,0.923,0.063,751.62,11.56,3907.4,11427.69,1.62,0.05,20962.18,32.25,4961.73,73.46,-70.09,498193.4,6104214.22,1364.75,0.13,34.13,225.5,8.62,0.26,0.05,751,364.82,656.72,iron
2,96424881,0,0,1,41.95,0.72,166.22,1.33,37.61,-49.5,330.14,-17.44,0.843,0.069,0.708,0.057,742.91,19.84,5092.99,15067.66,1.27,0.06,10300.56,108.48,-4749.17,75.76,-33.68,487561.98,6094483.58,1377.4,0.14,26.73,220.7,10.95,0.28,0.05,686,42.85,426.28,iron
3,235533048,1,0,1,42.25,0.4,235.65,0.52,303.05,1.32,193.1,-61.55,1.129,0.078,0.955,0.064,773.56,15.3,4882.42,12177.59,1.59,0.05,12094.86,37.56,27928.49,38.9,-97.57,489274.91,6127146.74,1373.48,0.09,45.2,238.76,8.59,0.27,0.05,1153,325.33,375.48,proton
2,492332035,0,0,1,35.79,0.55,217.25,1.02,327.18,6.27,231.5,-49.18,0.771,0.057,0.646,0.046,717.07,18.46,4770.59,10111.5,1.18,0.03,22007.58,62.72,6193.54,30.95,-83.17,499234.5,6105448.24,1359.0,0.07,77.28,217.25,10.16,0.25,0.05,741,104.62,636.33,iron
4,545375416,0,0,1,60.58,0.33,218.62,0.63,344.82,-9.27,266.64,-46.66,10.531,0.775,9.109,0.667,759.95,17.12,7977.75,22965.82,15.94,0.35,-4611.65,107.13,9787.9,180.84,-0.44,472623.5,6108974.17,1408.57,0.06,75.57,226.42,6.0,0.29,0.05,818,171.29,172.62,proton
3,728706314,1,0,1,41.15,0.77,187.77,0.79,11.37,-28.36,301.45,-30.29,1.29,0.091,1.095,0.076,720.0,8.95,5292.03,10083.31,1.89,0.04,-1591.27,84.67,31401.72,58.53,-1.34,475586.71,6130581.68,1477.47,0.2,22.24,229.93,8.39,0.25,0.05,1553,97.93,450.82,iron
3,484557002,1,0,1,49.64,0.34,10.3,0.71,51.98,-61.24,344.76,-15.07,1.143,0.081,0.965,0.067,689.55,19.17,6725.76,12294.67,1.64,0.05,5480.9,58.0,26122.43,34.79,-74.52,482669.54,6125324.03,1382.27,0.11,38.9,232.76,9.41,0.26,0.05,1111,296.08,486.17,iron
3,553943165,0,0,1,34.65,0.68,123.66,0.61,49.47,-38.37,323.9,-4.84,1.625,0.124,1.389,0.104,707.42,16.61,4742.2,15830.96,2.48,0.09,-8959.64,50.59,25943.08,61.34,-4.86,468236.84,6125109.17,1456.02,0.07,58.67,222.05,9.17,0.26,0.05,987,165.58,645.52,iron
1,515043435,1,1,1,53.62,0.64,342.21,0.61,13.36,-61.02,339.92,-32.91,19.412,1.603,16.9,1.398,798.98,23.29,6281.51,25466.27,27.9,0.66,-12376.09,164.22,-3397.98,51.53,4.16,464896.8,6095776.6,1417.11,0.08,57.27,240.49,6.44,0.24,0.04,482,7.35,35.52,iron
1,536699325,1,1,1,44.88,0.16,219.52,0.8,341.94,-13.02,269.59,-50.94,2.572,0.191,2.212,0.162,702.63,15.84,5936.83,11503.1,3.9,0.08,-7488.37,44.46,-16637.19,44.2,-35.21,469814.87,6082557.83,1390.88,0.09,104.9,225.01,9.64,0.25,0.05,193,375.66,379.5,iron
1,142033517,1,0,1,39.18,0.65,5.26,0.51,207.1,-71.24,33.32,-23.75,2.365,0.168,2.033,0.142,785.49,6.7,4406.6,9924.76,3.81,0.07,-11454.76,86.61,-25031.8,33.29,-75.43,465874.04,6074158.36,1386.56,0.18,23.01,211.44,7.75,0.26,0.05,300,382.12,524.33,iron
1,50624222,1,0,1,49.49,0.62,319.88,0.56,258.51,-42.9,67.25,-50.9,1.28,0.088,1.085,0.073,757.71,20.68,6015.53,15521.64,1.98,0.07,-7817.07,80.49,-27072.44,68.63,-81.34,469511.99,6072128.56,1380.3,0.17,22.97,216.88,7.5,0.26,0.04,331,181.0,183.41,iron
3,71872468,0,0,1,43.92,0.66,179.81,0.74,3.53,3.18,265.44,-24.26,0.655,0.049,0.546,0.04,659.23,20.58,6362.68,15417.13,0.9,0.04,-5922.62,106.36,31182.28,66.47,49.57,471257.71,6130351.43,1530.74,0.17,21.25,241.26,9.42,0.26,0.05,1547,274.83,531.33,iron
1,508373970,0,0,1,34.22,0.56,75.97,1.67,62.05,-46.62,335.96,-1.94,1.848,0.147,1.584,0.124,767.66,15.93,4132.39,16782.41,2.78,0.1,-10704.23,66.47,-14539.44,68.72,-25.96,466595.44,6084645.39,1398.48,0.11,38.19,226.0,9.18,0.27,0.05,169,532.86,645.81,iron
4,603631038,1,1,1,31.3,0.51,196.73,0.88,0.58,-22.52,291.28,-37.92,3.47,0.319,2.998,0.273,870.22,19.27,2859.52,14440.55,4.98,0.2,-19434.09,32.26,6821.08,39.25,35.98,457816.53,6105971.4,1470.77,0.06,78.85,239.3,10.44,0.19,0.05,1726,98.63,430.75,iron
3,738862785,1,0,1,30.65,0.22,48.0,1.04,99.26,-72.09,5.64,-10.56,1.26,0.094,1.071,0.078,666.3,20.02,4926.11,9546.88,1.83,0.04,-3163.46,30.84,26208.64,27.85,-39.91,474029.68,6125388.59,1415.65,0.08,90.85,232.77,10.47,0.26,0.05,1095,327.56,576.86,iron
1,611317696,1,0,1,33.85,0.49,14.06,0.69,189.43,-77.82,24.88,-21.77,1.253,0.091,1.064,0.076,728.23,14.14,4504.67,11327.75,1.9,0.06,-22736.68,43.67,-17230.11,34.62,-52.94,454576.87,6081926.57,1410.34,0.08,60.54,222.6,10.16,0.26,0.05,338,240.41,672.08,iron
3,128793364,0,0,1,60.09,0.53,284.5,1.28,290.81,-19.97,133.11,-76.79,1.7,0.117,1.446,0.097,704.18,29.45,8502.29,20093.54,2.36,0.08,15196.47,68.56,34952.43,186.39,-80.46,492354.49,6134178.55,1430.14,0.1,21.41,242.8,7.68,0.25,0.05,1137,400.13,415.0,iron
1,304178719,0,0,1,37.93,0.45,139.28,0.59,1.4,34.01,238.31,-7.51,1.301,0.103,1.105,0.087,775.51,15.67,4263.27,12903.39,2.1,0.08,-5948.58,31.55,-21800.58,44.85,-55.8,471366.73,6077401.39,1384.32,0.06,69.39,207.76,10.8,0.32,0.06,296,279.79,425.73,proton
1,649697665,0,0,1,39.72,0.74,342.82,1.03,6.34,-56.95,335.32,-36.83,0.693,0.054,0.579,0.044,640.28,23.91,5860.46,12420.15,1.01,0.04,-14478.47,96.55,-17120.7,54.63,-43.61,462831.89,6082056.37,1397.99,0.06,48.52,227.22,9.48,0.26,0.05,410,4.45,633.03,iron
1,770335071,0,0,1,49.46,0.44,52.61,0.92,54.19,-23.41,313.43,6.6,0.85,0.06,0.713,0.048,752.25,15.99,5902.73,11298.32,1.3,0.04,-20443.64,40.73,-21156.95,61.61,-66.62,456878.8,6078007.94,1401.3,0.17,22.73,217.89,7.98,0.28,0.05,402,216.68,670.59,iron
1,193830873,0,0,1,47.17,0.5,337.14,0.68,356.7,-66.8,348.8,-38.78,0.638,0.044,0.531,0.035,738.87,17.89,5710.59,11597.15,0.88,0.03,-11943.07,51.46,-23019.48,50.78,-64.42,465378.2,6076168.37,1387.67,0.14,26.1,238.39,8.89,0.26,0.05,343,52.02,217.86,iron
4,922812873,1,0,0,47.51,0.71,32.27,0.66,161.48,-61.38,30.26,-3.84,1.463,0.123,1.245,0.104,591.09,28.83,7366.89,17061.01,2.16,0.1,-21198.93,81.79,11639.99,88.11,61.89,456043.16,6110784.09,1509.33,0.22,31.63,229.04,11.39,0.25,0.06,1755,364.15,558.46,iron
2,681164979,0,0,1,40.92,0.52,328.6,0.79,354.03,-47.34,323.98,-45.57,1.166,0.099,0.988,0.083,794.48,20.21,4444.5,14135.48,1.7,0.08,20668.63,76.62,10449.11,35.95,-81.36,497885.03,6109699.18,1358.85,0.05,74.87,230.31,9.59,0.25,0.05,1004,600.5,628.43,iron
3,750588828,0,0,1,30.32,1.33,255.93,0.68,328.53,-43.5,327.93,-63.65,0.741,0.055,0.621,0.045,742.19,8.57,3945.8,7383.62,1.18,0.03,2106.42,35.86,29581.4,120.28,-40.34,479287.04,6128769.93,1432.6,0.14,30.93,209.66,9.68,0.25,0.05,1105,375.42,845.92,iron
2,527070637,1,1,1,47.2,0.28,68.38,0.67,112.64,-53.02,6.6,9.35,4.217,0.31,3.639,0.263,722.42,12.65,5957.26,14979.05,6.29,0.15,7679.18,57.37,-16767.65,62.8,-46.32,484972.84,6082464.26,1378.99,0.07,97.51,229.42,9.49,0.27,0.05,483,544.56,657.12,iron
3,539052224,1,1,1,30.87,0.42,239.09,0.43,329.98,-8.8,252.31,-58.54,3.137,0.23,2.709,0.195,740.96,12.61,4050.79,13832.05,4.66,0.11,13799.74,32.38,26428.03,32.55,-101.15,490981.54,6125650.07,1368.94,0.07,50.95,231.01,8.38,0.23,0.05,1158,70.26,139.86,iron
3,536289731,1,1,1,33.61,0.58,308.46,0.58,334.63,-50.53,335.68,-56.44,4.2,0.316,3.631,0.27,718.52,13.23,4527.67,18124.93,6.24,0.16,-855.96,54.93,18910.66,44.95,-29.16,476353.41,6118100.97,1398.23,0.09,41.5,230.98,8.52,0.23,0.05,1366,134.71,368.4,iron
2,444497868,1,0,1,32.29,0.33,115.43,0.91,35.68,-17.1,299.35,-5.35,1.43,0.097,1.219,0.08,694.03,11.08,4682.03,13196.64,2.06,0.05,15899.09,41.1,4341.38,50.28,-48.11,493135.86,6103580.73,1370.26,0.12,30.84,235.16,8.4,0.27,0.05,1321,1078.87,1225.6,iron
3,859775620,0,0,1,44.84,0.87,158.99,0.66,44.7,-45.73,328.64,-11.53,1.322,0.104,1.122,0.087,709.25,25.33,5847.32,19236.79,1.96,0.1,-9653.44,83.48,26194.75,99.13,-30.93,467541.86,6125358.7,1432.04,0.11,36.59,226.97,10.58,0.26,0.06,986,340.42,347.15,iron
2,377761681,1,0,1,38.75,0.43,205.4,0.59,333.38,10.66,234.96,-42.04,2.332,0.159,2.005,0.133,791.05,10.54,4331.67,11671.38,3.42,0.07,12515.13,67.14,-4398.66,26.38,-36.62,489775.17,6094839.23,1377.17,0.13,24.92,232.73,8.22,0.24,0.05,727,364.6,366.45,iron
3,784124513,1,0,1,36.26,0.31,316.53,0.5,342.21,-49.1,329.67,-52.73,1.752,0.121,1.499,0.101,693.99,11.38,5096.32,9551.04,2.76,0.05,-1741.76,25.39,28546.55,25.57,-34.76,475442.48,6127730.01,1426.02,0.1,50.94,216.08,8.95,0.24,0.05,1304,380.22,761.76,iron
1,810587146,0,0,1,25.7,0.47,205.49,0.88,344.57,-1.16,256.94,-42.39,0.798,0.059,0.671,0.048,675.94,19.48,4437.69,9401.84,1.17,0.03,-18333.52,32.81,-17902.52,27.1,-46.13,458980.47,6081266.29,1403.03,0.08,68.11,226.8,10.52,0.26,0.05,416,606.97,620.35,iron
1,931777329,0,0,1,34.14,0.46,94.6,0.73,36.65,-10.24,293.66,-1.4,0.77,0.055,0.646,0.044,690.35,14.52,4935.15,9834.8,1.12,0.03,-23283.27,40.57,-22223.62,40.08,-70.85,454043.78,6076932.52,1407.16,0.13,33.82,227.77,9.8,0.26,0.05,371,613.01,616.23,iron
1,491693282,0,0,1,27.99,0.49,14.48,1.87,25.87,-49.27,327.43,-24.65,0.873,0.072,0.735,0.059,800.08,17.93,3251.07,12204.79,1.3,0.05,-7146.71,59.33,-25844.72,41.61,-74.67,470178.95,6073356.5,1380.71,0.1,39.28,224.95,10.67,0.25,0.05,302,303.01,303.58,proton
1,386301049,1,0,1,44.16,0.45,103.74,0.47,71.62,-39.76,335.58,7.81,2.408,0.159,2.07,0.133,725.9,14.34,5644.23,16106.41,3.64,0.1,-9470.43,54.34,-17801.86,55.2,-41.15,467836.72,6081389.56,1391.6,0.11,31.48,226.36,6.96,0.21,0.05,199,466.19,687.28,iron
4,801799444,1,1,1,34.38,0.57,62.05,1.03,153.6,-63.45,26.06,-3.77,3.37,0.261,2.91,0.222,728.99,14.3,4528.95,14286.62,5.11,0.12,-21476.72,69.04,21368.23,60.39,48.33,455740.32,6120505.86,1522.28,0.08,30.88,225.7,9.73,0.3,0.05,1026,257.21,586.63,iron
3,201501347,1,0,1,43.72,0.41,224.84,0.88,336.02,-52.85,338.3,-54.47,2.019,0.137,1.731,0.115,708.68,12.05,5765.56,18853.92,2.92,0.09,-8377.21,83.83,27011.78,72.42,-4.86,468818.23,6126179.05,1456.02,0.16,27.44,235.37,7.08,0.25,0.04,987,341.91,449.82,iron
4,898176705,1,1,1,57.36,0.3,282.93,0.52,293.01,-20.87,135.36,-78.99,7.034,0.465,6.075,0.397,737.6,14.97,7606.78,19212.84,10.05,0.17,-17613.02,34.79,16314.68,84.92,41.97,459613.4,6115464.88,1486.59,0.11,28.74,239.56,4.23,0.28,0.03,905,124.29,129.45,iron
4,631324902,0,0,1,45.83,0.58,130.58,0.84,102.46,-58.56,2.33,2.63,1.489,0.112,1.268,0.094,657.51,19.04,6595.79,16031.43,2.26,0.08,-18164.93,71.12,22301.29,110.41,14.36,459046.1,6121446.64,1480.67,0.06,57.29,222.77,10.27,0.24,0.05,1022,212.7,215.36,iron
1,974146673,1,0,1,57.29,0.7,334.29,1.07,240.09,-47.87,61.77,-37.64,1.292,0.095,1.093,0.078,746.49,34.21,7282.79,18727.75,1.87,0.08,-9220.61,129.21,-18703.37,132.44,-44.91,468088.06,6080488.85,1388.69,0.1,29.11,232.17,9.51,0.27,0.05,305,644.59,749.15,iron
2,986086715,1,1,1,45.93,0.55,19.39,0.39,193.27,-55.37,46.01,-11.83,7.077,0.519,6.129,0.446,768.65,16.06,5248.71,20851.7,10.24,0.25,17602.66,83.18,14473.08,38.38,-79.47,494812.82,6113712.37,1361.92,0.08,49.33,237.56,6.97,0.25,0.04,1475,73.16,197.65,iron
3,986107487,0,1,1,45.89,0.93,18.45,0.51,194.46,-55.32,46.4,-12.39,7.34,0.596,6.358,0.513,760.1,26.34,5327.17,26323.8,10.59,0.34,17528.37,119.01,14615.3,91.74,-79.47,494738.1,6113854.27,1361.92,0.07,52.39,238.38,8.81,0.24,0.05,1475,107.36,107.37,iron
4,490064424,1,0,1,40.78,0.33,154.13,0.55,99.61,-73.29,6.19,-11.64,1.731,0.126,1.48,0.106,664.02,16.86,5729.14,9749.71,2.54,0.06,-23362.81,29.33,20600.01,34.28,63.89,453859.69,6119730.78,1536.23,0.08,71.78,230.95,9.17,0.25,0.05,690,632.73,636.11,iron
2,288394771,1,0,1,39.65,0.39,237.34,0.59,314.34,-53.85,358.47,-61.99,1.116,0.08,0.944,0.066,800.42,16.21,4287.65,10445.33,1.58,0.04,15828.03,37.79,4413.27,31.97,-52.92,493063.57,6103653.57,1368.94,0.08,68.25,237.68,9.53,0.26,0.05,775,158.64,331.64,iron
4,628801152,1,1,1,48.04,0.34,53.39,0.64,193.07,-22.86,73.45,5.82,2.935,0.214,2.526,0.181,689.2,16.21,6509.23,13154.93,4.28,0.1,-30928.53,76.88,-911.44,38.5,49.69,446347.92,6098212.71,1522.13,0.07,87.17,234.06,9.77,0.28,0.05,1055,432.34,443.19,proton
4,200075565,1,1,1,39.11,0.34,225.17,0.47,332.87,-5.68,251.29,-54.35,2.534,0.174,2.181,0.146,801.14,10.46,4297.29,10838.88,3.7,0.07,-22237.66,28.04,9874.44,31.53,58.24,455006.95,6109015.01,1506.47,0.07,61.82,234.07,7.81,0.25,0.05,672,427.0,556.64,proton
4,313963468,1,0,0,35.84,1.12,343.47,1.06,354.98,-71.89,354.96,-37.13,1.009,0.109,0.852,0.092,752.53,29.03,4446.77,11941.56,1.47,0.1,-33168.34,109.74,4011.68,50.16,76.73,444099.89,6103129.15,1565.55,0.05,49.55,229.4,10.51,0.25,0.05,627,213.03,421.89,proton
3,567170429,1,0,1,35.94,0.54,70.25,0.55,71.92,-51.75,344.09,-0.66,1.98,0.138,1.698,0.116,672.28,12.33,5329.31,14706.94,3.03,0.08,16723.45,38.26,30759.29,60.17,-109.84,493891.78,6129983.64,1382.88,0.08,52.1,222.31,7.75,0.26,0.05,1489,489.67,599.62,iron
3,535818616,0,0,1,36.26,1.02,88.97,0.97,76.46,-51.68,346.14,1.28,1.632,0.153,1.395,0.131,930.55,25.48,2785.98,14538.35,2.4,0.14,17506.05,35.94,29962.59,62.73,-119.0,494676.82,6129193.41,1377.67,0.06,77.17,230.74,10.15,0.25,0.05,1471,300.3,324.7,proton
2,177951065,0,0,1,39.31,0.75,133.04,1.34,49.2,-36.1,321.83,-3.86,1.144,0.091,0.969,0.075,714.38,20.47,5162.69,16405.57,1.77,0.08,17501.68,87.23,7722.01,82.7,-62.95,494728.75,6106964.38,1364.74,0.15,32.26,216.64,10.9,0.26,0.05,1002,399.9,597.05,iron
3,736324036,1,0,1,35.89,0.36,307.53,0.53,318.77,-57.38,356.86,-57.74,1.615,0.105,1.38,0.087,715.41,8.71,4721.95,11753.19,2.51,0.05,2332.67,26.06,25488.66,49.32,-63.87,479523.44,6124683.21,1386.53,0.11,33.25,217.95,6.4,0.26,0.04,1278,266.98,328.72,iron
3,924069358,0,0,1,25.79,0.63,35.64,1.07,79.06,-77.64,3.89,-17.95,0.763,0.057,0.64,0.046,684.9,15.33,4250.88,12375.52,1.13,0.04,14347.8,47.26,32066.99,47.77,-93.18,491513.92,6131286.05,1400.64,0.08,43.79,224.96,9.38,0.26,0.05,1144,515.54,546.8,iron
1,13764430,1,0,1,22.49,0.31,132.21,1.8,40.43,-54.62,335.8,-17.73,1.894,0.142,1.626,0.12,775.06,12.76,3046.87,11902.69,2.8,0.07,-24817.13,36.75,-18422.23,39.02,-56.0,452501.2,6080729.83,1418.37,0.1,42.47,230.54,8.49,0.24,0.04,388,135.73,760.25,iron
4,634317186,1,0,0,31.26,0.47,265.08,0.91,329.88,-27.39,289.73,-66.09,1.112,0.094,0.942,0.079,831.13,16.12,3161.18,10513.24,1.69,0.07,-23158.3,29.52,21796.01,31.95,57.15,454058.14,6120927.92,1536.55,0.05,77.3,221.22,10.33,0.28,0.05,1024,98.56,607.75,proton
1,759796115,0,0,1,45.81,0.72,60.09,0.79,97.23,-54.07,358.04,5.81,0.853,0.061,0.715,0.049,738.99,21.04,5594.57,13767.02,1.21,0.04,-7657.14,65.9,-27516.74,82.09,-81.34,469672.41,6071682.15,1380.33,0.11,32.65,235.56,8.81,0.25,0.05,331,495.76,666.2,iron
2,461919593,0,0,1,40.24,0.6,224.06,0.53,343.15,-24.38,287.74,-53.83,1.488,0.108,1.268,0.09,785.24,16.48,4474.17,14723.93,2.25,0.08,10610.98,46.64,3481.82,52.22,-32.89,487852.22,6102709.92,1377.11,0.08,51.34,223.21,8.84,0.27,0.05,1236,169.12,537.15,proton
3,327045399,1,1,1,41.89,0.39,191.03,0.49,14.82,-53.99,331.58,-32.11,4.881,0.335,4.22,0.285,757.56,8.84,4936.54,13335.28,7.35,0.12,-4055.63,59.12,28287.07,52.67,-2.71,473129.54,6127462.38,1464.98,0.13,22.23,228.29,5.7,0.22,0.03,1548,529.2,754.58,iron
3,369265337,0,0,1,40.52,0.82,345.55,0.74,237.23,-38.02,73.72,-34.7,1.113,0.086,0.942,0.071,675.61,23.09,5626.4,17152.43,1.69,0.08,9969.37,87.75,22413.69,74.23,-74.91,487164.19,6121628.54,1373.04,0.12,36.82,220.87,10.02,0.27,0.05,1530,192.29,196.63,iron
1,664028621,1,0,1,38.05,0.41,91.15,0.58,161.87,-53.48,34.85,2.61,2.427,0.16,2.088,0.134,715.54,9.67,4941.19,10611.29,3.33,0.06,-22614.77,38.72,-21156.9,49.86,-70.85,454708.92,6078004.64,1407.15,0.15,27.84,249.25,7.46,0.23,0.05,371,494.46,495.61,iron
1,10940349,0,0,1,28.92,0.44,87.87,0.83,185.47,-52.72,45.61,-6.56,0.748,0.052,0.627,0.042,687.89,13.35,4445.44,9390.29,1.1,0.03,-10587.04,39.51,-24389.68,29.1,-68.93,466737.63,6074802.14,1386.66,0.1,45.93,225.49,8.97,0.26,0.05,334,244.18,388.34,iron
1,28698870,0,0,1,24.56,0.47,354.41,1.03,237.03,-35.51,76.68,-34.1,0.766,0.055,0.643,0.044,713.47,11.92,3873.55,8126.63,1.16,0.03,-12457.71,40.56,-23485.42,30.71,-63.63,464865.59,6075701.13,1391.41,0.1,40.98,219.53,10.41,0.25,0.05,419,840.87,866.18,iron
1,791495032,0,0,1,57.95,0.4,274.9,0.92,297.01,-27.44,98.1,-84.73,1.9,0.143,1.621,0.12,758.63,20.09,7413.21,16942.61,2.81,0.09,-3138.8,124.79,-16837.04,158.95,-36.73,474162.12,6082370.39,1385.49,0.05,59.81,228.86,9.08,0.26,0.05,316,280.3,331.32,iron
1,933377741,1,0,1,39.7,0.4,87.91,1.45,76.26,-47.45,343.3,4.42,18.635,1.663,16.257,1.453,755.2,12.44,4744.98,29332.64,27.7,0.76,-11631.45,92.81,-1682.44,91.57,6.82,465636.59,6097493.14,1417.81,0.11,33.21,233.21,8.74,0.22,0.04,487,99.52,352.72,proton
4,933350803,1,0,1,37.62,0.84,88.36,1.1,73.83,-48.78,342.96,2.35,22.978,1.944,20.08,1.702,739.89,8.9,4681.22,24953.1,34.34,0.6,-11580.58,79.04,-1560.62,95.2,6.82,465687.13,6097615.11,1417.82,0.06,89.24,232.2,7.6,0.23,0.04,487,418.68,463.11,iron
4,546262940,1,0,1,50.28,0.28,188.23,0.45,10.86,-17.91,290.01,-27.29,1.824,0.119,1.559,0.099,847.71,11.82,5256.56,11448.46,2.82,0.06,-29524.02,40.21,4997.01,26.4,57.78,447734.11,6104122.7,1531.58,0.09,45.04,218.8,6.21,0.27,0.05,624,604.72,746.47,proton
4,180521659,0,0,1,59.7,0.14,149.71,0.57,55.8,-30.66,320.27,3.72,9.847,0.73,8.517,0.628,734.67,9.72,7980.56,19089.85,14.19,0.25,-4843.72,71.71,4504.63,114.07,1.62,472404.71,6103693.28,1404.97,0.07,117.16,238.19,7.5,0.25,0.05,1235,148.89,150.16,iron
1,946607629,0,0,1,38.45,0.89,27.04,0.9,195.54,-55.27,46.76,-12.9,0.911,0.072,0.767,0.059,837.59,21.97,3800.11,12544.9,1.33,0.05,-18507.14,59.59,-15926.43,51.09,-41.19,458801.64,6083240.62,1406.56,0.09,47.5,228.35,9.54,0.25,0.05,415,65.46,495.25,proton
1,420085820,1,0,1,40.32,0.44,13.45,0.67,217.08,-35.92,71.34,-18.64,1.05,0.072,0.887,0.058,653.95,12.95,5886.24,10844.81,1.61,0.04,-14569.21,36.03,-21500.46,49.13,-59.62,462749.79,6077679.34,1392.41,0.18,28.18,218.19,7.88,0.25,0.04,344,513.4,516.54,iron
2,587457818,0,0,1,63.99,0.55,237.18,3.18,316.65,-0.68,221.59,-60.45,0.981,0.076,0.821,0.062,746.07,31.72,8851.19,17688.8,1.47,0.06,14387.67,352.28,4242.99,304.51,-48.11,491624.13,6103479.18,1370.15,0.08,29.66,221.57,10.39,0.26,0.05,1321,106.24,207.25,proton
2,711849599,0,0,1,39.23,0.46,141.06,0.58,56.44,-50.11,336.52,-7.02,0.638,0.043,0.532,0.034,694.81,11.37,5330.79,11827.03,0.94,0.03,16339.03,49.84,1233.06,53.7,-49.87,493582.81,6100476.89,1370.75,0.2,22.07,224.49,7.99,0.25,0.05,735,152.93,417.4,iron
1,610965654,1,0,1,32.3,0.43,42.39,0.74,196.73,-50.8,51.1,-11.33,1.039,0.075,0.878,0.062,684.79,14.56,4780.8,9857.28,1.58,0.04,-22685.17,33.38,-19975.77,36.7,-64.28,454635.34,6079182.47,1406.74,0.09,49.45,221.1,10.23,0.25,0.05,399,206.02,585.61,iron
4,323109941,0,1,1,42.46,0.43,285.19,1.6,284.16,-27.33,97.85,-73.32,4.415,0.342,3.815,0.292,750.72,14.19,5105.28,23032.08,6.49,0.23,-24454.97,91.35,-2952.69,90.91,5.9,452824.11,6096191.21,1453.43,0.14,28.89,233.4,8.83,0.23,0.05,1251,113.54,327.72,iron
4,55250352,1,1,1,40.66,0.47,171.93,1.04,67.37,-79.88,3.92,-21.13,7.671,0.618,6.652,0.534,745.21,12.81,4932.48,21274.52,11.99,0.32,-10463.24,51.45,24681.1,84.63,-28.92,466741.01,6123842.92,1423.92,0.06,98.35,219.96,8.11,0.28,0.04,922,808.47,831.44,iron
1,2882856,1,0,1,39.5,0.36,253.0,0.49,324.83,-29.71,295.65,-70.6,2.403,0.176,2.067,0.149,701.37,12.4,5205.48,14513.79,3.67,0.11,-3256.6,26.12,-25532.91,50.87,-75.6,474066.57,6073678.37,1376.18,0.07,67.14,223.62,8.56,0.27,0.05,349,38.85,570.47,iron
2,328533470,1,0,1,28.06,0.42,32.63,0.75,202.71,-57.77,46.26,-17.55,1.311,0.094,1.116,0.078,720.72,13.53,3976.69,10583.61,1.9,0.06,20722.77,25.5,4825.68,43.59,-70.09,497954.31,6104078.35,1364.73,0.09,45.11,232.39,9.91,0.26,0.06,751,119.35,523.59,iron
3,866383011,0,0,1,42.96,0.51,300.56,1.0,276.0,-40.09,65.74,-64.25,1.451,0.102,1.235,0.085,758.5,13.7,4998.2,17065.43,2.12,0.07,7913.55,63.69,22208.67,101.28,-64.97,485109.71,6121418.4,1378.97,0.18,26.41,230.95,8.28,0.27,0.05,1399,587.88,668.62,proton
1,816097914,1,0,1,26.15,0.39,357.79,0.75,233.23,-41.8,68.65,-32.28,1.037,0.074,0.877,0.061,724.75,13.04,3800.03,8782.45,1.5,0.04,-19853.72,25.44,-18827.13,28.04,-54.37,457462.87,6080337.87,1405.14,0.08,63.12,232.61,9.57,0.26,0.05,318,103.4,190.2,iron
4,361758727,1,0,0,29.6,0.67,53.28,0.81,207.6,-32.58,71.32,-10.13,1.072,0.078,0.908,0.064,627.0,14.27,5152.63,7903.82,1.59,0.04,-27568.1,50.9,17872.57,35.53,103.1,449660.33,6116994.77,1585.5,0.21,33.12,226.34,8.43,0.26,0.04,702,503.54,504.25,iron
4,766689950,1,1,1,39.5,0.14,203.9,0.53,313.92,-75.95,9.35,-40.88,16.065,1.16,14.002,1.009,798.68,5.67,4229.16,11317.33,24.12,0.27,-18886.98,17.23,17283.3,27.58,43.27,458338.93,6116429.22,1493.48,0.08,98.65,230.05,6.29,0.28,0.05,845,28.01,426.42,iron
4,516114900,1,0,1,50.93,0.39,280.05,0.66,296.05,-33.8,52.79,-81.08,1.333,0.086,1.13,0.071,746.34,14.34,6181.42,12389.68,2.0,0.05,-24688.51,52.24,12523.58,43.09,84.19,452552.33,6111656.39,1545.08,0.18,22.37,224.53,6.52,0.26,0.05,1840,191.28,201.94,iron
2,666056104,0,0,1,49.62,0.94,154.73,1.2,53.13,-45.24,331.21,-6.17,1.06,0.088,0.894,0.073,730.98,29.38,6135.24,15525.93,1.58,0.07,25087.62,176.16,7595.49,77.75,-96.46,502310.41,6106857.37,1356.83,0.07,36.85,224.66,9.4,0.27,0.05,770,172.29,683.31,iron
1,859834695,1,0,1,29.99,0.25,208.73,0.89,274.93,-69.89,25.9,-44.3,1.542,0.116,1.317,0.097,753.91,12.46,3772.92,10295.22,2.3,0.06,-6905.55,21.24,-26225.21,32.14,-79.94,470420.43,6072976.38,1380.05,0.07,87.9,227.06,9.99,0.26,0.05,470,644.5,767.54,iron
4,734364704,1,0,1,43.96,0.53,205.83,0.51,316.94,-75.14,8.11,-41.47,1.371,0.096,1.166,0.079,693.78,16.66,5804.44,15054.38,1.91,0.06,-31368.87,61.4,2694.98,48.94,65.43,445901.32,6101818.46,1542.1,0.11,36.75,242.1,8.28,0.26,0.05,938,183.08,379.39,iron
2,600001973,0,0,1,26.24,0.43,245.46,0.99,331.78,-50.71,337.84,-57.84,0.727,0.053,0.609,0.043,761.51,13.76,3399.57,7180.58,1.07,0.03,15314.23,39.38,-5210.81,18.1,-48.35,492574.65,6094034.72,1371.95,0.1,45.25,225.69,10.82,0.26,0.06,754,381.35,384.73,iron
3,659094943,0,0,1,45.4,1.19,12.49,1.46,221.71,-19.06,89.33,-16.09,1.025,0.083,0.865,0.069,668.32,34.06,6162.71,14819.52,1.54,0.06,6121.51,194.85,21798.32,78.81,-57.71,483318.04,6121003.63,1380.94,0.07,54.84,222.38,10.98,0.25,0.05,1353,131.15,654.89,iron
3,786430392,1,0,1,19.87,0.48,3.26,1.32,232.44,-40.94,69.53,-31.56,1.079,0.091,0.915,0.076,810.42,15.94,2549.3,7662.75,1.62,0.05,9047.66,36.33,30057.61,32.83,-77.18,486223.6,6129265.52,1401.01,0.08,45.81,224.34,11.45,0.28,0.06,1369,39.35,419.27,proton
2,663469777,0,0,1,37.47,0.7,128.24,0.79,156.82,-62.86,27.63,-3.94,0.784,0.056,0.657,0.045,663.28,20.21,5344.05,13249.42,1.11,0.04,10911.61,57.07,-6147.36,64.14,-36.38,488176.48,6093088.3,1377.12,0.1,38.81,235.23,9.41,0.26,0.05,578,28.03,659.86,iron
3,18974983,0,0,1,52.4,0.64,196.06,0.9,296.6,-85.09,13.5,-32.0,1.642,0.122,1.399,0.102,681.69,26.98,7016.49,17775.26,2.43,0.09,6464.37,147.98,20513.11,53.78,-51.99,483668.73,6119721.35,1381.82,0.09,45.68,228.21,9.83,0.26,0.05,1468,546.08,665.03,iron
2,865302679,0,0,1,45.61,0.41,73.22,1.0,200.03,-5.26,92.18,8.98,1.29,0.091,1.094,0.075,794.19,16.09,4945.36,17507.23,1.87,0.08,26881.04,63.85,7743.05,92.29,-110.16,504102.66,6107012.36,1353.93,0.17,23.22,231.93,9.5,0.23,0.05,743,315.02,543.94,proton
2,76119148,0,0,1,38.71,0.74,86.63,1.6,109.33,-58.65,5.82,3.47,0.676,0.059,0.564,0.048,642.98,29.54,5865.87,15847.85,0.99,0.06,20308.79,83.27,6871.75,100.79,-75.84,497535.79,6106123.18,1361.26,0.18,29.15,226.81,12.22,0.26,0.06,789,329.8,332.91,iron
3,757200729,0,0,1,45.13,0.73,133.34,1.1,110.62,-61.38,7.0,0.93,2.315,0.191,1.989,0.162,695.19,21.1,6034.87,15773.07,3.52,0.14,-874.11,148.33,18467.98,67.01,-29.16,476336.36,6117658.48,1398.23,0.05,72.17,223.86,10.34,0.27,0.05,1366,191.98,193.85,iron
2,477766837,1,0,1,43.71,0.42,202.66,0.52,321.87,-76.94,7.42,-39.38,1.193,0.081,1.01,0.067,770.62,14.96,5030.48,12440.16,1.72,0.05,13880.12,44.86,1197.78,42.31,-45.07,491123.62,6100434.97,1371.97,0.11,30.03,232.91,8.34,0.25,0.05,733,658.05,664.17,proton
2,758659020,0,0,1,39.36,0.86,144.52,1.13,42.28,-35.42,318.49,-8.42,0.892,0.074,0.751,0.061,818.96,20.81,4123.78,15775.01,1.33,0.07,7946.26,77.46,-5557.34,65.2,-25.46,485212.45,6093669.47,1381.29,0.14,38.89,223.54,9.98,0.27,0.05,645,672.73,694.77,proton
1,404594073,1,0,1,45.08,0.69,128.58,0.65,156.26,-55.6,30.96,2.51,12.945,1.086,11.257,0.944,769.52,18.31,5288.87,26216.33,18.67,0.48,-17492.39,96.06,-4460.25,80.13,5.3,459785.83,6094702.61,1431.45,0.11,34.22,238.86,7.91,0.29,0.04,1322,129.9,287.96,iron
4,404550069,1,0,1,44.3,0.09,127.78,0.67,157.94,-55.5,31.84,2.13,15.607,1.236,13.591,1.076,782.2,9.39,5064.03,20771.65,21.73,0.43,-17730.32,49.67,-4390.29,38.89,5.3,459548.26,6094771.46,1431.45,0.07,105.02,248.46,7.33,0.23,0.04,1322,125.22,250.76,proton
2,872774600,0,0,1,45.49,1.06,124.47,0.93,190.5,-28.92,67.1,4.4,1.302,0.101,1.105,0.085,757.71,27.0,5451.86,16831.98,1.95,0.08,22604.52,125.15,8148.21,96.43,-88.15,499826.23,6107404.69,1358.19,0.12,30.22,224.06,9.65,0.27,0.05,745,248.82,282.49,iron
1,62445169,0,0,1,58.49,0.63,296.6,2.06,293.45,-6.56,167.48,-67.54,1.311,0.117,1.108,0.098,685.11,32.1,8285.97,17676.42,1.93,0.1,-7037.94,204.04,-19491.53,272.19,-49.74,470274.34,6079702.03,1386.95,0.05,33.55,228.07,11.11,0.25,0.05,312,319.81,642.23,iron
1,850711122,1,0,1,43.42,0.31,61.6,0.47,168.79,-48.39,41.4,4.05,3.363,0.221,2.9,0.186,746.59,10.01,5291.5,11807.74,4.83,0.08,-9469.98,43.38,-26571.28,25.72,-81.83,467859.98,6072625.48,1381.74,0.14,30.82,238.09,5.58,0.26,0.05,325,202.83,215.3,iron
1,703610343,0,0,1,32.1,0.87,306.51,1.05,269.09,-16.82,114.01,-57.09,0.739,0.07,0.619,0.058,908.75,23.88,2509.01,9995.22,1.07,0.06,-8616.29,40.87,-26621.82,36.76,-81.34,468712.87,6072576.23,1380.33,0.08,47.65,229.57,10.47,0.24,0.05,331,238.45,627.34,proton
1,15746119,1,1,1,50.85,0.31,338.74,0.5,239.21,-40.02,71.55,-36.51,3.272,0.221,2.818,0.186,797.74,13.11,5808.29,13639.12,4.85,0.1,-14010.72,54.1,-16255.18,33.52,-36.48,463295.79,6082922.96,1399.94,0.1,42.46,230.94,5.96,0.22,0.05,438,82.42,155.31,proton
2,947481144,1,1,1,53.34,0.56,145.89,0.49,73.62,-49.97,343.66,1.38,2.697,0.193,2.317,0.163,861.27,23.61,5649.92,19116.6,3.82,0.12,24806.42,92.35,10631.33,56.26,-100.61,502022.61,6109889.94,1355.18,0.12,36.25,240.85,7.35,0.25,0.05,1691,263.45,266.71,proton
2,968337193,1,0,1,25.56,0.49,154.0,1.1,214.84,-49.74,56.84,-21.54,1.726,0.123,1.479,0.103,719.92,11.68,3912.89,13006.74,2.57,0.06,10111.59,53.81,-7076.82,37.82,-37.99,487379.17,6092157.02,1375.58,0.09,42.4,228.08,8.4,0.26,0.05,555,439.15,729.82,iron
1,579866711,0,0,1,47.48,0.69,94.94,1.19,188.86,-17.7,75.62,11.96,0.86,0.066,0.721,0.054,720.79,19.12,6162.54,18791.68,1.29,0.06,-21665.55,105.16,-14718.07,135.28,-35.03,455641.68,6084436.91,1415.97,0.22,22.92,221.62,8.96,0.26,0.05,447,468.18,680.98,iron
1,26132263,0,0,1,38.72,0.42,16.05,0.77,222.78,-21.94,86.96,-18.15,0.747,0.051,0.625,0.041,756.83,13.54,4665.22,9239.78,1.05,0.03,-15325.79,29.19,-21214.9,51.82,-60.76,461995.0,6077963.36,1394.69,0.15,31.08,235.92,8.63,0.27,0.05,425,52.8,398.89,iron
2,102362760,1,1,1,40.15,0.33,144.62,1.35,186.18,-54.15,44.72,-7.76,9.984,0.787,8.673,0.681,789.35,10.8,4509.27,24765.17,14.8,0.41,5230.64,87.48,9869.38,84.52,-25.91,482459.37,6109080.07,1383.74,0.16,31.58,232.39,7.5,0.27,0.04,1460,16.49,415.02,proton
4,521635040,0,0,1,49.82,1.06,348.6,0.97,242.98,-6.67,111.03,-29.7,2.395,0.18,2.056,0.152,631.47,14.82,7462.31,25523.86,3.67,0.14,-18225.95,174.29,2568.51,178.83,23.14,459038.93,6101724.07,1452.65,0.14,25.04,222.42,8.22,0.24,0.04,596,195.91,721.46,iron
2,580443204,1,0,1,40.35,0.68,226.7,0.63,290.63,-60.59,23.51,-55.51,2.027,0.159,1.739,0.135,871.52,18.19,3737.36,14374.01,3.1,0.11,13878.16,56.74,7605.58,42.63,-50.25,491106.72,6106838.99,1370.19,0.07,69.04,222.1,9.97,0.29,0.05,1702,257.45,501.84,proton
2,382047792,0,0,1,71.76,0.25,68.31,1.13,190.6,34.92,128.7,32.57,3.82,0.258,3.26,0.215,806.2,14.66,10627.84,21030.33,5.53,0.12,2973.7,269.28,-13608.07,289.73,-31.46,480263.31,6085612.67,1384.22,0.06,27.49,234.23,6.32,0.23,0.05,256,32.73,289.36,proton
1,84334378,0,0,1,40.13,0.6,278.73,0.77,289.13,-17.85,136.07,-74.25,0.882,0.069,0.742,0.057,687.26,23.76,5572.46,13384.56,1.29,0.05,-6041.56,45.28,-22269.06,77.92,-55.8,471274.75,6076934.4,1384.34,0.08,62.58,229.05,10.39,0.25,0.05,296,561.47,595.97,iron
2,720316866,1,0,1,29.63,0.2,294.23,1.07,279.55,-7.5,140.08,-60.39,1.814,0.138,1.555,0.116,712.86,12.93,4292.04,12599.8,2.78,0.08,13139.98,35.53,6264.1,30.93,-45.16,490372.98,6105496.62,1372.15,0.07,88.68,221.93,10.33,0.27,0.05,1237,392.39,569.46,iron
1,44189764,1,0,1,35.01,0.54,30.36,0.63,231.86,6.06,117.23,-13.82,2.147,0.144,1.845,0.121,768.81,7.0,4180.35,7980.56,3.22,0.05,-14984.2,34.18,-22572.08,49.78,-65.81,462338.9,6076607.7,1392.45,0.17,29.45,227.54,7.71,0.27,0.05,422,414.48,451.93,iron
4,289311883,0,0,1,56.62,0.44,277.98,1.13,300.28,-20.77,171.43,-83.19,1.356,0.101,1.148,0.084,665.18,22.51,8269.08,16531.09,1.96,0.06,-18425.19,108.81,22467.34,174.77,14.36,458786.5,6121610.84,1480.66,0.05,48.03,232.18,9.78,0.25,0.05,1022,20.08,136.91,iron
4,155925004,1,0,1,37.33,0.42,286.1,0.69,279.77,-25.09,103.23,-69.13,1.413,0.094,1.203,0.078,694.19,8.22,5224.43,12675.22,2.17,0.05,-29426.97,34.65,6006.55,71.7,46.97,447832.95,6105132.0,1518.31,0.15,23.31,219.65,7.03,0.26,0.04,638,281.11,336.47,iron
3,9934187,1,0,1,46.63,0.42,8.58,0.51,243.27,16.1,132.3,-17.78,1.901,0.127,1.627,0.106,673.74,15.37,6480.74,14993.81,2.91,0.09,8458.13,61.18,24307.6,44.68,-71.89,485645.99,6123517.22,1377.7,0.12,33.81,221.67,7.45,0.27,0.05,1403,473.08,570.43,iron
3,391570419,0,0,1,30.91,0.46,257.97,0.7,274.14,-29.34,91.06,-64.6,0.751,0.054,0.629,0.043,698.67,12.05,4511.71,9926.68,1.13,0.03,-4786.47,38.1,33001.42,31.1,48.18,472390.52,6132172.44,1535.28,0.1,43.59,220.42,9.93,0.25,0.05,1506,56.06,59.91,iron
3,16188874,0,0,1,37.72,0.82,16.21,0.98,255.66,28.46,150.01,-18.28,0.856,0.067,0.719,0.054,765.15,19.21,4432.81,14517.21,1.26,0.05,14557.54,65.76,29083.16,65.89,-108.19,491731.05,6128305.23,1373.23,0.11,39.61,226.76,9.26,0.26,0.05,1143,309.74,488.75,iron
3,880813820,1,1,1,55.81,0.59,221.16,0.71,296.32,-66.7,16.94,-50.22,3.825,0.283,3.293,0.24,730.94,25.96,7407.55,21543.07,5.21,0.16,8435.17,143.35,20072.27,76.99,-59.9,485636.45,6119284.99,1377.18,0.09,28.97,250.9,7.92,0.23,0.05,1395,106.62,282.7,iron
3,991162186,1,0,0,34.8,0.79,273.69,0.84,281.59,-21.0,115.73,-69.6,1.093,0.093,0.925,0.078,782.86,21.0,3991.84,12207.85,1.63,0.07,-7464.23,45.28,31751.32,61.27,54.92,469717.25,6130920.55,1532.32,0.08,51.76,224.61,11.18,0.27,0.06,968,1039.32,1211.7,proton
2,212352857,1,1,1,36.92,0.4,339.04,0.55,274.46,15.16,156.26,-39.48,6.818,0.51,5.91,0.438,757.1,10.33,4515.45,16366.18,10.64,0.23,18885.59,53.77,12217.72,26.61,-79.64,496100.37,6111461.25,1360.57,0.06,71.47,220.57,7.6,0.23,0.04,1703,206.22,246.81,iron
2,139140278,0,0,1,32.49,0.65,264.79,0.62,278.45,-23.19,107.52,-67.53,1.263,0.094,1.073,0.078,691.86,15.71,4805.91,14396.36,1.85,0.06,8564.95,40.91,-6901.96,59.98,-29.76,485833.77,6092328.0,1379.0,0.09,50.58,230.47,9.36,0.26,0.05,543,684.45,694.67,iron
3,139022802,1,0,1,39.36,0.62,317.92,0.8,282.27,4.84,157.76,-52.3,1.27,0.095,1.078,0.079,690.33,18.75,5502.18,15626.14,1.92,0.09,15749.81,67.52,33504.13,62.29,-91.04,492911.46,6132727.76,1414.65,0.16,32.67,222.87,11.34,0.26,0.06,1554,505.46,604.04,iron
4,446700379,1,0,1,50.16,0.82,23.43,0.82,252.93,42.01,157.88,-6.88,1.806,0.147,1.543,0.125,701.48,29.55,6809.49,18225.35,2.68,0.14,-21762.36,105.04,5369.43,110.23,38.09,455495.92,6104515.8,1478.96,0.15,32.63,228.42,10.63,0.25,0.05,652,6.61,455.02,iron
3,57160222,0,0,1,27.69,0.62,288.68,0.93,286.33,-2.04,157.68,-60.3,0.746,0.054,0.625,0.044,681.22,15.21,4570.2,11760.9,1.13,0.04,-2304.05,44.03,26431.63,43.59,-39.91,474887.74,6125613.17,1415.63,0.1,42.54,219.28,9.75,0.26,0.05,1095,203.71,253.2,iron
1,507756411,1,0,1,38.39,0.3,18.02,0.43,241.7,14.8,130.27,-17.32,4.748,0.316,4.106,0.269,824.7,9.14,3981.4,9873.02,6.69,0.09,-19403.15,23.92,-18428.51,27.43,-48.15,457909.8,6080736.76,1405.37,0.09,45.38,243.77,6.54,0.23,0.05,369,249.5,704.46,proton
3,553976662,1,0,1,38.71,0.31,263.94,0.53,284.71,-23.32,111.84,-73.1,1.352,0.089,1.149,0.073,767.47,9.52,4592.49,9659.28,1.99,0.04,-3885.96,34.55,32430.37,24.27,26.67,473292.15,6131606.94,1506.76,0.11,38.25,229.23,7.5,0.26,0.05,1550,563.65,632.0,proton
3,800154676,0,1,1,46.88,0.68,219.02,1.9,257.81,-28.49,90.03,-50.3,13.371,1.224,11.627,1.065,810.38,20.94,5198.39,38280.11,18.89,0.76,-17457.73,156.26,7915.23,149.39,30.59,459789.04,6107069.5,1460.31,0.12,31.23,244.12,7.89,0.26,0.04,1729,346.52,396.02,proton
4,800063656,1,1,1,46.83,0.21,219.95,0.29,258.56,-28.62,90.0,-50.98,15.303,1.087,13.319,0.943,808.45,7.96,5210.3,15225.51,21.13,0.24,-17536.87,27.04,8017.82,35.41,30.59,459709.99,6107172.06,1460.31,0.07,63.77,249.81,4.89,0.28,0.04,1729,141.31,268.14,iron
2,715701990,1,0,1,21.31,0.45,177.17,0.78,245.83,-5.16,114.13,-31.49,1.546,0.109,1.322,0.091,703.51,11.16,3879.46,10508.78,2.29,0.05,24405.71,28.4,5316.43,27.2,-91.02,501633.99,6104578.26,1358.06,0.07,63.37,229.35,8.82,0.26,0.05,732,64.21,257.81,iron
2,662625772,1,1,1,46.24,0.14,30.72,0.19,349.97,45.68,223.78,-5.6,6.428,0.418,5.563,0.356,830.81,7.09,4860.25,9993.63,9.84,0.1,17921.53,13.94,2813.09,12.74,-60.43,495161.4,6102060.89,1366.75,0.12,43.49,224.69,4.19,0.21,0.04,761,341.2,346.26,proton
1,814970406,0,0,1,30.9,0.45,22.89,0.74,336.51,35.81,221.28,-19.54,0.661,0.047,0.552,0.038,687.09,16.6,4712.46,10667.1,0.93,0.03,-15129.99,32.34,-19155.49,45.33,-49.04,462184.37,6080021.75,1398.04,0.12,37.49,234.62,9.04,0.26,0.05,405,310.75,319.94,iron
1,70600797,0,0,1,41.84,0.56,98.6,0.81,239.42,51.01,158.37,6.01,1.094,0.086,0.924,0.071,652.2,23.91,6242.69,13669.8,1.59,0.06,-6024.21,44.17,-25915.47,86.05,-72.5,471301.78,6073287.23,1381.39,0.09,50.47,230.39,10.61,0.26,0.05,294,245.33,446.81,iron
2,126062175,0,0,1,34.08,0.46,97.0,0.92,294.14,61.27,188.64,-1.32,0.842,0.058,0.708,0.047,677.39,12.15,5125.04,12952.14,1.28,0.04,23409.66,37.58,5103.13,62.67,-82.91,500639.27,6104361.63,1360.63,0.17,30.44,218.91,8.45,0.26,0.04,739,574.77,630.45,iron
1,369108771,1,0,1,34.55,0.42,3.94,1.16,4.28,-2.54,271.32,-26.52,1.195,0.086,1.014,0.071,714.84,13.21,4737.01,13962.28,1.78,0.06,-6880.63,66.69,-27033.99,44.54,-79.94,470447.63,6072168.71,1380.02,0.16,30.62,225.36,8.86,0.26,0.05,470,177.06,395.79,iron
4,590502793,1,0,1,27.66,0.5,341.59,1.03,299.09,23.75,188.33,-38.99,1.349,0.104,1.149,0.088,763.72,12.5,3652.72,9826.4,2.23,0.06,-23640.24,42.65,17860.92,30.4,74.85,453587.53,6116993.69,1545.99,0.12,40.32,204.33,10.77,0.3,0.05,689,743.67,831.78,iron
4,467420568,1,0,0,31.41,0.45,156.13,0.87,325.38,41.13,210.53,-18.64,1.06,0.08,0.896,0.066,741.82,16.04,4190.96,9471.54,1.6,0.05,-29548.79,38.39,5270.39,27.5,46.97,447712.45,6104396.69,1518.32,0.07,75.25,221.6,10.41,0.26,0.05,638,11.76,427.82,iron
4,685669521,1,0,1,55.66,0.5,248.89,0.94,283.38,-28.42,94.03,-72.67,1.382,0.101,1.172,0.084,749.09,26.76,7282.64,14884.76,2.0,0.08,-24939.53,75.77,9670.35,84.74,62.97,452309.52,6108808.44,1516.75,0.11,25.45,232.65,10.43,0.28,0.06,666,179.54,560.85,iron
2,852093076,1,0,1,49.77,0.5,81.33,0.44,223.58,50.15,152.35,14.16,2.067,0.141,1.771,0.118,722.49,16.81,6471.21,19414.93,3.08,0.1,15109.85,69.5,7232.8,78.42,-51.55,492338.8,6106468.37,1369.01,0.18,22.5,227.82,7.11,0.27,0.05,1011,460.97,483.87,iron
3,254300632,0,0,1,37.4,0.6,220.4,0.72,262.65,-15.91,111.15,-51.07,0.678,0.047,0.566,0.037,656.28,11.59,5636.7,12752.12,1.01,0.03,-4652.48,86.09,31241.0,48.2,26.67,472527.82,6130412.59,1506.75,0.17,24.32,221.65,7.94,0.27,0.04,1550,126.31,575.53,iron
3,938016181,1,0,1,37.69,0.35,308.69,0.49,318.33,1.61,222.61,-57.66,1.75,0.117,1.497,0.097,706.38,10.61,5097.67,12222.36,2.59,0.06,-2633.66,34.61,26289.87,35.5,-39.91,474558.96,6125470.37,1415.62,0.1,42.79,229.42,7.39,0.25,0.05,1095,27.51,168.72,iron
1,525722981,0,0,1,39.78,0.48,11.5,0.55,340.84,32.9,226.15,-20.0,0.916,0.063,0.771,0.051,748.53,12.14,4872.28,9661.47,1.36,0.04,-13234.44,47.91,-23236.5,41.13,-63.63,464087.95,6075947.71,1391.35,0.19,25.25,224.6,10.11,0.24,0.06,419,199.12,305.25,iron
3,211294605,0,0,1,63.16,0.54,347.42,2.38,327.96,33.66,215.67,-24.74,1.682,0.14,1.428,0.118,651.27,28.89,9670.16,20415.17,2.48,0.1,-6063.01,414.51,20782.24,308.97,-23.19,471150.45,6119956.76,1416.38,0.04,38.43,228.17,10.11,0.26,0.05,1187,533.33,554.5,iron
1,390780082,1,0,1,34.18,0.45,60.43,0.6,322.92,56.45,203.79,-4.71,1.288,0.088,1.095,0.073,727.77,12.21,4522.16,11560.48,1.93,0.05,-8755.06,41.48,-25237.32,32.96,-67.15,468569.04,6073956.8,1384.14,0.12,35.49,225.78,8.66,0.24,0.05,340,712.9,1069.58,iron
1,551409158,1,1,1,38.98,0.14,262.31,0.59,307.56,-11.13,208.97,-73.42,9.678,0.68,8.407,0.587,791.78,5.66,4339.05,11096.55,14.46,0.16,-13736.11,28.83,-15052.18,19.43,-32.36,463566.98,6084126.83,1399.26,0.08,98.44,230.79,6.64,0.24,0.05,128,550.23,569.59,iron
3,912798325,0,0,1,41.73,0.68,29.79,0.67,2.82,30.12,242.12,-9.06,0.761,0.06,0.638,0.049,781.76,25.33,4741.72,13810.73,1.13,0.05,11688.57,64.82,25313.86,59.94,-88.65,488873.82,6124530.99,1371.52,0.09,53.46,223.78,10.83,0.26,0.05,1159,109.7,223.19,iron
1,407331828,1,1,1,42.88,0.26,305.85,0.42,333.77,-20.02,275.39,-60.94,3.468,0.236,2.991,0.199,719.8,10.5,5522.3,11322.48,5.33,0.09,-11829.23,32.51,-18018.88,27.82,-40.43,465479.48,6081166.8,1394.94,0.08,63.73,222.75,8.14,0.25,0.05,356,102.87,320.37,iron
2,403410306,1,0,1,22.3,0.42,19.46,0.73,276.58,32.32,168.31,-25.48,1.434,0.1,1.223,0.083,685.16,11.35,4103.43,9783.25,2.12,0.04,17799.73,26.65,3918.88,27.1,-59.11,495035.55,6103164.91,1366.72,0.08,59.72,229.3,8.93,0.26,0.05,788,8.42,398.52,iron
2,333849935,1,1,1,20.77,0.4,186.87,0.64,254.4,1.92,126.75,-35.01,4.234,0.309,3.667,0.263,710.87,7.96,3722.13,9957.59,6.96,0.11,21430.74,24.31,5035.81,24.85,-78.51,498661.48,6104290.3,1359.81,0.07,60.61,208.82,8.85,0.27,0.05,784,20.17,556.97,iron
2,29897874,0,0,1,43.86,0.78,95.46,1.21,242.24,57.27,164.39,8.51,0.91,0.072,0.765,0.059,711.13,21.77,5760.64,16613.55,1.38,0.07,16841.16,95.07,6272.73,116.23,-58.33,494071.74,6105514.65,1366.68,0.17,26.23,219.84,11.33,0.26,0.06,746,172.59,587.62,iron
2,832155165,0,0,1,28.59,0.42,233.84,0.76,306.93,7.28,199.85,-55.37,0.828,0.058,0.696,0.047,771.48,10.69,3557.02,7555.44,1.27,0.03,15975.47,37.13,-7169.79,22.44,-51.12,493240.76,6092079.06,1371.69,0.13,35.9,216.66,9.73,0.26,0.05,768,37.29,596.36,proton
2,844751035,1,1,1,48.9,0.63,221.43,0.54,262.94,-17.37,109.16,-51.89,4.951,0.365,4.275,0.311,733.55,20.55,6012.89,22793.69,7.21,0.23,3776.5,93.62,-5750.82,90.49,-18.66,481044.87,6093465.51,1385.58,0.14,28.42,235.39,7.7,0.25,0.05,418,276.62,459.02,iron
3,773844366,1,0,1,28.3,0.62,341.72,1.01,342.43,6.84,247.06,-38.87,4.187,0.318,3.623,0.271,731.55,13.4,3888.1,17171.17,6.02,0.15,10539.54,49.89,20430.48,45.4,-66.74,487737.29,6119648.48,1372.55,0.09,46.48,238.97,8.4,0.23,0.05,1380,518.76,633.4,iron
3,188351805,1,0,1,45.25,0.31,24.34,0.66,47.67,-45.19,329.16,-9.44,1.359,0.096,1.155,0.08,703.65,16.39,5848.62,10521.58,1.99,0.05,7902.26,34.44,28485.14,35.85,-82.65,485084.84,6127692.21,1388.49,0.12,40.28,229.7,8.94,0.25,0.05,1347,234.8,494.12,iron
3,11281588,1,0,1,41.43,0.33,295.62,0.47,326.21,-18.03,264.75,-66.71,2.686,0.172,2.312,0.144,713.27,9.71,5376.17,13346.23,4.04,0.08,14304.31,47.38,34350.98,32.62,-73.22,491465.33,6133570.5,1434.02,0.11,33.87,227.1,5.43,0.25,0.04,1140,136.55,371.79,iron
2,670672712,1,0,1,23.99,0.47,133.68,1.04,341.92,36.35,224.79,-16.67,1.106,0.082,0.938,0.068,756.35,11.32,3402.4,8102.9,1.71,0.04,20824.49,18.76,2373.51,52.03,-65.19,498062.65,6101627.88,1368.41,0.1,41.07,217.9,11.43,0.26,0.06,764,260.58,699.33,iron
1,208826860,1,0,1,41.3,0.32,341.53,0.47,2.75,-27.05,297.46,-37.29,2.841,0.185,2.447,0.155,816.87,10.03,4325.82,10396.31,4.11,0.06,-13894.69,29.93,-19073.64,30.94,-46.15,463418.42,6080106.66,1397.41,0.09,44.52,236.61,6.79,0.23,0.05,403,93.31,117.47,iron
3,761341371,1,0,1,37.52,0.45,213.62,0.53,271.8,3.7,143.76,-46.95,4.494,0.308,3.886,0.262,729.93,7.18,4795.92,11545.31,6.6,0.11,-5001.86,72.58,33322.03,23.4,48.18,472175.81,6132493.03,1535.3,0.14,25.41,233.76,6.6,0.23,0.05,1506,400.34,437.09,iron
1,201882255,1,0,1,37.19,0.16,257.01,0.78,295.41,-8.77,170.29,-70.31,2.289,0.158,1.968,0.133,730.82,11.11,4753.29,10653.61,3.37,0.06,-14598.15,35.36,-15153.69,21.47,-34.05,462705.61,6084022.34,1400.81,0.08,97.45,231.42,9.54,0.26,0.05,436,79.89,79.89,proton
4,904245224,0,0,1,42.06,0.58,275.17,1.52,313.45,-18.14,242.17,-76.78,3.527,0.266,3.043,0.226,740.06,16.47,5192.18,24498.15,5.16,0.19,-24141.93,96.53,-4475.38,90.26,2.61,453140.63,6094671.78,1448.09,0.12,32.47,234.14,8.64,0.25,0.05,1801,386.96,509.32,proton
2,284712669,0,0,1,33.24,0.54,199.24,1.04,331.5,15.58,229.26,-39.08,0.774,0.058,0.649,0.047,737.88,17.66,4309.89,12579.23,1.17,0.04,11292.63,53.6,-2756.68,42.11,-31.7,488549.86,6096477.32,1377.97,0.11,36.83,220.97,11.2,0.26,0.06,716,467.04,705.62,iron
4,31883897,1,0,0,30.09,0.35,94.43,0.75,27.33,-0.35,280.61,-5.14,1.086,0.079,0.919,0.065,674.59,16.04,4702.51,8596.83,1.61,0.03,-24587.07,24.59,9491.22,26.28,62.97,452661.07,6108626.82,1516.72,0.08,77.24,225.9,10.3,0.25,0.05,666,203.14,240.79,iron
4,753743475,1,1,1,30.08,0.18,165.57,0.86,331.5,33.82,218.49,-23.3,2.538,0.184,2.187,0.156,669.6,12.42,4845.05,10309.3,3.73,0.07,-20213.54,19.92,14976.51,31.31,59.22,457018.99,6114119.86,1507.26,0.08,89.89,232.71,10.21,0.26,0.05,920,197.67,357.98,iron
2,966931099,0,0,1,40.92,0.42,223.97,0.81,310.31,8.36,205.29,-53.8,0.99,0.083,0.835,0.069,765.23,23.35,4855.59,12155.65,1.43,0.06,22767.24,64.49,9016.82,33.95,-94.41,499984.83,6108269.84,1356.56,0.06,84.54,230.94,11.08,0.25,0.05,752,738.34,783.77,iron
4,223309574,1,0,1,26.68,0.34,219.39,0.63,347.95,-20.08,283.11,-48.37,1.872,0.134,1.606,0.113,772.94,10.36,3458.33,7334.37,2.72,0.04,-25858.19,21.0,10873.97,19.05,73.5,451388.38,6110006.81,1532.29,0.07,64.35,234.15,10.27,0.26,0.06,658,400.15,688.71,iron
3,196195902,1,0,1,35.74,0.48,99.2,0.81,64.01,-44.59,335.27,0.41,1.186,0.088,1.005,0.073,726.87,16.85,4699.24,10889.65,1.73,0.05,13953.54,34.02,29650.65,49.59,-108.19,491127.59,6128869.11,1373.23,0.06,75.37,230.04,10.11,0.26,0.05,1143,500.21,526.72,iron
4,81939862,1,0,1,35.16,0.42,244.03,0.78,313.68,-2.64,217.49,-63.44,1.871,0.127,1.604,0.107,668.33,10.68,5312.43,14710.02,2.82,0.08,-31778.07,40.72,3192.95,60.64,65.43,445491.27,6102316.72,1542.11,0.12,29.33,226.15,7.63,0.24,0.05,938,611.11,638.4,iron
1,962907443,0,0,1,48.32,0.5,143.98,0.84,356.66,46.84,226.35,-1.58,0.963,0.068,0.81,0.056,669.64,16.38,6856.67,13454.93,1.34,0.04,-19160.54,36.76,-20147.36,84.7,-59.55,458158.02,6079020.6,1401.74,0.21,21.14,239.14,8.02,0.27,0.04,374,43.97,159.96,iron
3,386686309,0,0,1,63.05,0.14,308.28,0.8,265.65,-41.17,68.41,-56.43,2.298,0.152,1.963,0.127,722.29,15.33,9010.7,16078.24,3.18,0.07,-5967.92,40.02,32175.58,84.47,49.57,471208.14,6131348.62,1530.75,0.1,20.04,244.67,6.49,0.25,0.04,1547,305.27,309.97,iron
4,552340236,0,0,1,52.94,0.8,232.22,0.95,273.8,-13.58,123.49,-59.62,0.702,0.061,0.585,0.05,848.32,37.65,5760.49,12828.3,1.02,0.05,-27359.27,92.99,7357.34,74.47,51.32,449896.1,6106487.99,1513.88,0.14,38.36,226.52,9.6,0.26,0.05,628,118.46,262.36,proton
3,688746969,1,0,1,25.88,0.38,248.45,0.75,300.32,4.71,187.94,-58.06,3.17,0.225,2.739,0.191,794.39,8.63,3126.39,7581.23,4.52,0.06,3650.93,13.54,28255.98,41.22,-74.62,480834.78,6127452.32,1387.41,0.12,37.27,240.53,9.01,0.25,0.05,1284,442.1,648.05,proton
2,647596600,0,0,1,37.61,0.6,197.33,0.61,276.68,19.07,161.18,-37.26,1.047,0.074,0.885,0.06,651.33,15.07,5704.73,14846.92,1.54,0.05,12274.23,52.96,2947.88,53.98,-37.31,489515.76,6102180.58,1375.41,0.11,38.02,228.06,8.54,0.26,0.05,1008,96.1,99.29,iron
2,738844396,0,0,1,29.28,0.38,210.26,0.69,352.27,-21.09,286.34,-44.84,0.966,0.067,0.815,0.054,735.79,12.86,3989.04,8987.01,1.34,0.03,14420.62,42.68,-5353.99,18.96,-43.8,491682.69,6093889.75,1373.13,0.13,33.98,241.72,10.14,0.25,0.06,728,588.79,775.77,iron
3,689835651,0,0,1,37.7,0.69,310.34,1.19,337.96,-18.53,275.4,-56.71,1.049,0.076,0.886,0.062,656.98,16.3,5553.51,16030.04,1.54,0.05,6529.14,79.75,22667.38,76.33,-61.24,483724.25,6121874.29,1381.25,0.11,29.7,228.44,8.85,0.27,0.05,1121,819.68,825.62,iron
3,654184694,0,0,1,37.86,0.88,208.18,0.77,340.22,2.15,249.67,-43.67,0.788,0.063,0.661,0.052,789.12,21.35,4189.34,11923.2,1.16,0.04,6171.71,75.84,24307.57,43.7,-67.8,483364.67,6123512.43,1380.04,0.07,46.01,226.48,9.15,0.26,0.04,1124,107.32,560.5,iron
3,595847964,1,0,1,43.81,0.41,210.06,0.6,340.32,1.12,250.84,-44.27,1.395,0.095,1.186,0.078,688.72,14.75,5879.97,11893.0,2.13,0.05,10691.09,48.87,26510.32,43.62,-91.33,487874.67,6125724.63,1372.88,0.08,55.69,220.92,8.84,0.25,0.05,1154,88.39,241.89,iron
2,203941620,1,0,1,32.35,0.18,6.06,0.89,351.9,15.4,247.03,-26.24,1.663,0.122,1.422,0.103,688.17,15.4,4762.34,8965.11,2.47,0.05,11426.37,19.68,-6835.55,29.43,-37.99,488693.02,6092401.09,1375.58,0.09,92.42,228.58,9.89,0.26,0.05,555,424.7,721.43,iron
2,282662732,0,0,1,72.6,0.08,72.63,0.19,56.95,40.14,251.12,34.81,13.992,1.052,12.038,0.904,761.8,13.77,11127.35,35576.56,20.26,0.47,411.04,47.24,-2051.22,39.26,-6.59,477672.66,6097154.9,1393.8,0.08,23.42,235.09,4.96,0.31,0.04,254,44.7,46.25,proton
4,279682224,0,0,1,45.45,0.37,127.15,1.38,353.81,55.63,218.88,3.41,2.243,0.181,1.926,0.154,682.84,17.31,6221.87,15474.36,3.42,0.11,-16503.49,94.04,3177.69,114.12,20.24,460756.09,6102336.9,1441.13,0.05,103.04,223.1,10.7,0.26,0.05,593,289.77,442.27,iron
1,271992859,0,0,1,44.12,0.58,25.48,0.74,37.06,-29.88,311.48,-9.88,0.723,0.052,0.605,0.042,674.85,19.66,6140.18,13703.1,1.02,0.04,-20787.05,75.96,-16509.65,48.31,-43.16,456521.34,6082650.41,1409.18,0.09,38.32,235.6,9.15,0.26,0.05,320,620.35,648.66,iron
1,692988759,0,0,1,35.5,0.43,164.97,0.6,9.31,0.96,270.69,-20.42,0.904,0.064,0.761,0.052,672.66,18.05,5225.38,11392.4,1.28,0.04,-13887.64,41.81,-17393.77,33.1,-42.63,463421.74,6081785.38,1395.71,0.08,58.48,235.64,9.41,0.27,0.05,125,627.69,630.04,iron
1,541424700,1,0,1,51.74,0.68,33.52,0.77,106.05,-62.13,5.06,-0.29,1.705,0.116,1.455,0.097,666.72,24.85,7297.96,17883.33,2.58,0.08,-19989.56,130.26,-15121.34,65.06,-38.95,457319.67,6084042.65,1412.49,0.11,28.09,224.22,7.55,0.24,0.05,404,441.04,519.87,iron
3,152523820,0,0,1,41.59,0.92,306.25,1.09,290.02,-55.43,27.63,-60.19,0.714,0.06,0.597,0.049,726.49,26.28,5276.92,15035.15,1.07,0.06,2985.62,88.16,23182.73,98.15,-60.57,480183.74,6122377.7,1385.21,0.11,31.7,221.67,10.74,0.25,0.05,1310,284.78,751.56,iron
4,294818674,1,0,0,30.89,0.39,78.27,0.67,80.38,-61.15,353.75,-4.77,1.157,0.08,0.981,0.065,704.73,12.44,4462.44,7872.41,1.69,0.03,-25270.9,24.32,10916.14,24.33,73.5,451974.03,6110049.14,1532.25,0.07,65.37,230.79,8.69,0.27,0.04,658,55.83,151.06,iron
2,253387109,0,0,1,56.87,0.73,165.82,1.94,32.78,-18.53,299.41,-8.46,1.187,0.094,1.002,0.078,659.58,31.7,8238.65,17253.29,1.74,0.07,27913.0,289.83,8043.98,158.21,-110.16,505135.38,6107312.2,1353.91,0.05,41.36,228.23,10.73,0.26,0.05,743,286.29,288.11,iron
1,398173336,0,0,1,44.6,0.72,186.95,0.67,281.14,30.45,171.45,-28.77,1.586,0.119,1.352,0.1,714.13,23.81,5794.16,17044.37,2.32,0.08,-20015.74,105.41,-11502.15,39.69,-22.74,457282.89,6087658.19,1418.24,0.08,58.64,231.01,9.72,0.26,0.05,124,86.97,291.0,iron
3,811262863,0,0,1,23.96,0.42,331.78,1.23,356.99,-30.19,300.03,-42.91,0.647,0.047,0.54,0.038,628.35,16.38,4882.35,11701.34,0.93,0.03,13141.78,49.91,33143.65,36.56,-80.71,490306.73,6132360.06,1418.09,0.1,37.71,231.44,9.96,0.25,0.05,1135,225.59,244.34,iron
1,362447888,0,0,1,62.39,0.27,174.97,0.99,326.19,48.22,208.45,-11.82,2.761,0.194,2.365,0.163,696.3,18.27,8997.63,19324.42,4.02,0.12,-10755.64,176.97,-12251.2,103.35,-21.82,466534.14,6086933.24,1401.31,0.06,37.98,232.88,8.29,0.29,0.05,170,342.43,558.25,iron
1,698415483,0,0,1,27.79,0.46,157.87,0.67,12.46,-7.68,280.45,-21.68,0.869,0.063,0.732,0.051,664.83,15.2,4693.0,10976.57,1.29,0.04,-15084.97,32.77,-17579.38,32.84,-43.61,462225.48,6081596.85,1397.97,0.08,54.74,225.59,9.8,0.26,0.05,410,374.14,374.2,iron
3,253433118,0,0,1,62.14,0.4,38.99,1.36,34.08,21.88,263.65,10.75,1.961,0.141,1.671,0.118,720.28,22.33,8711.23,19643.11,2.86,0.09,8905.12,275.76,17556.75,132.77,-52.37,486110.75,6116770.83,1377.08,0.05,41.32,231.55,8.29,0.25,0.05,1405,148.52,164.55,iron
3,361817328,0,0,1,41.34,0.48,133.8,0.73,358.59,44.37,229.06,-2.29,0.841,0.063,0.706,0.052,685.63,22.1,5705.65,10461.25,1.22,0.03,-2506.91,47.49,28148.81,45.13,-34.76,474681.92,6127327.55,1426.02,0.07,51.24,229.55,10.76,0.26,0.05,1304,595.75,623.24,iron
1,537301724,0,1,1,55.71,0.46,351.65,0.88,29.33,-60.23,339.69,-25.06,2.675,0.21,2.296,0.178,746.08,19.7,7182.3,18062.69,3.98,0.13,-27187.78,172.62,-9015.67,113.69,-18.03,450108.81,6090124.9,1446.68,0.04,69.23,229.17,9.67,0.25,0.05,1261,15.6,412.95,iron
2,954040870,0,0,1,44.26,0.72,142.4,0.72,18.84,18.03,260.42,-3.73,0.634,0.046,0.528,0.036,636.64,19.63,6599.74,14626.65,0.94,0.04,22083.47,89.72,5379.7,66.63,-78.51,499314.72,6104634.38,1359.83,0.11,27.8,223.23,9.4,0.26,0.05,784,546.39,546.42,iron
3,292280359,0,0,1,32.21,0.48,40.85,1.07,32.82,-25.83,306.12,-11.55,0.68,0.052,0.569,0.042,693.22,23.0,4629.67,10359.62,0.99,0.03,2126.76,48.57,23667.47,28.58,-56.44,479323.03,6122862.26,1388.67,0.07,81.64,228.57,10.85,0.26,0.05,1312,291.4,356.25,iron
1,705056588,0,0,1,40.75,0.59,71.41,1.47,41.62,-8.4,294.32,3.8,1.237,0.097,1.049,0.081,699.8,18.29,5389.0,19263.01,1.84,0.09,-15187.43,86.86,-12148.99,106.25,-24.38,462109.01,6087023.47,1404.85,0.14,28.87,225.95,10.02,0.25,0.05,152,543.78,590.62,iron
3,129462188,0,0,1,31.06,0.28,162.79,1.25,7.68,1.73,269.11,-21.45,0.787,0.08,0.66,0.067,585.98,34.48,5798.34,9379.99,1.16,0.07,14285.29,26.81,32624.8,42.87,-80.71,491451.73,6131844.03,1418.18,0.09,91.6,226.44,10.82,0.26,0.05,1135,49.38,948.59,iron
3,423641148,0,1,1,38.76,0.78,332.33,0.52,270.05,-69.77,27.82,-43.34,4.209,0.324,3.638,0.276,752.12,18.61,4613.88,20865.68,6.14,0.18,-1.84,80.18,15484.33,48.09,-25.27,477216.92,6114677.96,1394.99,0.08,53.42,234.77,8.5,0.27,0.05,1364,246.63,682.8,iron
3,675375537,0,0,1,37.25,0.5,74.65,0.56,73.91,-50.37,344.07,1.2,3.288,0.233,2.837,0.197,679.65,12.82,5169.93,17491.03,5.09,0.15,18047.66,45.0,24347.44,55.97,-110.4,495232.54,6123582.97,1363.61,0.06,67.02,220.97,8.22,0.28,0.05,1561,312.05,728.47,iron
3,81346343,1,0,1,40.74,0.75,320.26,0.34,268.93,-58.23,40.7,-50.91,1.031,0.083,0.87,0.069,637.0,23.37,6005.07,10102.8,1.54,0.05,7326.9,57.29,31436.59,52.35,-63.41,484501.27,6130638.34,1420.16,0.37,21.58,223.39,9.85,0.27,0.05,1128,548.81,600.05,iron
1,700543595,0,0,1,49.19,0.68,338.23,0.52,240.17,-54.63,53.25,-37.42,1.701,0.123,1.451,0.103,758.12,24.77,5781.23,21018.04,2.35,0.1,-2746.54,83.26,-21180.0,89.41,-56.07,474566.71,6078029.11,1381.18,0.13,30.63,244.79,9.06,0.26,0.05,280,579.15,621.91,iron
1,615294641,0,0,1,24.63,0.33,3.94,1.18,10.02,-24.43,296.69,-30.27,0.957,0.066,0.808,0.054,678.8,11.92,4263.17,11155.83,1.41,0.04,-9115.26,39.07,-24292.96,31.39,-67.15,468207.52,6074902.45,1384.12,0.1,36.78,227.66,9.03,0.25,0.05,340,320.56,1064.03,iron
1,788209383,0,0,1,57.44,0.58,294.74,1.23,315.86,-45.01,346.21,-69.35,1.729,0.139,1.473,0.117,778.31,30.33,7150.12,17376.59,2.59,0.11,-5832.36,164.2,-15873.99,175.05,-34.48,471468.39,6083323.61,1388.76,0.05,55.62,225.62,11.37,0.24,0.06,195,575.43,758.83,proton
3,478978955,1,0,1,24.39,0.42,342.22,0.84,0.33,-24.58,293.71,-38.74,1.044,0.074,0.883,0.061,673.38,12.79,4359.77,9874.81,1.56,0.04,5826.95,26.55,26524.21,39.06,-74.52,483012.97,6125726.43,1382.3,0.11,45.69,225.34,9.72,0.26,0.05,1111,821.47,822.8,iron
4,769139081,1,1,1,42.6,0.63,323.33,0.58,347.45,-50.53,330.0,-49.06,19.942,1.688,17.399,1.475,764.99,19.67,5007.66,26103.15,30.79,0.82,-28304.96,81.91,-8159.44,67.26,-18.03,448987.13,6090979.63,1446.74,0.09,37.77,224.72,8.57,0.19,0.04,1261,675.66,737.06,proton
4,716971210,1,0,1,25.11,0.35,200.72,0.83,353.6,-11.57,274.99,-40.1,1.465,0.104,1.251,0.087,729.46,10.03,3772.75,8488.87,2.24,0.04,-24116.41,22.54,10749.86,22.9,68.22,453128.97,6109886.51,1521.23,0.07,74.33,221.16,9.47,0.26,0.05,653,347.66,471.45,iron
3,113603360,0,0,1,45.81,0.26,95.24,0.6,142.6,-50.34,25.48,10.59,2.882,0.217,2.481,0.183,798.9,14.64,5073.71,15656.8,4.48,0.15,13719.57,52.54,19405.87,41.49,-82.69,490918.74,6118635.98,1365.4,0.07,95.81,219.84,9.05,0.25,0.05,1493,962.05,1038.62,iron
2,741821832,1,0,1,29.96,0.33,48.8,0.73,39.41,-36.78,318.66,-11.11,1.834,0.12,1.572,0.1,727.62,6.84,4131.33,10821.73,2.92,0.05,25055.89,27.01,3583.74,42.88,-93.59,502288.53,6102848.61,1357.36,0.11,32.67,213.67,6.52,0.27,0.04,771,183.17,632.94,iron
2,332516314,1,0,1,34.38,0.57,69.69,0.62,74.58,-55.71,347.93,-2.5,1.088,0.075,0.921,0.061,682.79,10.06,4996.69,10029.15,1.66,0.04,22150.96,20.1,2249.52,70.74,-70.94,499388.33,6101507.44,1367.68,0.17,27.79,220.91,9.12,0.23,0.05,913,30.46,495.06,iron
1,769390165,1,0,1,49.18,0.36,311.84,0.62,265.68,-38.31,73.52,-56.98,1.549,0.102,1.319,0.085,738.66,15.67,6144.33,12831.02,2.25,0.06,-10082.05,49.78,-25389.57,43.1,-74.55,467245.44,6073803.43,1384.87,0.15,25.1,232.44,7.43,0.21,0.06,330,79.2,187.87,iron
1,128650681,0,0,1,53.62,0.57,333.8,1.2,320.86,-77.1,7.76,-39.31,0.767,0.059,0.64,0.047,625.69,29.42,8022.61,15047.86,1.15,0.05,-12690.41,79.0,-22881.91,86.54,-63.63,464633.19,6076302.94,1391.36,0.17,21.53,221.93,10.35,0.25,0.05,419,179.33,369.65,iron
4,991304995,1,0,0,43.75,0.42,312.91,0.53,285.53,-58.82,28.97,-56.08,1.076,0.073,0.909,0.06,757.36,13.8,5192.41,11622.18,1.54,0.05,-23619.31,58.76,14535.78,29.12,80.77,453615.99,6113670.65,1541.62,0.14,24.77,233.53,8.57,0.27,0.05,1775,212.07,221.02,iron
4,56506931,0,0,1,43.88,0.3,164.05,0.95,29.5,-27.8,306.74,-15.06,1.585,0.122,1.352,0.103,834.51,14.67,4466.81,13442.33,2.38,0.09,-18670.08,43.46,6241.86,55.91,29.5,458581.6,6105394.96,1460.72,0.07,100.03,225.53,9.63,0.26,0.05,1725,687.86,692.91,iron
1,313304380,1,1,1,29.59,0.42,145.83,0.92,344.19,35.59,226.81,-16.18,2.999,0.233,2.589,0.199,711.99,11.69,4252.81,14162.33,4.68,0.13,-3455.25,27.3,-24354.49,49.7,-68.05,473865.18,6074855.2,1379.12,0.06,78.17,219.37,8.83,0.26,0.05,314,94.43,102.73,iron
2,698042604,0,0,1,33.1,0.5,122.43,1.1,347.77,46.32,222.18,-6.09,0.999,0.074,0.844,0.06,660.97,16.96,5175.63,14099.19,1.45,0.06,17702.11,50.24,5732.96,69.79,-58.33,494934.23,6104976.49,1366.67,0.15,31.03,231.49,8.97,0.25,0.05,746,748.28,749.48,iron
1,778714903,0,1,1,47.73,0.68,269.16,0.69,310.42,-25.65,272.1,-83.14,5.789,0.476,5.005,0.408,768.6,20.79,5687.97,21603.33,8.31,0.27,3051.42,54.95,-20962.52,133.9,-54.46,480359.11,6078263.61,1379.1,0.07,70.31,238.48,8.4,0.29,0.05,287,331.03,467.4,proton
2,853862393,0,0,1,31.46,0.48,120.58,0.77,20.42,8.31,269.67,-7.17,0.946,0.065,0.798,0.053,742.95,11.58,4123.04,10034.41,1.37,0.04,20408.52,24.74,3286.02,64.34,-67.44,497644.96,6102538.1,1364.25,0.15,31.48,231.34,9.01,0.28,0.05,757,551.01,601.45,iron
2,737250224,0,0,1,48.59,0.58,207.21,1.06,353.66,-14.82,278.93,-41.4,1.326,0.1,1.125,0.083,676.76,25.77,6757.04,13965.12,1.94,0.06,22480.12,146.58,10136.86,65.23,-92.31,499694.89,6109389.5,1357.99,0.06,69.65,229.49,9.92,0.26,0.05,1699,286.61,589.54,iron
3,467685724,0,0,1,45.06,0.51,41.29,0.51,79.3,-56.38,350.39,-1.32,1.689,0.118,1.442,0.098,806.83,18.27,4912.48,15064.19,2.36,0.07,13134.63,53.19,24439.02,51.32,-93.74,490323.9,6123662.49,1369.39,0.09,55.24,242.52,8.95,0.26,0.05,1161,334.54,559.16,iron
4,573365278,1,0,1,37.9,0.52,27.19,0.44,73.48,-69.46,356.99,-12.95,1.001,0.066,0.845,0.053,810.62,6.97,4027.24,7512.79,1.44,0.03,-26977.11,49.3,16869.58,21.68,101.41,450253.98,6115994.8,1580.46,0.17,23.68,233.16,7.64,0.27,0.05,1761,114.04,118.51,iron
4,555206678,0,0,1,44.89,0.43,302.05,0.55,276.79,-42.51,60.17,-63.78,0.664,0.045,0.554,0.036,754.59,15.19,5394.99,11622.85,0.97,0.03,-33201.58,30.33,7266.0,59.43,59.38,444057.78,6106381.13,1550.51,0.15,22.25,227.26,8.35,0.25,0.05,600,118.62,291.38,proton
4,961971557,1,1,1,56.71,0.2,0.4,0.76,216.07,-36.68,70.28,-18.15,3.289,0.226,2.828,0.19,737.22,17.47,7390.85,12843.16,4.73,0.09,-31376.41,42.75,8310.15,26.98,53.15,445877.0,6107429.79,1534.45,0.16,25.4,236.92,6.64,0.28,0.04,619,135.71,136.01,iron
2,64926902,0,0,1,41.39,0.53,118.2,0.57,118.25,-60.31,10.54,2.48,0.658,0.046,0.548,0.037,597.51,15.13,6686.63,14098.58,0.93,0.03,16548.79,60.0,2021.84,72.8,-49.87,493790.68,6101265.04,1370.75,0.2,20.57,234.75,8.92,0.26,0.05,735,524.51,526.15,iron
4,767098992,1,1,1,39.99,0.38,249.54,0.67,312.45,-46.71,354.39,-69.03,2.976,0.198,2.566,0.167,711.56,10.72,5251.91,16273.67,4.32,0.1,-31814.4,39.18,2088.35,73.77,70.01,445456.72,6101210.47,1549.86,0.12,26.44,235.7,7.39,0.25,0.05,941,67.55,217.82,iron
4,555020282,1,0,1,27.45,0.45,317.51,1.12,349.17,-37.93,310.49,-49.99,1.996,0.155,1.715,0.132,829.16,16.07,2952.3,10112.3,2.76,0.08,-27847.75,34.08,6609.27,51.9,51.32,449408.94,6105739.38,1513.9,0.09,36.15,247.07,9.49,0.19,0.05,628,586.3,615.66,proton
3,959082857,0,0,1,34.78,0.5,250.86,0.94,329.01,-22.27,277.0,-65.86,0.911,0.067,0.767,0.055,811.37,15.18,3746.61,12114.56,1.31,0.04,-3170.1,53.91,26968.56,60.02,-25.75,474020.07,6126145.35,1435.7,0.12,31.17,232.38,9.28,0.25,0.05,1382,597.35,688.03,proton
3,22614526,1,0,1,45.27,0.44,302.03,0.48,310.16,-52.81,2.96,-63.76,2.418,0.156,2.078,0.13,699.49,8.93,6071.17,15263.32,3.55,0.08,12932.72,65.72,30439.27,49.56,-97.37,490105.0,6129656.84,1388.47,0.17,21.24,232.55,5.69,0.25,0.04,1150,11.2,243.09,iron
3,28478091,0,1,1,48.28,0.57,222.3,1.5,334.81,-5.13,252.67,-52.51,4.497,0.36,3.882,0.307,695.34,18.44,6531.34,32676.46,6.54,0.31,-18660.35,145.93,20123.87,147.56,31.8,458558.54,6119269.27,1489.52,0.14,25.57,235.84,8.35,0.24,0.04,925,296.18,340.21,iron
2,623417785,0,0,1,28.71,0.48,189.32,0.97,7.47,-32.97,305.75,-34.7,0.743,0.055,0.623,0.044,709.04,16.32,4295.35,10614.97,1.12,0.03,27079.75,38.05,5030.05,29.54,-106.21,504306.25,6104298.62,1355.02,0.07,74.89,221.22,9.79,0.26,0.05,748,15.59,594.38,iron
2,760853559,0,0,1,46.38,1.13,90.31,1.06,137.63,-50.65,22.3,11.14,0.818,0.064,0.686,0.052,670.43,31.22,6513.17,16204.88,1.21,0.06,11096.82,113.44,1087.76,152.19,-34.82,488343.92,6100319.89,1376.05,0.09,32.29,225.29,9.84,0.26,0.05,723,590.45,684.26,iron
4,966811598,1,0,1,46.61,0.29,175.41,0.41,357.54,18.03,248.68,-20.43,11.274,0.802,9.792,0.694,769.66,9.49,5540.22,16159.58,16.54,0.22,-22672.88,50.77,-211.19,36.44,18.93,454602.88,6098935.21,1454.79,0.06,74.84,234.67,4.92,0.27,0.04,1315,633.75,1071.22,iron
3,462954786,1,0,1,58.81,0.69,296.15,1.07,297.43,-48.88,22.48,-67.83,1.569,0.111,1.332,0.092,773.07,36.49,7589.91,19381.44,2.22,0.08,15138.3,79.79,34924.07,166.01,-65.96,492299.52,6134140.8,1450.08,0.13,22.55,238.06,8.42,0.24,0.05,1139,318.43,385.95,proton
3,881773789,0,0,1,22.01,0.51,206.08,1.82,358.66,-31.93,302.68,-41.8,0.648,0.048,0.542,0.038,691.41,14.46,4008.66,11038.65,0.95,0.03,-5021.27,50.89,30320.18,42.45,18.66,472162.5,6129492.29,1492.9,0.11,38.14,226.84,8.13,0.25,0.04,1546,74.24,201.66,iron
4,808362583,1,0,0,41.39,0.38,326.51,0.6,349.69,-53.21,333.16,-46.92,1.204,0.079,1.02,0.065,698.55,9.89,5527.55,13940.54,1.77,0.05,-24243.95,59.84,8780.46,51.64,54.43,453003.48,6107919.19,1503.51,0.18,20.79,228.8,7.16,0.24,0.04,662,17.11,607.72,iron
4,380608757,0,0,1,56.53,0.29,114.0,0.77,47.9,9.62,280.9,17.63,2.746,0.21,2.357,0.177,836.32,14.04,6465.12,17363.88,3.99,0.13,-29667.41,132.65,-8543.17,85.09,-16.76,447626.56,6090596.02,1461.57,0.06,108.11,234.75,9.44,0.25,0.05,960,682.28,725.38,proton
4,448744201,0,0,1,47.89,1.02,32.25,0.62,75.01,-57.41,349.25,-3.61,2.076,0.16,1.779,0.135,953.55,28.26,4023.1,17885.72,3.1,0.11,-18539.22,70.91,5362.36,84.47,29.5,458717.3,6104517.32,1460.72,0.09,48.76,227.21,8.17,0.27,0.04,1725,53.47,625.9,proton
3,141168064,0,0,1,35.39,0.87,308.79,0.97,273.26,-51.61,47.1,-56.89,0.686,0.057,0.573,0.046,654.31,28.75,5430.17,13617.34,1.01,0.05,452.96,67.42,24142.71,58.5,-53.1,477648.3,6123333.26,1391.77,0.11,43.79,225.44,11.16,0.26,0.05,1294,33.83,274.7,iron
2,833643024,0,0,1,35.24,1.04,258.01,0.88,306.8,-48.05,5.69,-68.86,0.739,0.067,0.619,0.055,673.02,29.76,5209.01,12826.23,1.13,0.05,11314.13,51.81,-7633.2,79.59,-37.99,488583.22,6091604.4,1375.55,0.11,48.93,218.37,12.46,0.24,0.06,555,304.75,511.66,iron
1,787151100,1,1,1,42.93,0.56,146.06,0.58,84.35,-64.59,357.23,-6.51,7.384,0.546,6.399,0.47,804.49,14.92,4673.37,19682.19,10.77,0.26,-22602.42,62.12,-10877.97,71.83,-25.32,454694.09,6088276.25,1425.7,0.12,34.19,236.15,7.72,0.22,0.05,421,335.32,451.9,iron
4,787159831,0,1,1,43.44,0.87,147.63,1.47,81.73,-64.25,356.11,-6.88,8.926,0.746,7.745,0.645,766.05,15.16,5113.35,25002.92,13.0,0.4,-22545.97,141.78,-10758.96,72.93,-25.32,454749.82,6088395.52,1425.71,0.07,104.71,236.41,9.66,0.26,0.05,421,433.9,578.89,proton
1,736100739,0,0,1,36.0,0.5,341.61,0.76,3.93,-37.87,311.17,-38.36,0.658,0.047,0.549,0.038,680.34,16.89,5249.69,12827.95,0.92,0.03,-8573.34,66.75,-25835.63,39.33,-81.34,468756.17,6073361.31,1380.4,0.14,28.73,237.08,9.09,0.26,0.05,331,1035.86,1056.84,iron
4,718321145,1,0,1,49.13,0.46,307.72,0.43,326.45,-51.39,343.03,-59.95,1.743,0.118,1.489,0.099,851.67,17.92,5142.76,14755.33,2.37,0.07,-20138.37,47.41,17658.96,52.39,52.83,457085.37,6116802.53,1507.5,0.11,34.45,249.89,8.35,0.22,0.05,909,223.94,257.4,proton
3,130070915,0,0,1,49.65,0.67,214.44,1.67,350.47,-21.04,285.53,-46.42,1.031,0.086,0.869,0.071,673.04,22.51,6994.42,23263.98,1.47,0.1,-10277.43,179.45,26733.39,177.69,-30.93,466919.95,6125895.86,1432.03,0.19,17.37,234.79,9.91,0.26,0.05,986,350.95,354.49,iron
2,664640847,0,0,1,26.95,0.53,355.59,0.79,252.39,-80.59,21.5,-32.84,0.769,0.068,0.646,0.056,511.23,32.42,6590.21,11980.94,1.09,0.06,23588.96,42.7,5299.39,36.37,-82.91,500816.72,6104559.25,1360.63,0.1,54.3,234.69,10.32,0.28,0.05,739,650.58,669.43,iron
3,852405567,1,0,1,42.45,0.46,234.44,0.47,322.36,-4.58,235.7,-60.81,1.743,0.119,1.49,0.1,734.8,13.52,5218.13,14077.86,2.83,0.08,13321.62,44.05,26552.15,47.51,-101.15,490503.06,6125772.46,1368.97,0.09,46.87,208.98,7.13,0.27,0.04,1158,224.19,613.18,iron
4,920615325,1,0,1,32.65,0.29,119.12,0.8,44.44,-33.09,317.26,-5.75,1.623,0.115,1.387,0.097,721.97,12.95,4424.14,8449.08,2.42,0.04,-32137.86,28.04,5503.36,21.06,67.15,445124.09,6104624.31,1553.11,0.08,86.24,227.87,9.77,0.25,0.05,630,474.86,485.67,iron
1,155178331,0,1,1,46.75,0.92,14.97,1.05,179.55,-68.33,31.39,-14.06,4.717,0.416,4.074,0.357,814.54,22.07,5082.13,25607.59,6.85,0.35,-3409.15,118.74,-11011.39,116.38,-18.95,473877.78,6088190.58,1391.91,0.14,33.1,235.99,10.25,0.26,0.06,111,133.91,231.72,proton
3,663149680,1,0,1,51.5,0.36,141.33,0.52,70.46,-46.45,339.7,2.46,4.107,0.283,3.541,0.239,739.98,15.14,6520.63,16448.84,5.89,0.14,-5509.16,63.1,24062.88,55.89,-36.48,471691.21,6123237.38,1410.7,0.09,38.15,238.6,6.4,0.24,0.05,1090,51.24,210.3,iron
3,704297383,0,0,1,25.45,0.42,157.54,0.8,32.67,-56.68,336.37,-22.54,0.836,0.061,0.704,0.049,739.89,14.22,3719.29,9114.44,1.2,0.03,-2169.98,30.19,28750.52,30.91,-13.17,475015.22,6127931.18,1453.76,0.09,48.44,232.34,9.56,0.27,0.05,1485,451.22,451.43,iron
3,425507090,0,0,1,44.38,0.74,294.78,0.99,278.62,-28.47,93.62,-68.49,1.0,0.08,0.843,0.066,706.85,26.74,5881.01,18540.19,1.5,0.07,2739.88,84.59,20878.37,88.05,-44.25,479941.2,6120078.75,1387.63,0.17,31.2,223.47,10.21,0.26,0.05,1434,59.6,762.84,iron
4,451363933,0,0,1,45.02,0.98,357.52,0.64,237.8,-7.86,107.2,-25.67,2.158,0.172,1.852,0.146,778.47,28.5,5226.11,18886.32,3.17,0.14,-28336.2,107.05,-1883.48,52.84,30.07,448941.91,6097250.06,1492.47,0.09,52.55,231.88,10.57,0.26,0.06,1081,97.55,245.77,iron
1,520337707,0,0,1,17.11,0.32,318.38,2.06,250.99,-38.69,74.13,-45.51,0.636,0.053,0.532,0.043,792.58,19.28,2711.94,8277.81,0.92,0.04,-23335.06,24.22,-20498.46,23.91,-66.73,453987.63,6078658.58,1409.65,0.06,77.51,230.28,9.42,0.25,0.05,401,166.57,393.19,proton
2,948139443,0,0,1,30.78,0.43,336.68,0.78,246.51,-52.07,55.97,-41.47,0.91,0.067,0.767,0.055,725.86,18.03,4273.18,9905.43,1.33,0.04,13135.45,29.5,-10479.11,34.48,-50.35,490411.2,6088763.77,1373.17,0.08,72.46,228.53,9.9,0.26,0.05,564,586.32,808.03,iron
2,856126915,0,0,1,45.44,0.4,99.54,0.86,64.75,-30.73,325.02,9.81,1.56,0.117,1.33,0.098,715.13,17.13,5975.36,20228.86,2.26,0.1,18552.2,63.52,10009.04,99.63,-75.54,495772.2,6109254.13,1360.17,0.21,23.11,233.41,9.55,0.26,0.05,1706,16.66,548.64,iron
2,418861659,0,0,1,30.14,0.51,164.49,0.84,20.06,-28.28,304.02,-22.99,0.692,0.053,0.579,0.043,678.61,16.77,4748.23,11186.06,1.03,0.04,13639.05,46.43,-9226.02,40.24,-45.77,490911.6,6090017.41,1373.66,0.12,37.0,223.89,10.82,0.26,0.06,580,669.87,676.54,iron
2,164029787,0,0,1,50.55,1.02,188.88,1.0,18.49,-40.28,316.34,-27.65,1.056,0.091,0.89,0.076,733.38,33.32,6524.32,19658.08,1.53,0.1,9078.83,157.09,-738.18,139.72,-25.69,486332.48,6098488.91,1380.21,0.18,22.43,230.23,10.58,0.27,0.05,704,238.87,307.85,iron
3,612919811,1,0,1,53.26,0.58,158.02,0.93,13.06,23.24,253.13,-5.63,1.787,0.131,1.525,0.11,699.57,23.06,7323.05,17526.99,2.75,0.11,-2493.12,135.25,22270.23,75.7,-37.72,474707.4,6121454.68,1403.19,0.08,37.72,220.23,9.16,0.28,0.05,1196,523.09,528.78,iron
2,762716008,1,1,1,26.32,0.31,295.19,0.66,286.99,-57.36,28.97,-57.73,4.517,0.32,3.911,0.273,745.48,7.68,3708.08,8164.65,7.11,0.11,14535.37,26.16,-7830.88,18.99,-46.99,491802.42,6091415.1,1372.42,0.08,57.89,218.33,8.81,0.26,0.05,766,597.05,737.96,iron
1,876185349,0,0,1,34.24,1.09,173.7,0.85,15.72,-24.43,298.6,-25.36,1.229,0.102,1.043,0.086,817.19,23.99,3632.12,13246.43,1.84,0.08,-18672.9,66.95,-14569.11,37.56,-29.76,458633.46,6084596.2,1411.89,0.09,60.55,225.44,10.49,0.26,0.05,668,216.81,799.26,proton
3,44475673,0,0,1,38.99,0.55,288.51,0.61,294.89,-47.0,28.4,-69.15,0.789,0.057,0.662,0.046,744.91,17.39,4859.24,10894.42,1.15,0.04,-3993.43,39.89,29574.29,42.5,-2.71,473190.93,6128751.36,1464.95,0.11,42.93,228.47,9.65,0.27,0.05,1548,311.15,440.13,iron
1,905816832,1,0,1,26.51,0.22,223.51,1.11,344.08,-52.64,334.19,-50.28,1.413,0.102,1.205,0.085,685.4,17.21,4410.06,9637.0,2.04,0.05,-11164.11,26.61,-19240.26,25.46,-46.02,466148.27,6079947.35,1391.82,0.08,87.0,234.23,9.77,0.26,0.05,308,31.39,279.58,iron
3,665336276,0,0,1,29.43,0.65,275.59,0.87,274.31,-35.98,75.7,-64.17,0.852,0.063,0.717,0.051,720.42,10.56,4121.51,8328.7,1.39,0.04,2036.92,24.26,28613.29,67.53,-49.04,479220.64,6127803.35,1417.63,0.17,32.5,204.44,11.11,0.26,0.06,1106,189.58,388.87,proton
3,928191778,1,0,1,53.24,0.46,288.01,0.8,286.63,-25.61,105.1,-75.32,1.077,0.076,0.907,0.062,695.4,20.12,7238.11,14825.01,1.53,0.05,-2832.96,65.16,29167.2,67.23,-13.17,474352.04,6128346.44,1453.75,0.15,22.43,235.38,7.6,0.27,0.05,1485,167.25,251.37,iron
3,362251701,1,0,1,48.05,0.56,177.76,1.04,35.27,-56.45,336.57,-21.1,1.225,0.09,1.038,0.075,687.71,21.04,6554.89,13022.4,1.82,0.05,6077.3,126.1,23098.13,49.33,-61.24,483274.89,6122302.8,1381.23,0.06,53.94,225.95,9.62,0.25,0.05,1121,350.65,640.95,iron
3,805081933,1,0,1,24.07,0.37,224.39,1.01,339.97,-59.01,344.54,-49.18,1.398,0.104,1.192,0.087,659.5,18.54,4473.38,7433.22,2.03,0.05,11285.76,24.6,34928.21,22.02,-57.92,488449.22,6134139.89,1443.55,0.09,76.14,233.01,9.88,0.27,0.05,1130,688.77,735.17,iron
3,385177693,0,0,1,24.58,0.6,238.03,1.24,291.92,-62.27,21.58,-54.11,0.897,0.065,0.756,0.053,706.42,14.04,3971.04,10288.03,1.34,0.04,-5504.43,52.57,33342.79,35.12,48.18,471672.77,6132512.63,1535.33,0.1,43.82,224.57,8.71,0.26,0.04,1506,491.71,814.44,iron
3,452378191,0,0,1,33.37,0.66,320.76,0.78,260.31,-51.63,53.51,-49.82,1.339,0.108,1.139,0.091,782.92,18.18,3830.78,13358.46,1.96,0.08,-7990.69,37.34,27761.67,46.98,17.5,469201.18,6126928.1,1482.84,0.07,69.64,230.7,10.27,0.25,0.05,992,85.65,155.65,proton
2,456215682,0,0,1,30.25,0.35,290.24,1.25,306.16,-54.86,8.88,-62.17,1.041,0.077,0.88,0.064,691.59,18.99,4636.62,11198.11,1.53,0.05,12757.77,40.48,3962.21,41.3,-41.79,489996.83,6103195.0,1373.2,0.07,86.72,228.39,9.82,0.26,0.05,1009,492.92,500.62,iron
3,73222087,0,0,1,41.05,0.74,248.35,1.27,306.63,-48.07,6.0,-68.86,1.667,0.135,1.424,0.114,749.08,24.07,5051.95,19575.87,2.37,0.12,-8215.88,83.13,23583.46,82.88,-32.21,468986.16,6122750.8,1418.35,0.14,31.24,238.73,10.26,0.23,0.05,1087,424.67,449.33,iron
4,353635682,1,0,1,39.94,0.36,265.64,0.54,286.78,-33.27,75.18,-74.77,2.32,0.156,1.994,0.131,724.9,9.49,5165.71,9863.86,3.41,0.07,-27724.83,32.61,9705.21,39.83,67.79,449524.81,6108834.57,1533.69,0.16,27.01,231.81,7.83,0.24,0.06,612,201.16,369.91,iron
1,517727956,0,0,1,48.13,0.75,14.92,0.75,204.66,-44.78,59.06,-13.31,0.953,0.07,0.802,0.057,708.24,21.53,6289.33,15474.89,1.42,0.06,-16138.17,109.05,-15943.65,63.09,-34.21,461166.53,6083228.51,1404.3,0.11,33.09,224.46,9.28,0.25,0.05,448,124.81,815.92,iron
3,761144526,1,0,1,33.19,0.74,176.64,0.87,21.81,-48.3,325.73,-27.05,3.642,0.281,3.147,0.239,720.43,12.07,4386.49,17079.92,5.54,0.15,10080.18,70.8,18547.03,38.92,-60.04,487284.6,6117764.63,1374.14,0.07,76.88,225.13,9.08,0.26,0.05,1536,512.73,555.61,iron
4,16858749,1,1,1,34.42,0.3,328.24,0.55,256.22,-17.18,105.81,-45.87,4.793,0.326,4.147,0.277,721.72,6.97,4694.83,9741.01,7.27,0.11,-24519.6,41.67,17242.16,19.79,84.53,452709.01,6116373.54,1554.73,0.12,35.54,226.39,7.17,0.26,0.06,695,82.41,218.04,iron
3,246263640,0,0,1,31.04,0.55,244.73,1.48,276.72,-47.9,50.34,-60.88,0.748,0.06,0.627,0.049,760.89,22.22,3967.7,12579.83,1.07,0.05,2262.17,42.74,24100.48,60.31,-56.44,479457.2,6123295.58,1388.68,0.12,38.38,231.75,11.04,0.26,0.06,1312,390.09,440.29,iron
4,822067203,1,0,1,59.11,0.76,13.5,0.6,212.76,-17.21,87.38,-7.6,2.676,0.197,2.294,0.166,1064.95,42.24,5344.16,19723.97,3.8,0.15,-20595.35,110.23,5356.31,116.12,33.68,456661.24,6104505.05,1469.56,0.16,28.85,240.23,8.81,0.21,0.05,1728,141.91,336.84,proton
4,248408207,1,0,0,26.98,0.42,305.18,0.8,262.56,-31.78,85.38,-54.74,1.019,0.071,0.861,0.058,678.68,12.11,4529.61,9321.33,1.52,0.04,-33577.15,23.59,7414.2,39.73,59.38,443681.29,6106529.47,1550.52,0.12,41.07,224.49,9.46,0.25,0.05,600,255.28,390.05,iron
2,385043587,1,0,1,24.4,0.43,252.31,0.92,267.96,-41.79,66.52,-57.95,1.067,0.078,0.903,0.064,778.42,12.38,3232.65,8368.64,1.6,0.05,14801.25,34.7,-7916.08,24.21,-51.26,492068.68,6091329.47,1371.45,0.1,42.92,224.24,9.46,0.27,0.05,730,589.6,728.24,proton
1,172102578,1,1,1,44.7,0.31,302.05,0.45,285.29,-7.04,149.84,-63.85,6.608,0.474,5.721,0.407,778.08,10.42,5203.33,13892.59,9.47,0.15,-11364.78,47.73,-14030.53,31.87,-25.96,465933.58,6085154.06,1398.46,0.06,71.63,239.5,7.36,0.27,0.05,169,233.95,480.28,iron
1,899183605,1,1,1,53.73,0.78,75.03,0.56,202.86,18.56,115.4,17.02,6.637,0.543,5.736,0.467,784.39,31.26,6541.98,28735.32,9.3,0.36,-181.92,133.56,-13872.82,136.9,-29.19,477109.81,6085338.89,1385.92,0.15,27.27,244.74,8.12,0.26,0.05,243,118.44,233.22,iron
2,899145818,0,1,1,54.49,0.5,76.22,0.83,201.62,18.22,114.58,17.96,5.328,0.422,4.597,0.361,749.84,22.22,7013.72,20722.98,7.82,0.28,-86.22,108.17,-14165.31,179.04,-29.19,477205.99,6085045.96,1385.94,0.06,80.97,233.19,10.09,0.26,0.05,243,278.81,415.98,iron
3,753706928,0,0,1,34.06,0.51,3.15,0.69,269.5,27.36,159.63,-26.74,0.769,0.055,0.645,0.044,687.67,13.32,5017.14,11955.16,1.18,0.04,9786.49,45.18,27306.29,46.59,-92.26,486970.24,6126517.93,1376.26,0.11,36.28,216.8,9.51,0.26,0.05,1392,498.09,515.68,iron
3,745245525,1,0,1,32.06,0.55,337.9,0.69,282.68,18.28,167.23,-40.53,1.438,0.107,1.226,0.089,831.51,13.09,3287.35,10533.49,2.07,0.05,-3088.03,34.63,26559.88,32.31,-39.91,474103.51,6125739.62,1415.64,0.07,67.63,235.25,9.09,0.25,0.05,1095,412.87,459.76,proton
3,418348672,1,0,1,28.45,0.17,143.16,1.07,229.98,-1.2,109.72,-15.69,4.044,0.304,3.499,0.26,714.26,9.16,4224.61,13493.95,6.49,0.14,16221.15,27.06,27279.18,34.71,-113.2,493398.68,6126507.49,1367.64,0.07,88.72,213.62,9.13,0.27,0.05,1608,338.67,390.78,iron
3,356748227,0,0,1,66.47,0.28,325.9,0.95,275.74,14.69,157.29,-40.55,5.688,0.415,4.885,0.353,832.54,19.33,8964.75,21074.88,8.02,0.19,-19825.9,181.52,27032.95,270.1,-13.33,457366.55,6126176.06,1470.37,0.04,53.93,241.91,7.15,0.23,0.05,1041,370.7,377.54,proton
3,281204889,0,0,1,27.86,0.48,221.37,0.82,261.02,-53.65,50.38,-49.45,0.704,0.051,0.59,0.041,699.53,13.34,4351.39,8727.44,1.05,0.03,-1536.66,40.33,30519.13,35.84,-12.31,475644.74,6129700.25,1460.32,0.17,33.24,222.64,10.28,0.25,0.05,1507,37.0,294.71,iron
1,977261521,1,0,1,49.12,0.69,340.57,0.6,285.12,24.32,172.77,-35.76,1.088,0.076,0.918,0.062,682.04,20.25,6870.28,16915.88,1.67,0.06,-8630.74,79.29,-21069.97,90.02,-50.88,468681.87,6078125.66,1387.59,0.16,25.24,218.3,7.54,0.24,0.04,307,473.24,700.67,iron
4,613341588,1,0,0,30.87,0.34,135.23,0.91,189.24,-58.12,42.43,-11.44,1.137,0.088,0.964,0.073,796.49,15.93,3528.7,9473.13,1.67,0.05,-21830.28,23.26,12924.03,29.58,69.62,455406.62,6112065.69,1522.21,0.06,84.39,229.15,9.65,0.26,0.05,657,468.05,545.49,iron
2,387258544,0,0,1,39.69,0.76,137.11,0.7,192.44,-43.55,55.83,-5.07,0.674,0.055,0.563,0.044,860.75,24.47,3785.14,11628.72,1.0,0.04,25808.84,49.98,4994.09,42.78,-98.3,503036.63,6104260.16,1356.71,0.1,49.79,223.86,11.3,0.26,0.06,678,112.17,555.64,proton
3,977875393,1,0,1,27.37,0.34,158.32,1.08,222.03,-33.76,74.97,-21.74,1.194,0.092,1.014,0.077,755.07,15.31,3667.61,9933.58,1.8,0.06,10098.71,30.14,26399.77,27.87,-86.39,487283.37,6125612.46,1375.47,0.07,82.69,223.37,10.61,0.26,0.05,1381,499.64,595.22,iron
1,465547470,1,0,1,37.65,0.51,190.74,0.68,252.04,-79.41,22.71,-33.47,1.404,0.105,1.195,0.088,758.87,17.99,4535.33,10905.77,2.03,0.06,-18322.73,53.44,-16720.37,30.07,-41.19,458987.65,6082447.34,1406.55,0.07,58.31,233.24,10.3,0.25,0.05,415,64.92,312.81,iron
3,90369890,1,0,0,31.26,0.39,299.47,0.7,278.95,-6.6,140.52,-59.34,1.266,0.085,1.076,0.07,785.72,9.42,3702.97,8900.95,1.86,0.04,9570.89,37.57,30647.8,29.62,-86.08,486744.59,6129857.01,1394.32,0.17,31.94,228.91,8.14,0.25,0.05,1359,80.04,644.61,iron
4,207670816,0,0,1,48.64,0.52,236.34,0.81,279.43,-46.78,49.87,-63.03,3.046,0.238,2.622,0.202,656.0,17.64,7119.81,18176.0,4.72,0.16,-12802.84,55.81,12664.96,142.2,10.37,464431.01,6111830.37,1434.01,0.04,64.56,220.24,8.91,0.27,0.05,1222,304.87,653.79,iron
1,580069675,1,0,1,34.03,0.49,196.67,0.59,243.67,-26.6,88.97,-37.65,1.109,0.082,0.939,0.067,708.77,15.63,4781.59,12398.28,1.62,0.06,-21952.23,41.7,-16334.67,34.92,-45.98,455360.0,6082823.87,1411.11,0.09,52.35,230.5,9.65,0.25,0.05,363,396.1,453.45,iron
2,97806253,0,0,1,22.46,0.51,108.87,1.0,258.33,36.45,157.29,-13.81,0.773,0.06,0.649,0.049,793.38,17.26,2984.26,8085.38,1.11,0.04,13992.88,34.33,-4340.98,22.08,-43.8,491251.87,6094900.63,1373.1,0.1,50.52,232.01,10.38,0.25,0.05,728,430.5,447.07,iron
4,74613911,1,0,1,29.42,0.57,48.14,1.39,305.87,51.21,194.74,-11.61,1.604,0.156,1.372,0.133,909.18,21.0,2341.93,10430.44,2.37,0.13,-22449.69,47.8,18334.61,34.17,64.65,454774.91,6117470.41,1530.38,0.11,42.09,229.42,10.42,0.25,0.05,694,211.07,434.8,proton
2,649058538,1,0,1,45.97,0.6,162.6,0.42,194.65,-56.21,45.66,-12.93,9.458,0.728,8.206,0.629,741.21,17.32,5892.2,23000.6,13.5,0.34,25236.53,103.81,16427.99,40.95,-122.18,502434.92,6115685.6,1350.53,0.08,49.66,241.21,6.71,0.26,0.04,1684,530.76,604.75,iron
1,684586216,1,0,1,41.76,1.24,12.47,1.42,246.34,18.93,136.54,-18.4,1.009,0.1,0.851,0.084,691.23,13.77,5889.32,11367.58,1.56,0.07,-13113.28,141.78,-22756.14,129.02,-63.63,464209.48,6076428.43,1391.34,0.26,23.63,216.63,10.53,0.22,0.04,419,64.35,173.52,iron
2,872421058,0,0,1,33.1,0.35,342.14,0.87,262.3,6.32,137.18,-38.39,1.111,0.084,0.941,0.07,693.99,21.1,4935.53,10776.62,1.62,0.05,10383.03,28.95,-8625.01,44.34,-36.56,487654.81,6090610.2,1377.37,0.08,84.13,230.49,11.37,0.26,0.06,575,32.47,252.69,iron
2,37942644,1,0,1,36.78,0.54,61.1,0.58,217.58,4.78,109.24,-1.94,3.946,0.272,3.409,0.23,875.63,6.05,3349.77,9505.29,5.81,0.08,25152.93,39.78,2301.44,74.61,-87.55,502388.32,6101566.85,1362.17,0.21,25.08,232.34,6.72,0.29,0.04,911,270.15,536.98,proton
1,85809690,1,0,1,44.4,0.24,209.11,0.37,259.13,-6.71,120.82,-43.72,9.897,0.686,8.592,0.592,757.43,9.0,5308.43,12740.54,14.5,0.18,-20273.56,35.82,-14617.77,25.25,-37.57,457034.07,6084544.68,1409.32,0.08,62.24,234.5,4.71,0.31,0.05,397,723.26,1079.54,iron
2,793286922,0,0,1,32.44,1.01,213.93,1.71,261.16,-9.7,118.62,-46.98,0.776,0.072,0.651,0.06,589.16,39.19,6131.58,10945.0,1.15,0.06,20225.7,110.42,6046.88,48.0,-68.75,497455.49,6105298.22,1364.75,0.08,69.35,223.83,11.28,0.25,0.05,750,328.16,485.95,iron
2,575265166,1,1,1,22.99,0.35,164.17,0.77,264.9,24.89,154.27,-26.36,5.556,0.417,4.819,0.358,828.71,10.65,2663.23,7787.41,7.87,0.11,20940.33,15.7,2742.86,31.1,-73.52,498176.61,6101997.74,1363.02,0.11,50.74,242.98,9.52,0.25,0.05,769,439.9,490.82,proton
3,712976490,1,0,1,22.03,0.42,243.67,0.82,263.09,-22.8,100.72,-53.77,1.195,0.089,1.015,0.074,677.03,17.06,4287.31,8030.96,1.78,0.04,11007.44,24.1,32949.26,22.68,-73.05,488174.45,6132159.8,1422.9,0.11,63.06,226.4,11.31,0.26,0.06,1129,130.36,698.27,iron
1,356905824,0,0,1,30.13,0.47,317.15,0.75,311.62,10.67,206.59,-51.27,0.725,0.051,0.607,0.041,669.56,15.61,4886.68,10087.07,1.06,0.03,-10232.08,39.98,-27163.83,32.53,-81.83,467098.29,6072031.54,1381.79,0.15,37.02,227.97,8.5,0.26,0.04,325,299.57,847.57,iron
1,609515744,1,0,1,32.71,1.05,82.68,0.71,353.54,47.03,224.7,-2.95,6.815,0.599,5.91,0.518,834.01,15.09,3282.0,19152.93,10.03,0.34,-211.95,44.57,-22463.2,80.5,-62.92,477101.67,6076754.9,1378.68,0.08,54.23,234.03,9.24,0.23,0.04,317,552.11,696.77,proton
3,799438142,0,0,1,38.43,0.58,311.6,0.7,323.12,0.67,231.07,-56.09,0.68,0.049,0.568,0.039,769.27,15.75,4494.53,11194.31,0.95,0.03,10675.57,74.85,30385.17,51.86,-86.08,487848.82,6129597.66,1394.3,0.18,24.74,238.42,9.38,0.25,0.05,1359,316.01,455.06,proton
1,204448240,1,0,1,36.74,0.63,203.48,1.06,245.19,-44.27,66.42,-41.18,1.712,0.14,1.465,0.118,713.49,23.73,4910.5,10459.47,2.59,0.08,-16705.89,76.41,-16449.12,33.73,-39.57,460602.09,6082722.29,1404.04,0.06,72.06,224.07,11.72,0.26,0.05,414,204.12,213.45,iron
2,687348682,1,0,1,36.04,0.37,271.7,1.24,306.34,-8.61,203.36,-71.2,1.296,0.099,1.101,0.082,697.46,20.08,5015.84,10550.61,1.97,0.05,16675.06,58.81,6581.0,37.29,-58.26,493904.92,6105823.31,1365.92,0.08,92.94,221.99,10.55,0.25,0.05,1003,344.26,583.51,iron
2,377250899,1,0,1,35.55,0.45,123.39,0.78,291.16,58.14,186.66,-4.16,1.169,0.079,0.991,0.065,725.05,10.52,4664.91,12635.51,1.78,0.05,17810.4,40.59,4417.8,67.93,-59.11,495045.24,6103663.25,1366.71,0.16,27.3,221.66,8.13,0.23,0.05,788,200.85,209.96,iron
3,553949840,1,0,1,31.0,0.58,234.03,0.95,267.53,-18.54,110.07,-56.38,1.102,0.078,0.933,0.064,690.01,11.63,4654.75,8637.72,1.65,0.04,-2481.69,63.94,32779.41,27.43,21.19,474694.14,6131955.98,1506.78,0.15,33.86,224.46,9.95,0.25,0.05,1478,71.66,645.76,iron
4,616132031,1,0,1,41.67,0.51,227.98,0.52,269.15,-15.4,116.4,-56.54,1.384,0.096,1.177,0.08,694.26,15.17,5665.42,14774.54,2.03,0.07,-31125.49,49.16,3625.73,54.84,65.43,446141.52,6102749.0,1542.1,0.13,31.29,229.75,9.1,0.24,0.05,938,35.77,456.33,iron
3,543831039,1,0,1,22.13,0.43,4.52,1.03,270.78,23.73,158.46,-30.42,1.648,0.114,1.411,0.096,765.3,9.12,3260.34,8365.0,2.46,0.04,10891.23,48.21,33425.53,19.14,-57.92,488059.03,6132635.93,1443.55,0.13,39.93,227.17,8.41,0.28,0.05,1130,773.81,781.84,iron
2,642393891,1,0,1,40.81,0.4,86.13,0.52,309.38,68.27,195.26,5.52,1.475,0.099,1.256,0.082,726.99,12.58,5273.52,13216.93,2.06,0.06,15507.44,45.29,3123.57,51.96,-46.85,492746.7,6102364.06,1372.41,0.16,26.83,241.56,7.71,0.25,0.05,759,140.91,142.51,proton
3,424840458,1,0,1,36.3,0.42,308.73,0.66,331.02,-7.93,252.27,-57.19,1.279,0.088,1.086,0.072,715.3,11.79,4911.82,12424.32,1.85,0.05,10512.3,55.47,28573.46,51.49,-98.19,487692.06,6127784.52,1377.35,0.2,24.94,232.99,8.65,0.27,0.05,1152,606.09,610.66,iron
4,382535476,0,0,1,60.78,0.49,227.81,1.09,280.5,1.57,152.3,-54.07,4.238,0.338,3.644,0.287,872.68,27.66,7168.55,19198.67,6.1,0.21,-13959.62,115.47,7924.44,219.15,16.82,463283.37,6107085.53,1438.98,0.05,53.86,237.38,9.31,0.23,0.05,1746,34.85,729.2,proton
2,13882319,1,1,1,48.19,0.56,253.97,0.44,287.15,-26.5,101.82,-75.91,2.963,0.209,2.55,0.176,804.38,18.85,5433.25,17672.06,4.27,0.12,6526.86,44.01,-5625.2,77.28,-21.73,483793.92,6093599.24,1383.29,0.13,41.56,237.37,7.52,0.23,0.05,647,593.96,649.55,iron
4,489188367,1,0,1,45.74,0.49,324.91,0.43,323.03,10.56,222.91,-47.56,1.69,0.116,1.443,0.097,696.02,14.75,6188.22,16142.43,2.58,0.08,-20414.35,51.7,19430.37,61.68,42.03,456806.19,6118570.75,1504.29,0.13,30.16,222.01,7.61,0.26,0.05,915,242.35,785.37,iron
1,140886968,1,1,1,30.89,0.43,135.97,0.82,348.57,38.15,227.94,-11.98,4.423,0.35,3.827,0.299,687.16,12.27,4684.66,15231.76,6.89,0.19,-2138.3,27.27,-25678.86,54.07,-75.6,475184.67,6073534.9,1376.17,0.07,76.5,219.98,9.49,0.29,0.05,349,199.82,498.55,iron
4,957533095,0,0,1,43.66,0.67,316.13,0.86,310.72,8.2,206.0,-53.87,1.802,0.135,1.541,0.113,738.04,18.78,5455.06,19377.55,2.62,0.1,-16569.74,88.26,11766.73,73.15,35.11,460668.69,6110920.44,1469.06,0.15,30.98,233.73,8.24,0.25,0.04,916,298.97,371.74,iron
4,910123242,1,1,1,46.51,0.68,342.55,0.7,3.0,-20.3,289.55,-35.08,2.948,0.221,2.538,0.187,698.99,17.33,6227.88,20560.38,4.28,0.16,-22084.71,96.77,2769.98,98.68,28.43,455178.94,6101916.28,1467.56,0.15,27.47,235.6,8.52,0.25,0.05,598,134.75,302.07,iron
4,243522054,1,0,0,27.85,0.37,24.47,1.08,255.34,25.13,147.33,-20.47,1.233,0.086,1.047,0.071,707.23,11.58,4241.66,11864.15,1.8,0.05,-22742.6,51.53,19435.24,36.78,63.89,454480.51,6118570.15,1536.21,0.12,32.74,231.29,8.13,0.25,0.04,690,548.79,566.0,iron
2,406306332,1,0,1,38.99,0.52,166.66,1.04,227.77,-13.88,96.77,-19.31,1.43,0.108,1.218,0.091,912.21,17.22,3223.46,12749.26,2.02,0.07,10536.11,68.75,-6206.35,38.98,-32.64,487802.54,6093027.54,1378.29,0.18,30.98,240.09,8.52,0.22,0.04,571,168.65,347.12,proton
3,186605455,1,0,1,35.94,0.58,334.86,0.58,307.21,20.75,198.24,-41.94,1.409,0.095,1.2,0.078,828.18,7.57,3650.3,7724.31,2.03,0.04,7745.93,47.76,30750.89,46.71,-70.52,484918.87,6129955.91,1405.8,0.22,27.41,235.12,7.46,0.24,0.04,1346,683.99,684.41,proton
4,358694200,1,0,0,30.06,0.28,168.21,1.04,277.0,33.56,169.25,-24.51,1.166,0.086,0.989,0.072,712.93,16.5,4333.7,8756.84,1.74,0.04,-23550.32,24.69,9767.2,28.76,58.24,453697.96,6108905.3,1506.47,0.07,87.44,226.02,10.77,0.25,0.05,672,221.0,605.53,iron
2,19106155,1,0,1,27.73,0.41,133.72,0.93,327.03,45.96,209.84,-13.71,1.311,0.087,1.115,0.072,750.42,9.13,3736.6,7684.86,1.88,0.03,15188.95,45.63,-5253.59,16.23,-48.35,492449.49,6093991.6,1371.96,0.11,41.88,235.07,7.71,0.26,0.04,754,413.77,487.09,iron
3,97207046,1,0,1,45.38,0.41,303.31,0.34,314.78,-2.48,219.59,-62.87,7.523,0.529,6.518,0.454,728.85,12.78,5755.12,19050.01,10.45,0.19,18809.93,53.97,32809.94,50.8,-109.86,495973.57,6132039.3,1404.09,0.14,30.69,247.01,5.5,0.3,0.04,1564,101.0,399.13,iron
3,45943360,0,1,1,47.4,0.69,196.07,0.48,260.44,11.12,139.97,-33.78,4.454,0.338,3.845,0.288,782.39,21.79,5465.72,22213.4,6.25,0.21,6531.7,111.93,14285.22,40.98,-35.36,483750.51,6113497.13,1382.05,0.09,53.1,244.42,8.47,0.23,0.05,1522,163.37,851.8,proton
3,194861910,0,0,1,61.86,0.43,59.96,0.96,36.65,42.77,244.36,20.61,4.211,0.331,3.619,0.281,751.52,23.85,8372.99,19303.27,6.27,0.18,2541.07,278.85,6437.98,232.35,-11.88,479779.16,6105642.66,1391.0,0.04,99.97,228.96,10.68,0.25,0.05,1443,482.48,510.22,iron
3,221717717,1,0,1,25.23,0.44,285.82,0.91,282.12,-2.99,149.77,-58.71,1.457,0.104,1.243,0.087,757.66,10.55,3492.26,7991.91,2.16,0.04,8915.4,37.12,30489.94,31.99,-77.18,486089.93,6129697.76,1401.01,0.12,40.07,227.99,10.1,0.26,0.05,1369,268.06,279.11,iron
1,967392439,1,0,1,29.48,0.44,36.61,1.47,264.59,38.3,162.53,-15.38,1.713,0.134,1.467,0.113,771.69,15.69,3652.86,13678.7,2.51,0.09,-10587.32,50.04,-17641.6,53.34,-41.15,466720.05,6081545.97,1391.57,0.12,37.22,232.11,9.76,0.25,0.05,199,348.2,386.38,proton
4,893442529,0,0,1,39.56,0.21,192.48,1.01,240.01,-24.04,90.85,-33.76,1.432,0.11,1.219,0.093,794.16,15.64,4350.17,12434.94,2.14,0.08,-17648.99,27.29,17768.05,53.57,43.27,459573.2,6116916.17,1493.51,0.07,100.05,226.42,9.5,0.26,0.05,845,225.05,624.63,proton
4,423666474,1,0,0,58.72,0.49,305.64,1.41,322.24,-3.59,234.3,-60.09,1.2,0.088,1.012,0.072,731.63,25.87,7890.69,16263.31,1.77,0.06,-22976.36,132.87,23159.97,150.78,40.44,454234.02,6122295.02,1521.37,0.07,34.86,227.33,9.49,0.26,0.05,963,279.26,355.09,iron
4,959740851,0,0,1,51.78,0.46,353.79,0.73,349.72,19.11,242.45,-25.25,2.138,0.15,1.831,0.126,671.73,17.02,7159.65,17573.23,3.22,0.11,-36386.55,121.81,-739.47,47.44,68.57,440884.4,6098374.13,1564.18,0.07,49.42,225.38,8.21,0.27,0.05,1058,901.61,926.66,proton
4,616067708,1,0,0,49.21,0.41,9.04,0.58,23.1,-17.06,294.07,-16.21,1.192,0.078,1.008,0.063,710.91,14.49,6348.85,12593.45,1.78,0.05,-26978.82,46.55,8819.56,46.14,60.73,450270.01,6107949.54,1521.7,0.13,23.0,223.95,6.51,0.28,0.04,613,39.41,588.32,iron
2,664103444,1,0,1,29.95,0.49,265.67,0.77,299.4,-2.4,184.47,-65.04,1.022,0.074,0.864,0.061,754.84,11.03,3823.57,10040.23,1.58,0.04,12723.21,28.3,370.85,34.63,-37.21,489971.15,6099606.71,1374.8,0.07,68.54,216.76,9.61,0.27,0.05,726,120.2,352.62,iron
2,851168947,0,0,1,46.03,0.52,268.01,0.65,301.14,-18.48,181.71,-81.2,0.895,0.063,0.752,0.051,748.67,17.65,5567.68,12879.58,1.3,0.04,10811.42,36.94,-5619.32,71.99,-32.64,488075.61,6093615.73,1378.33,0.09,42.17,228.62,8.98,0.27,0.05,571,282.44,768.49,iron
2,645509356,1,0,1,30.62,0.38,222.81,0.68,302.74,11.73,192.55,-51.14,2.184,0.164,1.878,0.139,731.16,13.35,4123.42,13299.52,3.21,0.1,19740.77,39.73,9057.85,24.62,-72.91,496963.04,6108306.07,1362.93,0.07,73.92,231.98,10.05,0.24,0.05,1007,468.96,723.47,iron
3,105821631,0,0,1,40.74,0.8,302.98,0.77,334.23,-36.37,309.97,-61.98,0.964,0.079,0.813,0.065,786.86,26.2,4527.56,15496.56,1.39,0.06,16735.24,54.84,32993.59,63.7,-100.97,493899.82,6132217.39,1408.73,0.11,42.32,231.91,11.63,0.27,0.06,1555,30.1,899.22,proton
2,605277916,0,0,1,38.08,0.45,299.35,0.69,307.37,-0.81,202.79,-63.34,0.799,0.062,0.671,0.051,671.22,22.44,5498.23,10148.99,1.15,0.04,12441.17,29.54,-7174.46,45.81,-41.91,489708.29,6092064.9,1374.34,0.09,60.31,230.52,10.57,0.26,0.05,507,149.12,212.77,iron
3,490264189,0,0,1,32.77,1.13,311.15,1.76,306.59,8.03,199.13,-54.66,0.644,0.05,0.538,0.04,704.19,23.94,4628.17,13851.53,0.96,0.04,15292.77,69.57,33105.48,81.93,-80.46,492459.51,6132324.09,1430.18,0.11,44.05,223.29,8.33,0.26,0.04,1137,1001.46,1015.96,iron
3,217338524,1,0,1,59.19,0.57,237.46,1.21,296.35,-0.35,178.49,-62.48,1.709,0.122,1.454,0.102,788.49,33.59,7474.22,18546.6,2.47,0.09,14184.99,127.23,26684.28,155.72,-101.15,491367.47,6125909.59,1368.95,0.09,36.47,233.73,9.01,0.26,0.05,1158,187.23,193.67,iron
3,45893929,0,0,1,33.21,0.58,292.51,0.59,302.58,-0.5,192.06,-63.36,1.071,0.074,0.906,0.061,675.59,12.72,5023.14,13389.2,1.61,0.05,15568.65,37.14,36270.67,50.83,-76.8,492723.97,6135492.54,1442.89,0.09,48.0,223.68,8.12,0.26,0.04,1146,721.13,861.25,iron
1,436940778,0,0,1,47.98,0.58,92.24,0.76,33.98,26.21,259.59,12.47,0.864,0.061,0.725,0.049,742.58,20.2,6003.03,13292.05,1.27,0.05,-7914.84,45.06,-24976.5,82.09,-67.15,469409.82,6074219.36,1384.05,0.09,37.53,226.45,9.75,0.26,0.05,340,490.05,493.61,iron
2,288807573,1,0,1,38.12,0.42,134.35,0.5,4.25,34.54,239.39,-5.35,1.609,0.103,1.374,0.085,682.25,6.93,5430.21,11856.16,2.34,0.05,16376.54,45.95,1289.61,50.53,-49.87,493620.18,6100533.43,1370.75,0.18,23.53,232.49,6.36,0.25,0.04,735,84.44,377.97,iron
2,36231742,0,0,1,49.01,0.73,257.15,0.57,289.93,-27.84,96.36,-78.44,1.671,0.119,1.425,0.099,680.27,24.2,6858.3,19276.98,2.5,0.09,9066.3,87.25,-10634.75,107.17,-37.68,486344.34,6088598.98,1377.05,0.12,28.27,225.92,8.08,0.27,0.05,574,342.29,473.33,iron
4,79611907,1,1,1,35.44,0.17,179.62,0.93,244.57,0.13,118.68,-27.76,2.975,0.229,2.566,0.194,738.51,12.58,4571.58,15017.9,4.4,0.13,-15167.18,23.34,12431.81,48.59,25.55,462067.66,6111589.69,1455.66,0.06,94.85,231.69,9.27,0.23,0.05,863,284.52,301.38,iron
4,102489055,1,0,1,43.87,0.29,253.0,0.51,288.27,-17.08,136.39,-73.13,1.739,0.116,1.486,0.097,708.42,11.77,5849.97,10230.11,2.38,0.05,-27835.3,27.18,10086.72,31.19,67.79,449414.1,6109216.68,1533.72,0.14,28.17,247.03,8.2,0.29,0.05,612,58.83,631.6,iron
3,342294271,0,0,1,41.73,0.61,284.84,0.59,312.01,-12.14,224.23,-72.76,1.483,0.105,1.263,0.088,715.29,16.88,5508.31,17560.15,2.15,0.07,16112.54,62.51,27930.32,63.84,-113.2,493289.05,6127158.11,1367.64,0.11,33.08,233.49,8.35,0.23,0.05,1608,142.81,191.03,iron
2,23412473,0,0,1,39.86,0.51,251.59,0.59,299.28,-7.51,182.17,-70.08,1.364,0.095,1.16,0.079,677.31,13.77,5708.91,16372.83,2.02,0.07,10726.16,56.46,-11455.22,55.55,-40.52,488005.43,6087783.56,1377.51,0.12,29.42,228.53,8.61,0.23,0.05,529,416.16,650.35,iron
2,86917035,0,0,1,60.29,0.35,29.35,0.91,43.95,-13.1,299.55,3.58,3.515,0.24,3.019,0.202,809.68,22.07,7609.31,18243.85,4.94,0.11,14160.7,125.24,7007.02,82.96,-51.55,491392.57,6106242.87,1369.0,0.09,31.86,242.63,6.23,0.26,0.04,1011,173.09,376.65,proton
2,501479327,0,0,1,22.17,0.44,304.85,1.15,343.42,-18.6,278.7,-51.91,0.667,0.052,0.558,0.042,744.66,20.94,3475.21,8522.32,0.98,0.03,24330.41,26.26,3653.06,27.89,-87.24,501562.99,6102915.74,1360.08,0.07,72.8,225.59,10.8,0.26,0.05,896,256.79,643.95,iron
4,904579978,1,0,1,32.11,0.52,342.01,0.61,4.19,-39.93,313.81,-38.38,7.809,0.593,6.779,0.512,813.42,11.14,3475.69,13592.64,11.18,0.19,-21386.48,40.89,22118.21,39.87,32.9,455828.85,6121254.2,1508.65,0.08,38.71,240.74,8.33,0.25,0.04,965,318.79,453.27,proton
2,874795886,0,0,1,28.26,0.46,139.5,1.45,249.42,27.67,145.4,-14.89,0.684,0.05,0.573,0.04,708.95,14.33,4288.37,12632.02,1.02,0.04,13284.82,55.42,2035.46,51.23,-40.65,490528.37,6101271.17,1373.08,0.11,34.98,221.71,8.94,0.27,0.05,714,356.62,364.1,iron
2,362917214,1,0,1,22.69,0.23,230.4,1.16,297.75,11.75,184.81,-50.8,1.545,0.109,1.321,0.091,719.62,10.88,3797.38,7774.71,2.35,0.03,25589.57,20.94,2722.28,20.61,-96.23,502823.39,6101988.26,1356.94,0.08,83.28,222.61,9.31,0.26,0.04,891,150.27,355.15,iron
4,444949752,1,0,1,52.4,0.29,225.48,0.5,298.62,8.21,185.51,-54.41,3.274,0.221,2.818,0.186,743.81,12.61,6738.12,15643.01,4.75,0.1,-18428.83,45.34,7916.5,70.09,30.59,458820.89,6107070.57,1460.36,0.07,49.54,235.48,6.16,0.27,0.04,1729,441.79,594.92,iron
3,910087501,1,0,1,26.73,0.4,316.77,0.75,317.85,10.36,215.96,-49.81,1.668,0.114,1.427,0.095,696.09,9.51,4313.83,11162.06,2.55,0.06,13321.34,44.67,35996.47,27.21,-59.67,490478.28,6135212.21,1453.04,0.1,41.73,222.29,8.37,0.27,0.05,1138,463.87,509.69,iron
3,438544492,1,0,1,49.67,0.64,211.39,1.07,264.52,0.09,132.87,-44.16,1.018,0.078,0.857,0.064,701.84,25.88,6719.97,14051.36,1.43,0.05,8556.53,121.16,25110.87,72.51,-78.63,485744.75,6124320.55,1376.85,0.07,36.98,237.13,9.51,0.24,0.05,1358,72.48,96.11,iron
3,779249726,1,0,1,33.8,0.49,123.94,0.65,295.96,57.03,189.05,-5.63,1.016,0.072,0.858,0.059,661.03,15.36,5288.03,10358.81,1.51,0.04,-4329.85,33.15,30358.92,38.3,18.66,472853.27,6129532.9,1492.92,0.09,51.9,226.22,9.17,0.26,0.05,1546,190.23,455.41,iron
2,349050767,0,0,1,36.63,0.58,272.83,0.57,322.07,-22.02,270.66,-71.89,1.79,0.132,1.532,0.111,671.36,16.89,5425.03,16490.87,2.56,0.09,9558.89,52.74,-12318.62,59.53,-42.65,486840.73,6086916.55,1376.65,0.1,40.43,237.32,9.28,0.25,0.05,570,92.69,309.96,iron
3,677072483,1,0,1,31.13,0.43,280.07,0.53,320.52,-8.74,238.27,-65.2,1.291,0.093,1.098,0.077,700.23,13.15,4558.13,11377.17,1.94,0.06,-5860.15,31.89,30605.42,33.11,45.32,471323.36,6129775.64,1520.78,0.08,47.96,224.16,10.57,0.26,0.06,1549,59.59,529.23,iron
1,388650602,0,0,1,42.84,0.51,170.38,0.72,354.38,23.04,242.58,-19.39,1.818,0.138,1.556,0.116,743.3,19.34,5293.21,14890.45,2.59,0.09,-7953.76,65.94,-15142.3,57.89,-30.48,469344.99,6084050.75,1393.55,0.07,74.15,238.44,10.06,0.27,0.05,192,463.64,570.69,iron
4,738825559,1,0,0,41.87,0.7,217.23,0.65,329.91,4.01,236.91,-49.4,1.181,0.082,1.0,0.068,705.84,16.25,5574.63,13750.89,1.78,0.05,-27515.39,77.49,4131.63,50.5,41.51,449748.13,6103263.73,1501.79,0.08,42.6,222.56,8.67,0.27,0.05,626,159.24,237.82,iron
1,188112855,1,1,1,55.01,0.26,141.01,0.56,7.49,48.45,229.82,5.03,3.288,0.221,2.828,0.186,742.33,12.97,7157.94,15270.73,4.82,0.1,-6389.1,53.62,-19379.09,72.34,-44.66,470921.41,6079819.47,1387.12,0.08,47.47,233.0,6.35,0.23,0.05,304,153.52,272.16,iron
4,354227687,0,0,1,47.1,0.57,224.8,0.55,288.16,5.36,166.93,-54.51,0.771,0.056,0.645,0.045,824.13,23.01,4925.53,13429.09,1.07,0.04,-28873.79,53.18,4589.71,52.1,48.77,448389.24,6103717.97,1515.64,0.11,34.73,238.21,9.62,0.24,0.05,637,46.12,151.58,proton
4,739949218,0,0,1,50.83,0.58,160.34,0.9,299.04,54.07,190.55,-8.74,1.793,0.143,1.531,0.121,744.61,22.03,6249.26,16911.68,2.62,0.1,-27837.98,149.7,-3144.29,68.99,19.09,449445.74,6095990.51,1478.77,0.05,73.81,231.9,9.93,0.25,0.05,1082,261.13,337.08,iron
1,107949137,0,0,1,40.82,0.41,279.65,0.59,308.27,-12.48,212.74,-74.52,1.849,0.135,1.583,0.113,753.76,14.34,4842.68,13801.79,2.78,0.09,-7004.21,43.16,-17769.54,47.4,-40.95,470301.56,6081427.26,1387.82,0.07,71.61,225.64,9.8,0.27,0.06,200,113.21,174.17,iron
1,665227986,1,0,1,40.18,0.33,314.9,0.49,321.47,-60.19,357.03,-54.6,1.673,0.116,1.429,0.097,757.65,12.46,4748.63,10808.7,2.47,0.06,-14154.93,35.55,-16937.67,25.54,-36.48,463152.0,6082241.72,1399.96,0.07,66.86,229.35,9.14,0.26,0.05,438,18.7,541.37,iron
1,468118680,0,0,1,30.35,0.93,106.23,1.29,256.71,45.61,162.34,-6.03,0.697,0.054,0.583,0.044,812.95,26.42,3309.96,10531.04,1.03,0.04,-11898.72,44.43,-19878.29,45.41,-52.49,465415.17,6079308.07,1390.72,0.11,53.17,225.32,9.87,0.26,0.05,332,403.47,429.24,proton
4,775775864,0,0,1,51.55,0.64,95.76,0.76,5.31,69.1,212.08,16.19,7.063,0.58,6.11,0.499,744.29,23.79,6428.03,22663.8,10.97,0.39,-9109.37,61.44,9485.16,166.86,6.25,468128.99,6108660.7,1420.3,0.06,69.32,221.12,8.65,0.25,0.05,1210,9.63,249.93,iron
1,627679074,1,0,1,38.7,0.28,154.45,0.73,14.82,5.29,269.59,-13.5,2.316,0.165,1.991,0.139,753.71,12.07,4655.46,11529.56,3.47,0.08,-4876.37,24.28,-26448.11,44.09,-80.33,472448.75,6072759.96,1378.3,0.07,91.0,227.33,9.42,0.26,0.05,336,369.96,404.41,proton
4,116202928,1,1,1,45.98,0.22,14.57,0.56,346.96,35.78,228.5,-14.62,3.681,0.251,3.175,0.212,766.63,11.04,5389.14,9335.15,5.66,0.09,-29601.88,23.4,8033.36,29.71,53.96,447653.44,6107157.78,1528.13,0.12,42.38,222.86,7.26,0.23,0.05,623,47.62,279.96,iron
4,31500468,1,0,1,38.78,0.44,326.55,0.39,336.65,1.22,247.2,-46.92,2.174,0.152,1.867,0.128,728.05,13.3,4921.95,13762.24,3.25,0.09,-21892.67,36.8,21811.69,39.2,32.9,455323.44,6120946.51,1508.7,0.09,39.65,227.86,8.17,0.26,0.05,965,267.03,937.84,iron
1,580170057,1,0,1,26.86,0.36,125.29,0.67,306.74,50.26,195.36,-12.54,1.65,0.117,1.412,0.098,693.47,11.07,4279.34,9420.75,2.59,0.06,-9942.78,27.15,-23333.52,24.65,-62.32,467379.12,6075858.86,1387.21,0.08,61.04,216.4,9.61,0.25,0.05,328,417.98,419.79,iron
3,505537769,1,0,1,33.39,0.61,195.23,0.54,334.2,16.76,231.14,-36.65,1.69,0.117,1.446,0.098,823.29,6.42,3448.74,6938.68,2.59,0.04,-1201.91,53.45,32364.0,29.66,21.19,475972.38,6131543.78,1506.79,0.16,28.38,221.62,8.21,0.25,0.05,1478,773.15,789.92,proton
2,281884944,1,0,1,34.8,0.39,311.97,0.75,338.77,-16.35,272.36,-55.16,1.976,0.162,1.696,0.138,834.09,15.91,3499.84,11748.85,2.89,0.1,9116.41,23.92,-4133.87,42.64,-28.92,486378.27,6095094.87,1379.77,0.06,79.94,233.26,10.56,0.23,0.05,676,564.71,581.01,proton
2,207095705,0,0,1,17.54,0.39,287.8,1.34,333.03,-1.9,246.81,-51.69,0.939,0.067,0.794,0.055,734.4,12.7,3320.05,8646.76,1.37,0.03,13658.76,23.76,-907.34,24.16,-37.43,490909.2,6098331.61,1376.13,0.07,71.33,229.77,8.82,0.25,0.04,724,215.7,533.69,iron
3,639757391,0,0,1,40.07,0.5,162.02,0.81,4.35,16.67,253.97,-16.09,1.932,0.15,1.656,0.127,712.73,15.06,5241.89,15667.19,2.87,0.11,10068.29,75.86,19043.19,43.17,-60.04,487272.75,6118259.89,1374.16,0.06,79.47,228.61,10.11,0.25,0.05,1536,647.83,723.87,iron
2,118363140,0,0,1,40.31,0.55,68.29,1.58,78.34,-50.44,346.26,2.98,1.778,0.139,1.521,0.117,821.88,14.55,4157.73,16804.97,2.69,0.12,27628.27,70.48,8191.0,89.18,-110.16,504847.16,6107458.4,1353.89,0.15,32.04,224.11,9.36,0.24,0.05,743,194.78,213.99,proton
3,129744039,1,0,1,50.84,0.27,308.8,0.6,332.62,-47.84,332.68,-58.98,1.229,0.084,1.04,0.069,725.73,15.42,6527.73,12174.41,1.66,0.05,9983.81,43.91,35633.33,23.4,-44.72,487144.52,6134840.29,1462.47,0.22,22.07,247.97,8.79,0.35,0.05,1133,122.57,186.28,iron
3,733057221,0,0,1,50.1,0.94,18.05,1.16,52.71,-51.92,336.76,-9.98,0.644,0.052,0.536,0.042,678.62,32.83,6910.75,15339.39,1.0,0.05,10549.94,126.78,27375.09,123.92,-92.26,487732.42,6126588.82,1376.25,0.1,27.54,213.24,11.6,0.25,0.06,1392,21.91,448.84,iron
3,237498943,0,0,1,41.31,0.88,225.71,1.4,308.47,7.58,202.42,-54.88,6.925,0.546,6.0,0.47,719.36,19.57,5353.08,27002.34,10.41,0.41,-19226.77,108.64,28384.64,112.38,-21.87,457973.76,6127525.95,1465.19,0.12,34.6,228.47,9.16,0.29,0.05,1049,763.84,1077.46,iron
3,802723221,0,0,1,15.18,0.32,151.78,1.86,2.05,0.58,267.05,-26.88,0.866,0.064,0.73,0.052,765.42,12.95,2932.69,8317.74,1.28,0.03,8539.0,23.0,27887.76,23.29,-88.02,485720.58,6127095.73,1378.28,0.07,74.26,227.01,8.89,0.25,0.04,1387,19.67,225.56,proton
2,584962358,0,0,1,39.71,0.47,67.12,0.59,51.6,-28.02,316.05,2.14,0.871,0.059,0.732,0.048,797.07,13.38,4412.77,11900.67,1.28,0.04,17226.38,38.93,3971.33,50.11,-59.11,494462.93,6103216.96,1366.73,0.12,32.41,227.22,8.13,0.25,0.05,788,435.61,436.72,iron
3,577985348,0,0,1,34.48,0.44,212.48,1.01,349.47,-17.64,280.44,-46.19,0.861,0.061,0.724,0.05,687.93,12.97,5026.51,13331.75,1.3,0.05,-6046.11,63.31,30746.3,46.48,45.32,471138.27,6129916.09,1520.78,0.13,27.44,220.6,9.14,0.24,0.05,1549,278.79,431.9,iron
3,687279392,0,1,1,56.84,0.71,231.39,1.44,329.29,-7.44,249.49,-58.19,7.942,0.736,6.865,0.635,763.49,30.44,7295.02,40028.01,11.34,0.77,-11625.74,227.9,8189.29,239.17,13.15,465617.46,6107358.66,1429.04,0.22,19.42,240.07,9.8,0.27,0.05,1791,22.45,162.41,iron
4,687201907,1,1,1,55.96,0.3,233.57,0.46,328.07,-9.05,250.32,-60.16,9.502,0.686,8.226,0.59,759.01,14.92,7171.8,20873.36,13.34,0.26,-12162.68,47.09,8099.09,97.76,13.15,465081.82,6107268.18,1429.08,0.06,52.79,244.21,6.03,0.3,0.04,1791,319.68,530.86,iron
2,448264642,1,0,0,42.09,0.4,56.59,0.46,30.72,7.96,274.77,1.67,1.201,0.078,1.017,0.064,683.42,9.02,5882.84,13197.45,1.85,0.05,23617.78,30.56,3581.04,62.98,-85.3,500851.27,6102842.38,1359.95,0.19,21.16,218.26,6.28,0.24,0.04,776,128.95,570.99,iron
2,851974051,0,0,1,13.99,0.44,113.99,1.74,359.07,13.12,253.8,-22.3,0.676,0.047,0.567,0.038,682.88,13.51,3812.8,7681.81,0.98,0.02,24351.75,22.13,1623.35,36.6,-77.63,501589.67,6100886.71,1366.34,0.09,50.86,228.54,9.29,0.26,0.05,910,677.15,721.02,iron
1,283610743,1,0,1,26.8,0.47,341.64,0.69,359.85,-24.97,294.04,-39.26,1.381,0.095,1.177,0.079,703.39,11.21,4239.96,12102.95,2.02,0.05,-13064.3,35.97,-16997.37,37.37,-42.63,464244.27,6082183.36,1395.7,0.07,53.1,231.53,8.28,0.24,0.05,125,182.32,723.44,iron
3,155504022,1,0,1,30.0,0.37,180.91,0.65,342.62,18.67,237.28,-30.19,1.684,0.112,1.441,0.094,753.56,8.11,3931.42,8022.03,2.43,0.04,-1578.26,33.02,31013.93,26.57,-12.31,475603.44,6130194.38,1460.35,0.12,35.12,235.6,8.53,0.24,0.05,1507,382.91,709.52,iron
3,232743339,0,0,1,34.97,0.5,215.51,0.96,326.97,7.86,229.92,-47.97,0.798,0.056,0.67,0.045,670.47,13.99,5277.34,13673.5,1.19,0.04,-2739.87,55.43,26437.61,63.31,-39.91,474452.16,6125618.15,1415.62,0.13,26.95,223.31,9.4,0.23,0.05,1095,133.24,156.73,iron
4,895318561,1,1,1,27.91,1.5,303.97,1.11,333.4,-52.92,339.99,-55.72,3.998,0.339,3.459,0.29,831.93,8.77,2963.59,7534.23,5.78,0.13,-29636.92,62.35,8727.8,167.29,53.96,447616.01,6107851.83,1528.13,0.1,33.97,237.61,10.54,0.23,0.05,623,132.1,380.92,proton
3,998851491,0,0,1,46.59,0.64,218.1,1.36,342.32,-10.87,266.9,-49.6,0.731,0.057,0.611,0.046,804.99,22.32,5221.47,18109.46,1.09,0.06,-5669.03,100.92,24709.54,103.73,-36.48,471531.83,6123885.96,1410.76,0.18,24.98,223.46,10.44,0.25,0.05,1090,633.83,794.68,proton
4,991331941,1,1,1,38.35,0.31,22.27,0.42,9.55,10.96,261.8,-15.07,3.401,0.232,2.935,0.196,824.23,10.11,3986.08,11036.1,4.76,0.08,-29439.74,28.69,4358.4,26.17,48.77,447822.39,6103484.59,1515.66,0.07,57.06,245.18,7.61,0.23,0.05,637,431.74,446.56,proton
2,711733154,0,0,1,41.38,0.57,273.97,0.93,313.25,-17.25,238.96,-76.27,1.817,0.159,1.555,0.135,754.49,20.27,5030.48,14808.76,2.76,0.12,8496.72,63.34,4749.62,80.5,-27.89,485736.21,6103971.86,1379.42,0.05,79.94,223.29,11.9,0.27,0.06,1718,231.25,352.14,iron
1,318361132,0,0,1,45.17,0.85,221.51,1.11,295.47,9.95,180.81,-52.22,28.003,2.69,24.479,2.36,765.53,22.99,5395.91,33050.14,41.41,1.3,-17154.04,185.57,8064.54,67.83,30.59,460091.76,6107219.05,1460.32,0.07,102.41,234.48,9.52,0.26,0.05,1729,383.04,496.14,iron
3,318388249,0,0,1,45.23,0.39,222.8,1.43,295.56,9.04,180.66,-53.13,26.686,2.349,23.32,2.058,763.77,11.98,5421.29,37985.01,38.89,0.96,-17058.09,121.18,8063.64,118.33,30.59,460187.48,6107218.18,1460.33,0.11,31.06,238.23,7.0,0.22,0.04,1729,573.34,575.86,iron
4,937950676,1,1,1,44.34,0.28,41.74,0.43,36.93,-11.83,295.2,-1.87,3.847,0.257,3.32,0.217,654.6,10.37,6468.92,14036.91,5.74,0.1,-28546.2,49.38,567.7,26.78,42.72,448725.64,6099698.26,1505.12,0.07,69.01,229.65,7.39,0.25,0.05,1079,230.85,289.45,iron
1,477245457,0,0,1,49.34,0.51,144.99,0.71,20.68,19.87,259.68,-1.3,0.92,0.064,0.773,0.052,671.0,20.36,6953.62,15457.74,1.31,0.04,-16180.62,76.71,-16967.22,60.38,-44.72,461126.69,6082207.35,1400.49,0.1,28.71,233.5,8.16,0.26,0.04,396,89.36,669.58,iron
1,177039411,0,0,1,51.29,0.85,99.27,0.67,86.04,-39.05,343.94,15.39,1.382,0.1,1.173,0.083,765.05,30.46,6274.57,18123.15,1.96,0.07,-9940.36,115.75,-17410.43,109.35,-41.15,467366.05,6081780.22,1391.57,0.1,16.35,237.8,8.88,0.22,0.05,199,3.38,313.69,iron
3,354907761,0,0,1,52.37,0.35,92.33,1.12,128.65,-45.46,17.05,17.22,1.905,0.147,1.628,0.124,807.62,19.41,6046.07,15174.42,2.79,0.1,-1246.44,147.09,15302.55,82.69,-21.33,475972.44,6114496.01,1399.0,0.06,107.66,231.76,10.75,0.26,0.05,1373,15.05,476.57,proton
2,497446588,0,0,1,41.4,0.48,125.56,0.67,29.14,8.23,273.82,0.4,0.689,0.047,0.575,0.037,733.45,11.19,5239.5,13016.41,1.03,0.03,18878.22,40.2,4024.63,74.3,-63.63,496112.7,6103274.0,1366.48,0.17,23.79,220.95,7.48,0.28,0.04,793,312.28,368.2,proton
3,804193424,0,0,1,33.61,0.83,296.87,1.3,327.29,-47.84,336.85,-61.91,3.208,0.252,2.77,0.214,713.7,15.97,4643.76,20470.54,4.98,0.17,20479.04,72.33,27376.5,81.74,-125.01,497652.71,6126618.33,1360.96,0.09,43.74,220.39,9.53,0.28,0.05,1567,1043.75,1074.44,iron
3,641121194,0,0,1,45.64,0.34,286.66,0.68,304.57,-42.95,8.47,-74.12,0.762,0.053,0.638,0.043,711.22,16.47,6002.33,11326.02,1.1,0.03,12067.97,38.01,35951.43,45.14,-57.76,489226.01,6135166.15,1452.07,0.11,39.59,229.84,9.32,0.27,0.05,1134,295.69,522.02,iron
3,654630706,0,0,1,38.7,0.66,86.58,1.38,51.65,-25.3,313.77,3.63,0.951,0.074,0.801,0.061,635.07,31.03,6022.06,11520.81,1.4,0.04,-5775.74,81.38,25849.63,83.37,-31.89,471419.72,6125024.72,1425.56,0.05,82.47,226.6,9.84,0.26,0.05,1089,245.24,504.7,iron
3,879694202,0,0,1,44.58,0.54,327.04,0.75,352.72,-49.03,326.59,-46.14,0.77,0.059,0.644,0.048,683.13,23.85,6089.03,18010.63,1.07,0.05,16506.94,84.88,32820.22,64.06,-100.97,493674.14,6132043.14,1408.76,0.17,24.78,238.83,9.94,0.27,0.05,1555,239.19,996.81,iron
3,518783709,0,0,1,50.17,0.56,325.48,1.08,351.4,-51.61,330.5,-46.37,0.823,0.063,0.69,0.051,698.94,25.88,6607.31,12410.91,1.2,0.04,-4915.85,88.37,27594.95,98.28,-18.54,472275.2,6126768.82,1443.81,0.08,51.86,227.83,10.23,0.26,0.05,1486,33.8,176.86,iron
3,789898002,1,0,0,34.16,0.4,238.1,0.72,311.35,1.93,209.78,-59.83,2.21,0.169,1.899,0.143,769.11,12.17,4040.45,13373.0,3.32,0.09,17612.56,24.5,36992.51,46.33,-77.11,494768.36,6136222.01,1446.73,0.06,77.73,227.31,9.21,0.25,0.05,1145,1339.24,1347.19,proton
2,406291873,1,0,1,38.61,0.52,95.92,0.72,17.57,33.69,246.34,3.25,1.273,0.089,1.081,0.073,728.73,13.27,4898.14,14652.08,1.93,0.06,27265.48,51.5,5686.53,61.61,-106.21,504491.16,6104955.69,1354.99,0.15,31.99,221.8,8.67,0.28,0.05,748,157.53,157.53,iron
2,614769381,0,0,1,29.09,0.51,180.29,0.89,326.19,28.07,216.7,-30.46,0.924,0.064,0.779,0.052,726.98,10.68,4056.19,9898.75,1.35,0.03,13625.63,65.01,-5350.88,23.6,-43.8,490887.33,6093890.4,1373.11,0.14,32.11,229.22,8.38,0.26,0.05,728,531.32,594.27,iron
1,492660650,0,0,1,38.75,0.5,281.33,0.65,322.43,-24.45,278.54,-72.26,0.846,0.062,0.711,0.05,705.12,17.99,5164.38,11794.76,1.21,0.04,-7800.28,37.2,-26694.23,52.39,-81.34,469528.65,6072505.33,1380.29,0.08,46.79,232.34,10.14,0.25,0.05,331,111.23,204.13,iron
2,952315200,0,1,1,52.76,0.81,104.06,0.51,33.49,37.1,249.09,16.38,3.297,0.244,2.837,0.207,699.95,30.78,7113.95,23942.03,4.96,0.19,6476.41,114.77,3865.9,138.35,-18.98,483719.52,6103082.86,1384.98,0.14,26.5,226.81,7.75,0.26,0.05,1459,569.36,569.7,iron
3,303431073,0,0,1,50.39,0.4,208.41,0.77,346.09,-2.16,259.25,-41.76,0.664,0.045,0.553,0.036,848.2,16.94,5317.67,10747.67,0.97,0.03,5948.42,52.16,27255.87,42.76,-81.25,483131.18,6126456.79,1381.69,0.11,33.36,226.46,8.42,0.26,0.05,1112,70.83,518.58,proton
3,425314144,0,0,1,50.08,0.8,183.98,1.15,319.67,36.66,207.54,-24.3,0.928,0.076,0.78,0.063,725.33,23.68,6502.49,21210.28,1.38,0.08,-10540.38,172.37,30263.86,143.47,97.88,466646.01,6129421.74,1579.54,0.17,16.81,224.43,8.86,0.25,0.04,962,170.95,208.72,iron
3,572827594,1,0,1,24.35,0.4,3.79,0.99,17.24,-47.85,324.63,-29.97,1.136,0.077,0.964,0.063,650.96,10.29,4647.04,12009.45,1.66,0.04,13527.47,56.77,32786.61,28.73,-80.71,490693.49,6132003.98,1418.09,0.11,37.12,230.14,8.05,0.25,0.05,1135,46.04,308.6,iron
3,741274437,0,0,1,29.03,0.48,138.58,0.66,28.84,-23.27,302.2,-13.8,0.86,0.061,0.724,0.049,768.58,12.43,3641.5,9240.13,1.28,0.03,-2353.18,29.94,28246.66,30.04,-34.76,474835.07,6127426.12,1426.01,0.07,55.41,223.88,8.68,0.26,0.04,1304,651.92,652.31,iron
2,549688026,1,0,1,41.32,0.39,64.03,0.5,133.05,-59.52,17.98,2.95,1.021,0.068,0.862,0.055,806.73,10.4,4460.96,9105.24,1.6,0.05,20829.92,16.9,1440.62,47.85,-65.19,498069.96,6100695.38,1368.38,0.17,24.59,214.44,9.07,0.22,0.06,764,145.68,299.34,iron
3,856284741,0,0,1,42.88,0.88,294.86,0.99,322.91,-42.17,330.72,-67.82,0.829,0.062,0.695,0.05,789.85,15.53,4799.87,16094.86,1.3,0.06,15105.24,74.64,28680.4,78.34,-114.7,492281.56,6127902.6,1370.09,0.13,33.1,212.2,10.1,0.26,0.05,1488,380.07,453.19,proton
3,954223986,0,0,1,32.71,0.49,351.04,0.78,12.39,-52.33,329.54,-33.49,0.793,0.058,0.665,0.047,692.29,16.37,4755.62,11186.33,1.17,0.04,-2531.92,42.85,25278.26,35.13,-53.32,474662.54,6124460.14,1396.93,0.07,67.28,225.36,9.75,0.26,0.05,1275,490.44,529.03,iron
3,909375208,1,1,1,29.91,0.42,151.59,0.72,18.54,-10.96,286.34,-17.69,2.717,0.201,2.343,0.17,728.34,11.08,4111.71,13574.08,4.15,0.1,4995.3,41.47,20806.64,26.31,-54.96,482195.98,6120010.46,1382.36,0.06,72.9,223.82,8.27,0.27,0.04,1163,23.85,396.51,iron
4,959487747,1,0,1,38.95,0.25,111.74,0.68,45.36,-19.49,305.79,1.63,1.578,0.109,1.347,0.091,740.1,13.3,4840.82,10725.37,2.29,0.05,-32696.16,37.12,2468.97,23.01,76.05,444574.67,6101588.85,1560.21,0.07,92.91,233.74,9.08,0.25,0.05,940,17.81,541.86,iron
1,446271986,1,0,1,59.08,0.43,56.89,0.57,128.9,-46.01,17.18,16.66,5.867,0.416,5.059,0.354,730.95,24.6,8019.34,22624.53,8.27,0.2,-4816.3,76.72,-26903.74,99.86,-80.33,472511.11,6072304.0,1378.29,0.17,19.52,242.54,5.61,0.27,0.04,336,34.07,143.63,iron
3,258745721,1,0,1,34.14,0.18,33.01,0.85,58.16,-61.93,346.97,-12.94,2.06,0.146,1.769,0.123,745.6,10.15,4273.79,10392.66,3.09,0.06,-7400.53,22.25,30475.6,32.57,54.92,469784.34,6129641.46,1532.17,0.07,93.41,227.22,9.5,0.26,0.05,968,40.71,361.95,iron
2,734918643,0,0,1,53.42,0.9,222.93,0.86,337.27,-7.9,258.69,-52.24,1.966,0.15,1.681,0.127,747.41,37.81,6694.82,20481.81,2.83,0.11,7197.66,101.6,2095.79,164.74,-21.8,484444.8,6101316.45,1382.42,0.11,41.58,235.51,8.86,0.26,0.05,1716,233.95,297.86,iron
3,431710822,1,0,1,29.82,0.48,276.95,0.76,324.56,-46.15,336.61,-64.42,1.69,0.112,1.447,0.093,697.73,7.74,4470.61,10641.28,2.57,0.05,7556.88,37.35,27317.52,61.61,-84.28,484740.45,6126522.7,1380.17,0.12,32.74,223.38,7.26,0.26,0.05,1394,139.4,492.08,iron
1,791312062,1,1,1,37.24,0.56,132.47,0.54,44.91,-33.38,317.71,-5.55,2.862,0.209,2.467,0.177,667.03,14.9,5466.81,17840.36,4.32,0.14,-15009.96,62.38,-12236.83,52.56,-24.38,462286.81,6086936.37,1404.83,0.1,39.34,226.8,8.25,0.26,0.05,152,305.15,325.99,iron
3,51718818,1,1,1,25.52,0.42,166.74,0.76,23.45,-47.86,325.51,-25.88,2.936,0.204,2.535,0.172,713.04,8.91,3995.32,10678.09,4.32,0.07,-3956.34,36.24,28951.22,33.49,-2.71,473229.93,6128127.01,1464.93,0.09,42.56,232.95,7.86,0.22,0.05,1548,132.23,132.66,iron
2,405396616,0,0,1,34.48,0.3,251.39,1.0,328.02,-39.07,318.99,-65.95,2.116,0.163,1.818,0.138,714.81,14.28,4617.46,15611.09,3.08,0.1,19923.74,59.94,12508.63,28.0,-88.6,497136.4,6111753.58,1356.58,0.06,90.17,234.47,9.0,0.25,0.05,1470,74.97,737.53,iron
2,960878727,0,1,1,52.51,0.29,247.76,0.78,323.08,-25.89,283.49,-71.95,5.346,0.411,4.615,0.351,721.47,13.39,6853.12,19653.17,8.2,0.22,22345.32,129.17,20687.78,73.01,-111.48,499537.89,6119938.71,1358.17,0.05,105.0,223.34,8.99,0.26,0.05,1590,123.49,527.61,iron
2,43635773,0,0,1,51.1,0.91,96.5,0.73,102.64,-44.86,358.07,15.67,1.204,0.11,1.019,0.093,651.27,33.81,7380.52,21772.12,1.77,0.11,13173.97,155.31,6668.9,152.99,-45.16,490405.74,6105901.86,1372.12,0.11,18.9,228.83,11.07,0.26,0.05,1237,98.64,146.71,iron
4,112296776,1,0,1,41.96,0.21,170.56,0.66,15.33,-9.08,283.12,-19.74,2.596,0.178,2.234,0.15,779.47,10.6,4674.96,10845.8,3.65,0.06,-19092.5,22.0,17582.62,38.29,43.27,458134.2,6116727.05,1493.51,0.08,97.46,242.92,8.77,0.25,0.05,845,307.58,564.76,iron
1,859200522,0,0,1,31.63,0.51,82.58,1.25,66.85,-53.34,343.08,-3.98,0.79,0.059,0.663,0.048,664.38,17.94,4863.91,14289.11,1.15,0.04,-13344.73,49.66,-16509.62,65.83,-36.48,463961.79,6082671.13,1399.97,0.11,36.24,228.41,10.09,0.26,0.05,438,564.61,595.78,iron
3,33744125,0,0,1,41.24,0.73,146.38,1.24,42.02,-33.32,316.51,-7.65,0.827,0.07,0.694,0.057,633.59,34.51,6117.57,11670.47,1.22,0.05,3821.1,109.97,22357.78,50.06,-57.04,481018.6,6121557.8,1384.35,0.06,75.44,226.17,11.33,0.26,0.05,1302,219.07,336.69,iron
2,443510842,1,0,1,36.46,0.44,44.98,1.1,201.6,-35.49,66.41,-7.02,1.815,0.146,1.554,0.124,858.07,15.99,3337.14,13001.45,2.7,0.09,7995.65,27.41,-8118.17,50.09,-30.06,485267.31,6091110.1,1379.1,0.07,93.37,228.16,10.17,0.25,0.05,576,699.37,706.08,proton
2,95256412,0,0,1,36.47,0.57,351.63,1.29,13.13,-44.37,320.13,-32.3,0.702,0.058,0.587,0.047,735.26,24.06,4582.58,11596.05,1.02,0.04,12287.92,63.02,4327.73,64.17,-41.79,489527.42,6103559.48,1373.24,0.06,87.07,227.46,9.61,0.25,0.05,1009,524.36,684.92,iron
2,306446311,0,0,1,36.31,0.36,134.55,0.57,26.0,-1.8,281.3,-6.99,0.969,0.066,0.818,0.054,732.34,12.16,4612.99,9432.85,1.46,0.03,14579.0,32.16,-7933.89,26.39,-51.26,491846.13,6091311.97,1371.45,0.11,42.76,222.48,8.99,0.25,0.05,730,580.54,682.49,iron
2,567096002,1,0,1,57.26,0.22,76.22,0.91,110.71,-41.17,3.05,20.77,1.759,0.119,1.498,0.099,713.51,18.26,7688.52,13763.94,2.52,0.06,15160.84,30.76,-2678.08,55.78,-44.86,492415.07,6096565.95,1374.05,0.17,23.94,235.77,7.97,0.29,0.05,720,285.15,297.56,iron
2,497139065,0,0,1,35.41,0.49,43.63,0.74,178.99,-59.78,37.82,-8.28,1.935,0.142,1.659,0.119,682.54,11.98,5075.79,14777.29,2.96,0.09,6684.42,33.47,-651.64,64.75,-21.73,483938.89,6098569.53,1382.34,0.06,72.74,222.83,9.12,0.24,0.05,683,80.94,494.97,iron
3,993537419,1,0,1,34.57,0.36,339.43,0.62,242.84,-43.54,67.36,-39.48,1.94,0.133,1.664,0.112,678.38,10.54,5044.95,10361.23,3.05,0.06,1234.96,29.4,26028.2,36.04,-67.07,478426.9,6125218.54,1388.42,0.1,50.91,216.43,8.72,0.26,0.05,1297,395.22,729.9,iron
4,124036337,1,0,1,38.77,0.42,295.6,0.99,319.78,-47.63,344.6,-65.64,1.948,0.144,1.67,0.121,813.99,12.64,4108.49,14209.26,2.93,0.09,-26779.88,51.6,4272.09,83.7,41.51,450483.54,6103403.81,1501.81,0.13,28.54,225.81,9.53,0.27,0.05,626,499.06,579.93,iron
1,178714591,1,1,1,48.31,0.28,17.75,0.83,191.78,-56.19,44.84,-11.55,9.592,0.725,8.319,0.626,746.28,10.06,6005.43,26762.22,13.51,0.39,2407.26,115.37,-22138.03,78.79,-60.09,479716.66,6077084.75,1377.37,0.17,21.32,244.26,6.88,0.26,0.04,289,415.86,443.56,iron
3,241367135,1,0,1,52.82,0.69,290.55,0.69,287.73,-37.91,58.89,-73.29,1.183,0.083,1.0,0.068,670.98,24.05,7518.75,18776.87,1.71,0.07,-2151.12,108.79,24880.65,97.32,-53.32,475044.97,6124062.21,1396.91,0.13,21.13,231.74,9.08,0.28,0.05,1275,37.31,362.96,iron
1,363766552,1,0,1,30.38,0.38,325.52,0.79,340.25,-62.17,348.25,-47.19,1.012,0.072,0.856,0.059,786.74,11.18,3467.51,7444.89,1.5,0.03,-12734.1,30.87,-23410.96,25.7,-63.63,464589.02,6075775.07,1391.38,0.09,46.34,226.85,9.93,0.27,0.05,419,580.29,581.47,proton
1,588839249,0,0,1,69.25,0.32,302.91,0.89,266.56,-37.7,74.46,-57.76,8.58,0.661,7.376,0.565,837.37,23.38,9379.85,24469.13,12.15,0.29,-15355.14,382.51,8480.59,364.73,16.82,461886.84,6107644.75,1438.99,0.03,76.97,241.17,7.41,0.22,0.05,1746,399.5,543.83,iron
3,875892901,0,0,1,35.64,0.53,283.57,0.64,315.39,-46.33,348.97,-68.42,0.769,0.056,0.644,0.045,652.24,15.59,5385.49,10655.56,1.17,0.03,11386.67,40.49,32492.85,43.11,-73.05,488555.24,6131703.11,1422.88,0.09,37.71,219.07,10.27,0.26,0.05,1129,422.21,493.86,iron
4,222213887,0,0,1,37.62,0.46,2.6,1.58,216.36,-63.95,41.96,-25.66,1.528,0.112,1.303,0.094,692.98,13.62,5116.72,19490.19,2.3,0.08,-15536.65,84.9,14140.56,73.06,26.3,461694.89,6113296.5,1461.95,0.11,33.17,224.63,8.21,0.26,0.04,867,640.43,646.32,iron
1,739964126,0,0,1,30.97,0.46,351.07,1.1,234.69,-54.16,54.0,-34.25,0.935,0.07,0.788,0.057,703.71,14.29,4380.53,12495.8,1.42,0.05,-7790.09,67.09,-26349.38,35.1,-81.34,469539.2,6072850.44,1380.31,0.11,32.34,219.76,10.71,0.24,0.06,331,473.99,521.78,iron
3,133272354,0,0,1,44.21,0.46,153.58,0.7,8.47,23.42,250.61,-9.02,0.879,0.061,0.739,0.049,699.1,15.81,5809.81,11715.67,1.3,0.04,-2618.61,49.41,28668.06,49.42,-13.17,474566.24,6127848.13,1453.75,0.11,34.85,224.85,9.01,0.27,0.05,1485,171.27,383.02,iron
4,679574346,1,0,0,32.05,0.5,2.64,0.66,18.6,-86.5,9.02,-27.95,1.194,0.092,1.013,0.077,791.22,13.75,3610.56,9861.26,1.78,0.05,-33503.82,35.43,5292.43,29.92,71.33,443762.75,6104408.69,1565.18,0.07,60.82,225.44,10.05,0.26,0.05,620,591.27,696.07,proton
4,434463641,1,0,0,41.48,0.59,200.51,0.92,0.71,-24.64,293.9,-38.42,1.073,0.082,0.906,0.068,672.7,21.24,5777.47,11347.78,1.63,0.05,-24530.51,69.63,6484.63,61.02,42.93,452723.65,6105622.1,1495.0,0.06,62.68,221.04,10.85,0.26,0.05,629,736.2,813.37,iron
3,668077323,1,0,0,54.5,0.39,282.21,0.74,291.71,-27.21,99.85,-80.02,2.54,0.18,2.179,0.151,715.58,17.67,7163.81,17195.36,3.74,0.12,17192.52,44.64,37267.22,111.24,-77.11,494342.49,6136502.39,1446.82,0.08,32.38,231.08,7.58,0.24,0.04,1145,1077.6,1091.7,iron
3,755889648,1,0,1,35.11,0.32,206.0,0.53,354.52,-58.99,339.66,-42.51,1.68,0.114,1.437,0.095,688.11,12.36,4950.01,9117.62,2.48,0.04,6933.51,25.64,27609.54,26.5,-84.28,484116.18,6126813.5,1380.16,0.11,52.54,230.32,8.0,0.25,0.04,1394,225.59,226.25,iron
2,560930270,1,0,1,42.39,0.38,53.73,0.47,94.72,-58.67,358.63,1.05,1.63,0.109,1.392,0.09,746.05,12.31,5105.41,12393.5,2.28,0.06,19852.71,32.26,4391.73,49.91,-63.63,497084.95,6103641.02,1366.51,0.14,26.86,241.94,7.86,0.24,0.05,793,602.29,643.67,iron
2,68572453,1,0,1,43.06,0.35,296.28,0.52,291.47,-48.1,32.9,-67.2,1.511,0.103,1.288,0.086,840.42,12.03,4271.17,10592.84,2.24,0.05,11136.9,28.28,-6411.77,39.92,-36.38,488403.09,6092823.44,1377.11,0.08,59.92,227.72,7.88,0.25,0.05,578,181.14,569.8,proton
3,984518117,0,0,1,51.56,0.69,258.04,1.09,314.39,-28.19,291.45,-79.81,0.756,0.054,0.632,0.043,688.84,24.1,6966.06,13771.18,1.11,0.04,-3808.98,75.18,32520.58,101.59,35.33,473368.06,6131691.91,1521.5,0.12,20.39,224.68,8.45,0.27,0.04,1551,164.32,521.22,iron
1,935431044,0,0,1,30.34,0.55,294.27,0.8,270.58,-36.41,75.98,-61.13,0.987,0.074,0.833,0.061,782.99,13.53,3514.69,9983.52,1.52,0.05,-9548.58,34.87,-22625.13,35.64,-62.32,467771.51,6076567.08,1387.23,0.07,57.11,218.07,9.5,0.25,0.05,328,30.83,718.61,iron
4,752550805,1,0,0,39.89,0.49,228.06,0.7,330.93,-53.85,342.93,-56.29,1.089,0.08,0.92,0.066,764.59,15.52,4699.68,10756.2,1.62,0.05,-21850.85,34.14,10818.7,51.23,62.48,455391.66,6109960.09,1510.09,0.06,62.77,225.66,10.11,0.25,0.05,656,34.53,259.31,iron
3,144566060,1,0,1,50.99,0.49,45.42,0.54,68.27,-40.75,334.5,5.29,2.404,0.169,2.064,0.142,709.67,17.83,6699.26,18518.7,3.47,0.1,16311.77,62.0,26445.97,84.29,-111.72,493493.31,6125675.72,1365.54,0.1,39.3,235.81,7.27,0.24,0.04,1560,187.26,552.56,iron
2,295856021,1,0,1,39.39,0.41,123.62,0.4,75.05,-53.82,346.89,-0.9,2.507,0.17,2.157,0.143,761.33,11.47,4648.53,13366.98,3.61,0.08,10190.1,34.38,-7743.51,39.14,-33.68,487460.75,6091489.48,1377.53,0.1,39.92,236.57,7.03,0.3,0.04,508,444.43,771.41,iron
4,995417045,1,0,1,36.37,0.48,81.25,0.54,157.86,-56.93,31.07,0.92,1.574,0.11,1.344,0.092,643.32,13.63,5710.03,13511.86,2.41,0.08,-19544.68,31.26,13456.72,52.27,52.08,457690.19,6112602.02,1494.98,0.08,50.83,221.22,9.25,0.24,0.05,914,59.01,428.11,iron
1,381150732,1,0,1,49.89,0.21,18.14,0.36,217.26,-14.47,91.78,-10.31,7.873,0.532,6.818,0.457,805.48,9.88,5687.24,13406.82,11.71,0.16,-23258.37,36.49,-16192.53,27.92,-47.01,454052.48,6082962.05,1415.28,0.09,45.55,231.09,3.75,0.25,0.04,393,138.38,317.1,iron
1,670139532,1,0,1,39.54,0.59,210.53,0.73,337.82,-66.42,353.9,-45.23,2.263,0.179,1.945,0.152,800.32,17.04,4350.2,14731.87,3.45,0.12,-19258.51,70.45,-11996.94,31.57,-26.75,458039.59,6087165.18,1414.36,0.07,72.4,223.67,9.78,0.27,0.05,667,39.57,510.85,proton
3,629556204,1,0,1,28.61,0.35,194.94,0.87,1.49,-22.8,291.93,-37.21,1.145,0.08,0.971,0.066,667.5,11.55,4783.7,9063.6,1.74,0.04,2617.1,22.13,27365.06,42.26,-64.99,479802.54,6126558.26,1396.24,0.11,47.05,221.37,9.4,0.25,0.05,1270,58.04,411.66,iron
1,963996010,1,1,1,25.86,0.35,36.23,1.51,43.65,-59.95,341.68,-18.17,4.059,0.314,3.512,0.268,709.4,12.12,4108.34,17503.84,5.88,0.16,-3192.06,56.59,-21530.5,50.84,-56.23,474121.17,6077678.5,1381.8,0.1,40.8,236.93,8.31,0.24,0.04,282,75.59,291.67,iron
4,582139577,1,0,1,28.28,0.4,32.12,0.81,36.11,-47.12,327.43,-17.49,2.0,0.158,1.718,0.134,840.04,14.76,2861.13,10578.59,2.89,0.08,-21997.63,43.09,14240.24,25.8,66.68,455236.62,6113379.54,1519.7,0.09,37.15,236.43,9.14,0.22,0.04,918,570.23,740.98,proton
4,461690871,1,1,1,54.32,0.32,357.84,0.52,169.14,-81.61,19.34,-21.18,3.162,0.213,2.719,0.179,722.52,15.37,7263.68,16940.19,4.54,0.11,-28366.28,60.53,4201.7,48.57,48.77,448900.86,6103331.32,1515.67,0.13,23.71,237.31,5.69,0.3,0.04,637,261.89,363.23,iron
3,466267116,0,0,1,42.49,0.75,281.18,0.7,308.8,-41.38,355.67,-74.95,0.857,0.061,0.72,0.049,691.91,17.6,5835.01,14375.99,1.31,0.05,12481.14,71.93,29195.41,76.11,-102.79,489656.75,6128413.3,1375.6,0.14,30.46,218.67,8.82,0.26,0.05,1149,131.79,134.58,iron
3,31477134,1,0,1,45.36,0.47,308.36,0.71,268.49,-37.35,74.67,-59.33,1.202,0.083,1.018,0.068,769.19,11.75,5372.33,11637.59,1.71,0.05,2847.54,29.02,27205.36,78.19,-64.99,480035.7,6126397.59,1396.26,0.18,22.94,236.76,7.24,0.24,0.04,1270,240.37,454.59,iron
4,59452476,1,0,1,44.64,0.49,247.32,0.54,321.41,-40.01,327.63,-70.0,2.973,0.216,2.561,0.182,741.94,14.53,5555.73,15711.03,4.59,0.14,-16612.12,33.4,12171.56,71.97,35.11,460623.98,6111325.33,1469.05,0.07,58.34,220.82,8.45,0.3,0.05,916,34.47,248.53,iron
4,966320807,1,1,1,42.04,0.34,273.12,0.61,291.44,-35.72,58.76,-76.98,2.536,0.169,2.182,0.142,721.81,10.04,5429.26,11175.01,3.72,0.08,-24478.54,47.97,11255.07,33.64,73.5,452765.22,6110388.49,1532.29,0.12,32.2,232.39,7.07,0.29,0.05,658,485.14,701.73,iron
4,942241176,1,0,1,41.29,0.5,266.36,0.8,300.72,-40.77,19.93,-76.24,1.923,0.143,1.648,0.12,622.37,14.48,6391.41,16576.63,2.89,0.13,-34399.49,49.04,3583.63,106.06,86.4,442869.48,6102695.61,1583.4,0.29,24.92,226.15,9.52,0.27,0.05,648,667.73,827.55,iron
2,971780060,1,0,1,25.47,0.33,222.04,0.85,347.15,-20.15,282.84,-49.1,2.218,0.156,1.909,0.132,814.11,9.25,2951.88,8356.08,3.3,0.06,22401.75,21.12,4024.87,21.22,-76.87,499634.82,6103282.68,1362.96,0.06,77.81,229.34,8.41,0.26,0.04,777,268.22,369.13,proton
2,251518734,0,0,1,61.28,0.6,269.75,1.49,297.05,-23.35,136.98,-83.47,2.642,0.206,2.263,0.174,751.31,34.72,8231.11,20734.68,3.83,0.13,3534.51,122.47,495.93,316.82,-13.57,480787.75,6099708.36,1387.33,0.07,54.07,234.39,9.72,0.26,0.05,1017,59.64,165.58,iron
2,638838741,1,0,1,48.29,0.4,337.38,0.64,241.24,-41.19,70.28,-38.16,1.98,0.144,1.696,0.121,735.42,19.27,6095.73,13404.95,2.81,0.08,21247.22,81.79,9087.02,32.89,-79.37,498466.65,6108339.14,1361.14,0.07,65.39,239.06,9.96,0.26,0.05,1697,404.14,479.6,iron
2,383650511,0,0,1,52.65,0.68,168.56,1.25,43.07,-46.19,328.54,-12.75,1.54,0.125,1.31,0.106,742.6,26.67,6700.22,15636.22,2.33,0.09,26251.51,182.84,8441.03,82.53,-102.65,503473.17,6107705.12,1355.15,0.06,43.96,222.85,10.18,0.28,0.05,767,149.79,375.64,iron
4,229987441,1,1,1,36.74,0.81,240.02,0.43,294.72,-54.15,23.23,-62.31,17.2,1.495,15.003,1.306,784.16,17.14,4189.78,24181.73,24.59,0.69,-11276.33,56.12,2864.38,81.31,10.99,465979.78,6102037.44,1422.33,0.06,61.97,242.53,8.88,0.21,0.04,1750,0.58,412.93,proton
4,570734968,1,0,1,50.03,0.47,53.13,0.52,198.42,-11.04,86.29,7.56,1.894,0.129,1.619,0.108,858.82,16.49,5217.67,13831.84,2.73,0.08,-21173.36,48.33,11995.83,56.92,61.89,456067.06,6111139.8,1509.31,0.12,34.02,235.18,7.55,0.25,0.05,1755,89.1,268.07,proton
3,582657211,0,0,1,52.73,0.44,211.23,0.76,347.48,-7.06,265.84,-43.27,1.059,0.077,0.892,0.063,763.44,21.76,6336.27,14302.27,1.44,0.05,9668.97,83.43,24802.77,58.48,-83.82,486855.14,6124014.15,1373.93,0.1,37.45,245.45,8.7,0.23,0.05,1537,368.46,368.46,iron
3,876470631,0,0,1,36.01,0.26,151.89,1.24,30.65,-26.72,306.14,-13.69,1.034,0.087,0.874,0.073,766.79,20.64,4185.07,11653.3,1.53,0.07,16015.69,31.6,30018.13,53.34,-109.84,493186.08,6129244.22,1382.85,0.07,96.68,226.46,10.92,0.25,0.05,1489,314.67,325.06,iron
3,239632599,0,0,1,41.39,0.33,12.89,0.62,174.62,-76.04,24.34,-18.02,0.852,0.06,0.716,0.048,740.61,16.11,5008.86,9723.66,1.18,0.03,7895.29,30.72,28976.12,35.09,-82.65,485074.58,6128181.88,1388.47,0.15,36.26,241.03,10.23,0.28,0.06,1347,45.69,46.43,iron
2,363978819,0,1,1,51.31,0.44,322.35,0.68,255.67,-45.03,64.49,-48.55,5.279,0.431,4.558,0.369,774.76,19.09,6061.92,19960.83,7.55,0.24,19506.8,123.99,18148.23,60.51,-99.42,496708.5,6117387.89,1358.85,0.05,85.24,239.73,9.26,0.24,0.05,1602,336.97,600.17,iron
3,364024246,0,1,1,52.52,0.46,322.16,1.0,255.26,-43.85,66.32,-48.43,5.48,0.422,4.731,0.361,776.19,16.19,6241.09,29606.68,7.76,0.32,19357.24,134.39,18270.39,136.66,-99.42,496558.94,6117509.4,1358.85,0.22,21.37,241.78,7.94,0.26,0.04,1602,614.58,614.66,iron
3,559281417,0,0,1,37.2,0.63,220.96,0.85,347.33,-38.57,311.61,-51.4,1.709,0.132,1.462,0.111,688.6,17.36,5163.47,15099.01,2.62,0.1,18057.66,46.01,28819.01,78.33,-127.8,495229.89,6128049.52,1364.91,0.07,70.48,221.36,9.89,0.27,0.05,1595,249.31,351.24,iron
3,295769255,1,0,1,41.84,0.33,100.34,0.54,189.37,-26.97,68.14,6.33,2.456,0.178,2.112,0.151,747.96,14.44,5133.75,9849.92,3.61,0.07,-4354.1,30.79,28322.31,33.27,-2.71,472833.72,6127500.21,1464.98,0.08,69.92,232.21,10.45,0.26,0.06,1548,292.81,643.13,iron
2,642941465,1,0,1,25.74,0.38,239.07,0.87,342.53,-33.07,302.56,-55.44,2.352,0.173,2.026,0.146,767.37,11.19,3446.76,11818.19,3.46,0.08,17917.33,32.21,7005.78,24.83,-62.31,495145.6,6106250.59,1365.81,0.06,75.78,232.71,8.46,0.24,0.04,996,277.21,277.26,proton
2,987483529,1,1,1,29.76,0.31,150.62,0.89,26.24,-27.41,305.21,-17.58,2.72,0.181,2.346,0.153,715.31,6.96,4306.87,12076.14,4.37,0.08,13679.73,42.83,1451.15,37.08,-40.65,490924.87,6100688.06,1373.1,0.12,31.7,212.72,6.64,0.31,0.05,714,136.16,527.07,iron
2,987944762,0,0,1,36.58,0.61,195.96,1.44,323.91,-79.67,8.27,-36.7,1.51,0.112,1.288,0.094,710.07,14.26,4959.71,17851.86,2.31,0.09,6708.52,81.94,-3949.37,70.37,-23.25,483970.86,6095273.59,1381.7,0.12,33.54,221.11,8.27,0.28,0.04,642,480.79,544.23,proton
4,673742064,1,0,1,32.25,0.25,148.6,0.93,199.19,-56.05,47.04,-15.09,1.812,0.136,1.552,0.115,704.83,15.88,4601.09,10385.51,2.7,0.07,-24721.19,32.51,5688.21,28.54,42.93,452535.59,6104826.73,1494.93,0.07,89.68,228.35,11.4,0.26,0.06,629,306.89,360.03,iron
4,920739097,0,1,1,49.32,0.75,73.72,0.57,78.42,-37.93,338.33,12.73,3.834,0.305,3.306,0.259,705.47,25.04,6518.89,22844.95,5.55,0.2,-11730.72,49.48,14104.34,142.4,8.23,465497.22,6113268.07,1433.04,0.08,47.02,236.16,9.2,0.25,0.05,1220,425.43,485.88,iron
4,492302351,1,0,1,33.58,0.29,83.11,0.72,57.65,-42.28,330.6,-1.8,1.312,0.097,1.116,0.081,680.38,17.44,4962.05,8905.97,1.94,0.04,-27286.85,26.81,6043.0,22.23,42.39,449971.25,6105172.34,1500.53,0.08,85.75,228.21,10.01,0.26,0.05,641,399.57,717.72,iron
3,971440747,1,0,1,40.34,0.41,246.29,0.52,328.61,-29.14,294.0,-67.31,2.039,0.141,1.749,0.119,808.03,13.63,4311.43,12607.82,2.86,0.08,-5440.54,51.8,29911.65,38.5,7.47,471745.8,6129086.01,1476.31,0.13,27.32,242.71,8.83,0.22,0.05,1552,619.57,684.01,proton
4,900991947,1,0,1,39.15,0.33,31.11,0.53,170.73,-66.53,30.32,-10.38,1.551,0.106,1.323,0.088,747.35,11.2,4798.75,9290.28,2.3,0.04,-28004.59,27.84,7422.62,26.43,51.32,449248.59,6106549.97,1513.91,0.08,53.12,227.95,8.95,0.25,0.05,628,279.17,722.82,iron
1,240711065,0,0,1,30.61,0.57,54.06,0.73,202.79,-38.77,63.93,-9.4,0.722,0.051,0.605,0.041,789.81,10.24,3530.94,7801.52,1.07,0.03,-15529.06,28.54,-21601.95,54.43,-60.76,461791.5,6077575.6,1394.68,0.13,31.25,224.71,9.0,0.26,0.05,425,84.27,84.95,iron
4,626228759,1,1,1,53.78,0.3,126.13,0.61,48.94,-6.51,296.17,11.07,6.216,0.45,5.37,0.385,756.86,12.94,6748.91,17115.8,8.91,0.19,-11472.9,70.62,6534.91,102.38,14.66,465772.58,6105708.17,1430.56,0.07,96.35,238.96,8.1,0.27,0.05,1752,50.12,706.35,iron
3,477023198,0,0,1,39.15,0.6,109.5,1.0,70.74,-46.65,339.98,2.46,1.07,0.101,0.904,0.085,935.93,22.37,2990.5,11021.73,1.57,0.08,14252.64,32.74,29854.52,48.3,-104.6,491424.79,6129078.08,1384.52,0.06,86.12,227.78,10.21,0.26,0.05,1563,506.56,604.67,proton
3,851857644,0,0,1,34.44,0.42,299.64,1.05,270.28,-28.38,92.69,-61.16,1.123,0.08,0.951,0.066,643.47,15.23,5457.36,15465.78,1.61,0.06,7161.98,48.1,23205.39,62.4,-64.97,484355.16,6122414.27,1378.96,0.14,31.91,234.88,8.92,0.26,0.05,1399,187.79,603.21,iron
3,988929390,1,0,1,32.85,0.69,185.63,0.63,15.23,-51.2,328.32,-31.66,1.477,0.105,1.26,0.088,660.42,11.27,5145.31,9186.85,2.24,0.05,-2191.81,70.69,32815.77,29.46,21.19,474983.63,6131993.3,1506.75,0.18,29.02,223.3,9.65,0.26,0.05,1478,21.31,347.43,iron
2,369946553,1,0,1,33.7,0.37,192.86,0.66,351.1,-76.6,0.61,-35.53,1.129,0.078,0.956,0.064,855.04,10.68,3183.84,7274.75,1.65,0.03,16643.71,32.77,-1024.41,25.62,-49.01,493893.59,6098221.99,1371.43,0.11,35.95,230.42,8.78,0.24,0.05,783,193.53,459.7,proton
3,644251081,1,1,1,28.62,0.43,89.07,0.86,193.19,-45.2,54.73,-6.42,5.319,0.442,4.608,0.38,808.61,14.04,3202.21,15112.28,7.76,0.24,-8286.23,33.15,24674.59,35.36,-37.6,468913.61,6123843.05,1416.98,0.05,75.93,235.79,8.78,0.25,0.04,1085,53.86,625.35,proton
1,960016509,1,0,1,45.07,0.5,18.79,0.49,224.05,-6.65,101.94,-12.9,1.328,0.092,1.128,0.076,748.1,16.36,5508.76,15598.27,1.92,0.06,-12625.42,54.21,-16884.37,59.5,-37.1,464680.04,6082297.26,1396.23,0.13,27.37,233.43,8.06,0.25,0.05,197,34.43,441.32,iron
2,412345159,1,1,1,36.43,0.31,308.26,0.59,268.33,-20.09,107.88,-57.63,2.969,0.212,2.56,0.18,703.52,11.19,4943.33,12763.93,4.36,0.1,23405.75,41.39,9176.77,23.1,-94.41,500625.68,6108432.89,1356.49,0.07,81.15,232.7,9.24,0.26,0.05,752,185.13,394.87,iron
2,494637087,0,0,1,33.19,0.77,121.61,1.32,190.03,-47.53,51.56,-5.88,0.659,0.054,0.551,0.044,793.01,35.04,3713.7,9912.08,0.97,0.04,14013.78,64.59,-1328.4,42.52,-43.44,491264.72,6097912.12,1373.42,0.15,46.51,225.05,9.19,0.26,0.04,715,600.47,748.87,proton
2,495798034,1,1,1,44.91,0.29,242.17,0.49,297.23,-49.97,22.18,-66.74,3.285,0.216,2.832,0.182,810.87,10.28,4833.2,11288.08,4.76,0.08,12706.22,40.94,-3709.89,27.48,-40.68,489964.08,6095527.42,1373.77,0.12,33.55,236.35,5.64,0.24,0.04,717,190.24,375.97,proton
1,469924963,1,0,1,30.31,0.24,333.65,0.87,307.33,-74.0,11.2,-43.08,2.497,0.184,2.151,0.156,809.78,10.59,3352.8,9446.25,3.67,0.07,-25190.66,23.21,-19813.45,22.91,-60.93,452128.48,6079340.01,1414.32,0.07,88.55,232.44,9.85,0.25,0.05,398,1083.39,1097.0,proton
4,545604871,1,0,1,42.4,0.4,353.48,0.49,225.98,-77.99,26.29,-29.2,1.53,0.104,1.304,0.087,638.91,11.56,6382.8,12691.48,2.26,0.06,-25892.6,51.47,9954.56,44.64,68.6,451354.63,6109087.02,1528.28,0.18,23.05,228.44,8.61,0.28,0.06,661,226.17,343.39,iron
2,572267660,0,0,1,48.53,0.77,162.87,0.77,36.29,-32.55,313.64,-11.62,0.865,0.064,0.726,0.052,815.01,22.32,5367.7,16357.99,1.25,0.06,13999.42,86.26,4392.13,89.53,-48.11,491234.91,6103628.81,1370.17,0.19,26.95,229.54,8.69,0.27,0.05,1321,368.31,440.98,proton
3,99776821,1,0,1,28.27,0.34,147.3,0.86,76.7,-76.19,2.47,-17.21,1.015,0.075,0.858,0.061,712.02,16.81,4215.15,9722.92,1.5,0.04,6613.9,31.08,24881.51,25.23,-74.29,483803.34,6124087.01,1379.38,0.07,80.19,227.44,10.22,0.26,0.05,1355,577.41,591.45,iron
4,405531002,1,0,1,40.28,0.34,102.02,0.49,160.09,-51.92,34.8,4.5,1.798,0.124,1.539,0.104,715.02,11.82,5286.75,10513.23,2.85,0.06,-22212.85,26.96,15975.35,33.83,73.02,455017.6,6115113.17,1531.63,0.09,54.87,214.15,9.13,0.22,0.05,824,75.7,144.68,iron
1,109702112,1,0,1,45.03,0.43,91.27,0.73,180.71,-31.51,59.87,9.57,1.479,0.102,1.259,0.084,822.7,11.42,4789.64,10309.19,2.21,0.05,-13159.87,51.88,-22279.83,52.86,-63.63,464160.96,6076906.59,1391.37,0.17,23.88,225.91,7.03,0.28,0.05,419,348.56,461.46,proton
3,325727785,0,0,1,40.17,0.36,278.41,0.51,285.54,-32.86,77.81,-73.9,0.783,0.056,0.656,0.045,863.29,15.19,3772.54,9181.31,1.12,0.03,11049.58,34.88,32500.53,24.93,-73.05,488218.29,6131709.08,1422.91,0.11,35.73,233.07,9.36,0.24,0.05,1129,474.58,753.64,proton
1,631198820,1,1,1,34.31,0.37,12.75,0.58,110.5,-84.93,11.68,-22.18,2.725,0.182,2.349,0.153,735.43,8.78,4424.85,10336.73,3.87,0.07,-13518.36,31.75,-20423.81,40.21,-52.62,463797.39,6078758.04,1393.48,0.14,33.5,240.89,7.0,0.25,0.05,333,195.91,285.4,iron
4,631184775,1,0,1,35.5,0.38,142.95,0.82,57.93,-57.61,343.26,-10.58,1.412,0.106,1.203,0.089,740.86,17.82,4479.67,9891.89,2.04,0.06,-29463.7,42.45,4293.67,26.45,48.77,447801.84,6103419.51,1515.67,0.07,83.53,233.73,11.38,0.25,0.06,637,529.29,538.55,iron
3,352377580,0,0,1,44.64,0.41,343.54,0.63,237.92,-35.68,76.64,-34.84,0.963,0.065,0.811,0.053,716.34,15.64,5766.28,11917.06,1.36,0.04,4263.24,44.2,26085.87,45.31,-71.01,481452.93,6125283.94,1385.1,0.13,34.53,236.68,7.93,0.26,0.05,1292,644.62,713.91,iron
2,986395423,0,0,1,17.2,0.49,13.33,1.42,227.6,-50.62,57.82,-29.7,0.693,0.051,0.581,0.041,662.24,17.82,4105.64,8406.48,1.04,0.03,16222.02,27.41,1613.51,27.42,-49.87,493464.6,6100857.01,1370.73,0.08,67.87,220.78,9.65,0.25,0.05,735,14.81,118.88,iron
1,365388317,1,1,1,32.91,0.44,258.01,1.02,295.76,-49.64,24.72,-66.82,15.455,1.378,13.477,1.203,770.77,13.83,3922.87,21985.47,21.8,0.6,-413.43,50.24,-12470.52,56.92,-23.21,476874.87,6086739.58,1389.35,0.06,88.68,245.71,8.53,0.21,0.04,225,380.17,741.91,proton
2,736993216,1,1,1,49.98,0.6,177.39,0.47,55.52,-73.96,357.1,-20.11,4.137,0.309,3.568,0.262,746.33,21.59,6208.01,22382.49,6.08,0.21,7840.06,85.81,-14728.93,88.04,-45.2,485127.74,6084503.61,1377.76,0.15,25.63,232.9,7.28,0.27,0.05,490,296.02,456.32,iron
4,159368008,1,0,1,57.02,0.53,21.86,1.57,169.33,-57.79,35.6,-3.36,1.473,0.114,1.25,0.095,695.22,25.68,7949.17,15011.26,2.14,0.08,-30078.43,211.51,3201.66,76.28,55.01,447185.77,6102326.45,1524.51,0.07,40.58,232.15,10.73,0.26,0.05,1069,237.32,334.01,iron
3,732846205,1,0,1,36.03,0.22,94.35,0.89,185.03,-41.01,54.7,0.86,5.19,0.395,4.492,0.338,756.85,10.72,4360.02,16022.04,7.75,0.19,10129.51,47.06,18300.76,28.64,-60.04,487334.0,6117518.54,1374.16,0.07,94.13,229.66,8.47,0.27,0.05,1536,537.73,742.71,iron
2,225635919,0,1,1,51.6,0.83,182.12,1.18,55.67,-79.0,1.88,-22.46,3.09,0.252,2.659,0.214,742.24,27.7,6502.07,28472.02,4.57,0.23,822.74,167.03,1969.94,157.97,-5.67,478073.95,6101174.48,1394.67,0.19,24.57,231.13,9.22,0.24,0.05,505,126.72,311.83,iron
3,458875596,0,0,1,23.95,0.49,86.67,2.3,79.63,-68.92,358.3,-11.1,0.675,0.058,0.565,0.047,606.02,36.22,5175.33,8630.73,1.0,0.04,-204.36,55.92,26319.08,36.85,-64.28,476986.4,6125506.45,1390.93,0.07,82.32,225.05,10.24,0.26,0.05,1289,434.97,575.05,iron
1,327245884,0,0,1,38.93,1.12,36.57,2.56,188.78,-53.04,46.54,-8.36,0.832,0.072,0.699,0.059,670.01,23.52,5699.75,17009.11,1.25,0.07,-10248.4,165.7,-16846.51,152.91,-34.55,467055.48,6082340.48,1393.64,0.1,28.06,221.84,9.35,0.27,0.04,121,384.82,733.67,iron
3,203327213,1,1,1,43.13,0.19,161.35,0.64,117.7,-76.69,11.62,-13.87,4.239,0.305,3.661,0.259,735.63,11.2,5446.77,10725.25,6.58,0.09,14486.23,29.66,26864.88,35.75,-101.15,491669.3,6126087.58,1368.98,0.09,100.06,220.98,8.79,0.24,0.05,1158,659.39,659.47,iron
2,193079028,0,0,1,27.33,0.52,65.53,1.17,208.66,-30.03,74.05,-9.83,0.683,0.051,0.571,0.041,690.28,18.0,4401.12,11590.48,1.0,0.04,20335.05,37.33,5061.17,46.83,-68.75,497566.33,6104312.5,1364.77,0.11,40.05,226.53,9.99,0.26,0.05,750,341.52,663.35,iron
1,74545016,0,0,1,33.14,0.53,273.23,0.58,279.71,-35.54,74.06,-68.52,1.205,0.094,1.022,0.078,742.46,16.97,4288.04,12867.81,1.81,0.07,-5885.98,36.76,-27585.75,43.01,-79.94,471443.81,6071621.53,1380.07,0.08,53.36,224.31,10.88,0.29,0.06,470,606.41,829.54,iron
3,318180817,0,0,1,28.84,0.52,299.05,0.95,268.35,-42.68,64.75,-57.97,0.696,0.05,0.582,0.04,683.83,16.18,4609.02,9657.47,1.01,0.03,7935.67,40.0,28922.96,49.68,-82.65,485115.0,6128128.62,1388.47,0.21,32.76,229.57,10.26,0.25,0.05,1347,57.56,80.24,iron
2,994538714,1,0,1,44.31,0.54,191.24,0.73,249.8,-82.09,20.29,-31.68,1.711,0.131,1.461,0.11,847.79,20.79,4460.07,15281.53,2.42,0.11,11845.02,83.56,-11949.16,69.98,-45.85,489125.99,6087292.01,1374.83,0.22,26.63,239.49,10.58,0.23,0.06,544,598.84,680.13,iron
2,519670909,1,0,1,45.87,0.53,196.72,0.73,8.96,-40.28,314.77,-34.8,1.472,0.108,1.252,0.09,864.73,18.36,4513.54,16230.3,2.1,0.08,8827.24,93.18,-3083.03,52.64,-26.14,486086.32,6096144.79,1380.63,0.19,25.82,237.11,9.93,0.22,0.05,674,374.04,374.78,proton
3,482572459,1,0,1,52.03,0.33,319.81,0.72,259.46,-21.98,100.51,-50.32,1.124,0.08,0.949,0.066,720.88,19.64,6863.53,12918.9,1.56,0.04,-4780.3,56.46,28006.68,64.62,-18.54,472407.97,6127181.95,1443.82,0.09,45.18,240.77,9.2,0.27,0.05,1486,110.68,242.51,iron
2,595090926,0,0,1,17.19,0.58,214.64,1.54,248.49,-43.76,67.04,-43.57,0.869,0.064,0.732,0.052,749.94,13.29,3085.47,7039.53,1.26,0.03,15445.41,51.86,-6020.93,19.5,-52.55,492707.3,6093225.02,1370.76,0.11,44.94,229.77,10.33,0.25,0.05,895,219.95,663.45,iron
2,821323611,0,0,1,41.12,0.93,16.69,0.92,235.96,8.17,121.26,-16.25,0.67,0.054,0.559,0.044,715.49,26.2,5323.89,12739.99,0.99,0.05,22394.93,94.72,5745.09,58.35,-82.91,499624.84,6105002.0,1360.61,0.1,41.56,224.57,11.76,0.26,0.06,739,398.73,446.74,iron
1,354615016,1,0,1,45.66,0.3,55.5,0.59,193.71,-24.86,72.08,4.25,2.121,0.138,1.819,0.115,785.99,10.22,5160.35,10246.22,3.04,0.05,-11274.59,45.55,-27437.84,19.93,-81.62,466056.44,6071751.43,1384.46,0.17,28.21,237.78,5.65,0.25,0.04,337,461.35,479.46,iron
3,393630907,0,0,1,27.14,0.45,224.7,1.02,262.0,-52.04,52.31,-50.64,0.76,0.055,0.637,0.044,703.22,12.25,4161.61,10146.04,1.14,0.04,-2535.93,43.63,29111.69,42.08,-13.17,474649.37,6128291.02,1453.74,0.12,33.65,222.11,9.57,0.27,0.05,1485,22.93,55.13,iron
3,384769700,0,0,1,56.75,0.39,6.22,1.28,211.31,-34.89,70.5,-13.9,0.768,0.054,0.641,0.043,678.22,22.38,7943.75,14582.76,1.12,0.04,5387.59,101.08,28059.99,54.59,-81.25,482568.64,6127259.8,1381.69,0.14,22.36,227.09,7.84,0.26,0.04,1112,112.43,409.84,iron
4,740667812,1,1,1,44.75,0.44,192.24,0.38,15.02,-57.68,335.94,-32.12,5.668,0.398,4.903,0.339,781.84,13.49,5096.1,16100.65,8.17,0.16,-32067.7,53.23,463.57,38.07,71.41,445204.85,6099585.62,1554.93,0.09,44.03,237.62,6.4,0.29,0.04,1053,420.42,433.76,proton
1,447660524,0,0,1,31.35,0.54,160.82,0.63,61.94,-77.92,1.57,-20.83,0.883,0.065,0.743,0.053,765.48,15.39,3846.94,10028.47,1.28,0.04,-18357.63,34.8,-18198.9,34.21,-46.13,458957.98,6080968.89,1403.05,0.09,45.26,229.93,9.74,0.25,0.05,416,602.88,801.42,proton
2,431954576,1,0,1,32.83,0.41,215.51,0.62,258.07,-53.31,51.86,-47.95,1.526,0.103,1.302,0.086,768.02,9.57,3944.03,8446.09,2.18,0.04,15156.78,46.2,-5574.01,17.0,-48.44,492418.55,6093671.53,1371.26,0.14,31.05,236.98,9.48,0.25,0.06,760,424.06,630.44,iron
4,840783592,1,0,0,26.93,0.38,137.99,0.91,189.79,-64.93,36.69,-15.36,1.058,0.081,0.896,0.067,676.79,19.11,4509.63,8294.86,1.56,0.04,-23152.03,24.21,15716.42,27.24,79.83,454079.8,6114851.98,1540.85,0.07,76.02,227.52,11.44,0.26,0.06,1772,252.87,284.65,iron
2,644568551,0,0,1,40.41,0.45,232.63,0.52,281.95,-53.54,37.56,-59.38,0.873,0.058,0.734,0.047,657.9,12.7,5911.54,12108.92,1.22,0.03,15069.43,56.88,-8453.55,39.22,-51.26,492338.5,6090793.77,1371.42,0.2,22.5,238.78,8.3,0.27,0.05,730,18.91,417.85,iron
1,797488416,1,0,1,29.25,0.46,299.61,1.63,271.69,-14.69,119.66,-58.4,1.411,0.135,1.202,0.115,930.58,19.15,2095.66,9921.6,2.14,0.1,-19282.96,33.68,-17115.85,24.4,-48.15,458028.96,6082048.93,1405.36,0.06,92.18,222.99,10.63,0.28,0.05,369,25.81,532.2,proton
2,42606379,0,0,1,17.32,0.59,153.54,1.19,230.27,-26.76,84.71,-26.24,0.717,0.053,0.602,0.043,730.85,15.06,3342.23,9179.71,1.04,0.03,23613.26,27.81,3894.48,30.95,-85.3,500845.57,6103155.24,1359.92,0.08,55.58,230.3,8.85,0.25,0.04,776,50.22,382.18,iron
1,364978193,0,0,1,36.68,1.01,40.33,1.02,215.3,-14.45,90.96,-8.59,0.747,0.059,0.626,0.048,679.79,26.32,5267.29,13577.5,1.1,0.05,-21779.93,87.31,-16232.75,61.77,-45.98,455530.46,6082925.47,1411.1,0.1,46.4,225.03,9.97,0.26,0.05,363,236.66,375.82,iron
2,687095777,0,0,1,24.54,0.37,235.63,1.17,261.32,-38.5,73.94,-53.57,0.846,0.063,0.712,0.052,700.94,18.87,4046.57,8407.57,1.26,0.03,21673.89,27.33,4274.82,23.91,-76.87,498906.11,6103529.79,1362.97,0.08,79.83,223.51,10.7,0.26,0.05,777,452.62,453.49,iron
2,568340724,1,1,1,32.75,0.69,75.39,0.64,195.63,-36.52,63.08,-3.36,10.177,0.838,8.85,0.727,774.19,13.1,3893.8,18403.85,15.18,0.33,3040.94,28.65,-5168.44,69.49,-15.2,480308.72,6094046.0,1387.49,0.06,68.08,231.07,8.34,0.28,0.04,411,333.72,444.98,iron
1,118209384,0,0,1,46.68,0.47,6.83,1.13,237.73,5.55,119.87,-19.11,3.248,0.249,2.799,0.212,686.4,14.59,6528.33,26057.39,4.82,0.19,1175.01,120.56,-21520.45,98.58,-57.34,478485.74,6077699.43,1379.66,0.19,25.87,230.25,8.38,0.28,0.05,288,103.98,156.66,iron
3,637353993,1,0,1,44.18,1.03,321.28,0.81,272.95,0.28,141.49,-50.23,1.326,0.122,1.126,0.103,849.69,27.87,4490.5,11829.02,1.93,0.1,2997.04,116.03,25455.04,64.92,-63.87,480187.03,6124651.39,1386.54,0.08,29.35,231.36,9.08,0.23,0.04,1278,302.65,476.84,proton
3,79069321,0,0,1,49.18,0.57,320.35,0.7,260.39,-19.57,104.53,-50.4,0.748,0.055,0.625,0.044,716.74,20.11,6497.4,14669.97,1.07,0.04,3941.12,60.76,25770.37,80.88,-71.01,481133.06,6124966.2,1385.09,0.18,19.36,232.75,8.34,0.23,0.05,1292,423.88,620.53,iron
2,798102274,1,1,1,31.64,0.32,210.95,0.85,279.62,-69.71,24.12,-45.33,2.587,0.199,2.23,0.169,855.52,12.11,3032.4,11785.89,3.93,0.09,26894.22,31.82,6666.4,24.16,-104.18,504118.09,6105933.9,1355.19,0.07,84.09,225.11,8.43,0.27,0.04,740,277.7,300.98,proton
2,399900956,0,0,1,23.36,0.44,183.3,1.11,233.06,-58.26,49.08,-33.29,0.752,0.058,0.631,0.047,789.46,12.35,3075.68,7714.01,1.18,0.03,14956.73,43.31,-3386.14,19.76,-44.9,492213.04,6095857.29,1372.81,0.12,38.41,212.3,10.65,0.27,0.05,755,169.63,324.97,proton
3,842011656,0,0,1,43.62,0.68,350.48,1.31,271.21,23.81,158.89,-30.57,0.949,0.077,0.799,0.063,720.85,19.64,5673.33,17665.03,1.42,0.08,15713.32,109.54,29820.43,93.68,-109.84,492888.76,6129044.75,1382.88,0.17,26.07,222.95,9.67,0.25,0.05,1489,601.88,612.96,iron
3,446055306,1,0,1,34.69,0.43,233.58,0.67,266.18,-32.43,84.38,-57.82,1.199,0.081,1.017,0.067,681.89,10.59,5128.71,11406.94,1.87,0.05,-5098.45,56.06,33164.0,31.33,48.18,472078.88,6132334.72,1535.29,0.14,32.41,216.1,8.85,0.24,0.05,1506,256.84,376.97,iron
3,845250987,0,0,1,28.39,0.4,236.24,0.82,289.47,-59.93,24.88,-55.93,0.857,0.06,0.722,0.049,784.35,13.18,3432.79,8256.67,1.2,0.03,7813.56,27.38,28630.1,33.91,-82.65,484993.02,6127834.99,1388.48,0.1,46.71,239.4,8.79,0.24,0.05,1347,286.63,357.43,proton
3,913515575,0,0,1,46.31,0.91,277.47,0.93,293.41,-21.34,134.5,-79.57,0.698,0.056,0.583,0.045,655.99,25.65,6731.15,15654.35,1.03,0.05,-5190.48,104.1,27994.66,115.46,-18.54,471998.98,6127169.41,1443.83,0.1,29.6,224.01,10.77,0.26,0.05,1486,317.17,392.21,iron
1,406001797,1,1,1,38.86,0.61,355.36,0.66,272.09,25.58,160.77,-29.49,12.279,0.913,10.683,0.792,749.82,14.73,4765.66,22520.64,17.92,0.38,-2578.27,68.69,-14349.31,68.94,-31.44,474717.73,6084856.54,1387.24,0.1,43.29,236.7,7.97,0.24,0.05,224,489.57,815.57,proton
2,405994072,1,1,1,38.06,0.38,355.59,1.09,271.43,25.03,159.86,-29.64,12.256,1.024,10.665,0.891,755.68,12.44,4615.89,24017.47,18.07,0.45,-2477.62,42.11,-14472.3,79.23,-31.44,474818.39,6084733.9,1387.23,0.07,101.55,234.16,8.41,0.26,0.05,224,532.39,709.06,iron
6,619754006,0,1,0,32.86,0.78,29.4,1.17,231.62,2.44,113.85,-15.4,0.371,0.033,0.305,0.026,599.2,30.22,5996.35,10231.1,0.55,0.03,-25114.79,60.27,13172.17,52.29,84.89,452124.89,6112304.72,1548.59,0.13,34.93,220.91,10.5,0.25,0.05,643,285.64,311.1,iron
6,486303582,0,1,0,25.18,0.31,76.46,1.6,249.18,33.93,149.98,-10.49,0.394,0.028,0.325,0.021,694.29,12.14,4228.94,5529.54,0.57,0.02,-27472.9,32.62,15248.0,11.43,105.87,449762.95,6114373.84,1584.9,0.08,23.19,226.1,7.84,0.27,0.04,1574,203.08,330.76,iron
6,217795418,0,1,0,2.5,0.7,300.89,18.72,244.42,-22.83,93.77,-37.25,0.13,0.01,0.104,0.007,573.64,25.55,4945.67,4308.4,0.19,0.01,-29165.35,25.21,14670.43,18.88,98.75,448072.78,6113791.69,1581.22,0.12,29.81,219.57,7.81,0.26,0.04,608,169.39,327.66,iron
6,926661376,0,1,0,6.11,0.61,312.48,6.32,250.98,-12.84,108.53,-39.51,0.149,0.011,0.12,0.008,697.93,15.1,3433.21,3590.19,0.21,0.01,-28880.2,27.22,15088.24,7.49,98.75,448356.68,6114209.97,1581.22,0.13,28.83,221.98,9.75,0.25,0.05,608,285.75,285.88,iron
6,851359519,0,1,0,26.71,0.3,195.6,0.62,245.45,-21.61,95.6,-37.79,0.424,0.031,0.351,0.024,725.09,12.44,3968.72,6114.24,0.62,0.02,-25059.46,18.53,14955.44,16.12,88.98,452175.45,6114086.83,1555.54,0.06,60.71,223.35,8.9,0.26,0.05,1774,165.03,168.51,iron
6,504593292,0,1,0,29.27,0.46,93.56,0.8,332.28,53.01,210.1,-5.88,0.512,0.038,0.425,0.03,782.24,16.01,3519.77,6933.04,0.74,0.02,-25458.99,28.56,15998.16,21.97,90.94,451773.53,6115127.24,1560.71,0.09,53.0,227.3,10.32,0.25,0.05,80,41.06,360.24,proton
6,33044311,0,1,0,24.33,0.7,8.68,1.38,274.82,28.41,164.79,-28.26,0.281,0.022,0.23,0.017,751.28,19.14,3504.8,6722.44,0.41,0.02,-26489.38,51.19,13278.64,25.51,91.78,450751.0,6112407.52,1561.61,0.11,38.01,220.94,10.37,0.26,0.05,90,167.04,255.66,iron
6,971076111,0,1,0,39.98,0.21,241.29,0.6,295.25,-2.61,174.84,-64.4,0.995,0.065,0.84,0.052,735.48,9.42,5025.46,7949.63,1.46,0.03,-24273.62,21.87,13925.87,21.86,82.32,452963.5,6113060.29,1543.11,0.07,37.17,227.93,6.73,0.26,0.04,1814,200.64,287.5,iron
6,612875893,0,1,0,32.67,0.32,211.75,0.69,265.94,-0.74,133.24,-45.78,0.314,0.022,0.257,0.017,796.19,13.46,3702.38,4763.08,0.44,0.01,-26774.65,17.93,14005.1,12.03,97.65,450462.99,6113132.31,1570.43,0.06,52.0,229.45,8.97,0.25,0.05,1811,86.26,252.23,iron
6,794088478,0,1,0,28.16,0.31,156.53,0.73,255.29,24.79,147.05,-20.68,0.293,0.021,0.239,0.016,693.36,12.63,4343.85,5463.48,0.42,0.01,-26400.23,17.47,16853.29,15.22,96.79,450831.21,6115979.88,1572.71,0.06,47.52,227.35,9.0,0.26,0.05,1760,149.7,177.34,iron
6,182044658,0,1,0,31.52,0.23,244.45,1.02,315.65,-1.03,220.02,-61.19,0.23,0.016,0.187,0.012,788.78,12.0,3627.35,3688.09,0.33,0.01,-28456.11,15.01,14929.73,7.76,101.78,448781.42,6114053.51,1580.97,0.07,36.63,227.12,8.53,0.25,0.05,1625,64.68,355.32,iron
6,218811860,0,1,0,34.04,0.66,37.77,1.02,344.42,41.55,223.23,-11.33,0.236,0.02,0.191,0.015,695.06,26.62,4817.36,7687.03,0.34,0.02,-26622.81,42.33,13105.37,35.65,89.76,450616.49,6112233.07,1556.63,0.12,38.13,220.27,11.2,0.25,0.05,1839,101.12,461.12,iron
6,183471864,0,1,0,22.38,0.75,253.34,1.86,340.06,-22.61,283.53,-56.14,0.256,0.022,0.209,0.017,624.28,30.95,4837.08,6663.82,0.37,0.02,-26356.47,38.95,13483.25,48.96,89.76,450883.06,6112612.97,1556.64,0.06,44.09,221.44,10.67,0.26,0.05,1839,535.0,611.67,iron
6,149820685,0,1,0,18.93,0.24,233.93,1.53,349.93,-34.77,305.62,-49.35,0.256,0.018,0.209,0.013,654.67,9.24,4284.87,4610.5,0.4,0.01,-27914.98,18.46,14096.27,8.83,98.92,449323.95,6113221.16,1574.9,0.07,33.94,207.86,8.38,0.26,0.05,1812,82.83,173.12,iron
6,503663688,0,1,0,26.86,0.27,225.73,0.85,276.32,2.16,147.43,-51.07,0.573,0.044,0.477,0.035,646.68,16.43,4842.31,6542.53,0.86,0.02,-25982.01,21.88,12998.78,17.32,89.76,451258.03,6112128.78,1556.62,0.07,56.99,220.92,11.42,0.26,0.06,1839,207.03,264.18,iron
6,408222566,0,1,0,31.13,0.24,107.77,0.79,349.05,46.8,222.55,-5.16,0.435,0.03,0.36,0.023,779.82,9.97,3697.37,4642.41,0.64,0.01,-27322.66,17.22,14200.38,10.65,97.65,449915.79,6113325.65,1570.43,0.07,48.32,222.51,9.14,0.26,0.05,1811,1.53,325.56,proton
6,148377288,0,1,0,20.57,0.43,130.24,1.08,2.52,14.77,254.5,-18.63,0.188,0.014,0.152,0.011,694.73,15.15,3906.04,4533.82,0.28,0.01,-27408.24,20.28,13744.65,13.57,97.43,449831.29,6112870.65,1570.4,0.06,48.44,216.39,10.19,0.26,0.05,1826,225.01,241.52,iron
6,630055524,0,1,0,33.28,0.72,283.14,1.35,328.65,-23.98,280.89,-66.63,0.27,0.023,0.22,0.018,754.2,32.35,4142.88,7201.82,0.39,0.02,-25545.36,41.26,15947.32,42.46,93.57,451687.56,6115075.8,1566.28,0.08,50.55,222.56,11.66,0.26,0.06,1769,153.61,323.44,iron
6,493200276,0,1,0,36.79,0.21,141.05,0.39,3.09,30.26,242.16,-8.78,0.636,0.042,0.53,0.033,703.56,8.72,5031.62,5715.86,0.92,0.02,-25428.59,10.99,14779.32,12.75,88.98,451807.63,6113909.29,1555.55,0.06,50.08,228.13,7.63,0.27,0.05,1774,17.68,282.81,iron
6,45900054,0,1,0,23.36,0.61,23.07,1.39,7.81,-3.0,273.64,-23.65,0.309,0.024,0.253,0.018,707.01,22.46,3853.87,6790.52,0.45,0.01,-26460.06,45.65,13515.23,20.97,91.3,450779.48,6112644.07,1561.07,0.1,41.52,225.37,10.58,0.26,0.05,651,54.13,141.66,iron
6,610562318,0,1,0,39.24,0.7,40.54,1.13,34.7,-17.28,299.09,-6.27,0.202,0.014,0.163,0.011,663.87,15.63,5635.59,8057.58,0.29,0.01,-27578.4,55.07,14562.76,33.23,99.61,449658.76,6113687.79,1575.4,0.16,16.78,226.66,7.75,0.26,0.04,15,228.36,263.37,iron
6,565985800,0,1,0,30.18,0.29,203.64,0.57,341.41,4.11,248.78,-41.47,0.422,0.03,0.348,0.023,638.6,12.13,5109.57,5943.41,0.61,0.02,-25618.23,15.49,13733.03,14.81,90.71,451619.72,6112863.61,1557.46,0.06,50.27,225.67,9.76,0.26,0.05,1825,267.28,304.99,iron
6,864184101,0,1,0,23.42,0.31,151.92,0.5,342.5,29.33,229.66,-22.01,0.852,0.059,0.718,0.048,779.99,9.09,3176.23,4290.73,1.28,0.02,-27252.68,12.96,14536.03,7.06,99.61,449984.22,6113662.33,1575.4,0.06,51.74,223.41,8.27,0.24,0.05,32,257.2,273.87,iron
6,933739820,0,1,0,30.57,0.59,46.66,1.07,337.51,45.2,216.91,-11.11,0.32,0.027,0.262,0.021,633.77,20.1,5236.46,8127.65,0.47,0.02,-26165.15,45.72,14698.9,35.36,92.77,451070.63,6113827.23,1562.4,0.09,20.56,222.22,11.84,0.27,0.06,89,103.93,278.31,iron
6,343207178,0,1,0,33.49,0.61,68.64,1.07,341.21,52.81,214.89,-3.39,0.257,0.02,0.209,0.015,703.07,19.24,4673.84,7574.19,0.38,0.01,-26962.67,49.53,17169.88,30.46,101.41,450267.62,6116294.41,1580.47,0.12,34.63,218.97,8.97,0.26,0.04,1761,343.68,361.8,iron
6,573043876,0,1,0,37.42,0.62,310.64,1.21,339.87,-41.95,318.78,-56.5,0.221,0.018,0.179,0.014,677.05,26.44,5433.06,7659.96,0.32,0.01,-27165.32,45.21,16534.82,51.11,101.41,450066.83,6115660.01,1580.47,0.09,29.1,221.99,8.31,0.26,0.04,1761,122.14,277.7,iron
6,852365104,0,1,0,32.02,0.62,311.59,0.98,342.62,-42.86,319.51,-54.31,0.324,0.032,0.266,0.026,582.77,30.98,6075.52,9524.21,0.47,0.03,-26136.86,52.8,13487.1,32.01,90.71,451101.89,6112617.15,1557.46,0.15,33.0,222.93,9.73,0.26,0.05,1825,76.69,247.56,iron
6,59755642,0,1,0,24.33,0.39,168.64,0.67,15.01,-28.36,302.53,-27.23,0.323,0.023,0.265,0.018,791.31,12.76,3120.96,3883.01,0.47,0.01,-27786.17,14.18,16049.79,8.52,103.37,449448.45,6115173.45,1582.37,0.05,52.83,225.65,9.27,0.26,0.05,1570,57.15,392.08,iron
6,124977331,0,1,0,26.97,0.61,228.5,1.45,314.68,8.88,212.03,-52.23,0.3,0.025,0.246,0.02,798.65,24.98,3207.43,6681.1,0.44,0.02,-24836.0,26.48,15355.32,31.1,88.57,452397.75,6114487.06,1555.22,0.06,76.38,219.69,10.75,0.26,0.05,1763,74.45,116.0,iron
6,112229752,0,1,0,17.35,0.54,79.16,2.21,0.61,18.21,250.44,-18.03,0.173,0.013,0.139,0.01,679.55,19.18,3960.65,5321.09,0.25,0.01,-27222.7,31.4,13962.97,27.34,97.65,450015.96,6113089.33,1570.43,0.06,43.36,219.71,8.6,0.26,0.04,1811,218.78,287.91,iron
6,696808515,0,1,0,27.96,0.23,265.73,0.82,321.47,-6.57,236.8,-62.93,0.726,0.049,0.608,0.039,688.78,7.52,4437.72,6712.79,1.25,0.03,-25652.8,22.9,16555.56,14.95,93.04,451578.42,6115684.53,1565.92,0.06,45.77,192.67,7.66,0.27,0.05,1767,124.7,234.15,iron
6,333191279,0,1,0,29.71,0.3,160.23,0.37,346.26,27.59,233.59,-21.26,0.665,0.046,0.556,0.036,701.83,9.6,4421.7,4575.2,0.97,0.01,-26678.78,12.14,14588.75,8.71,97.63,450557.89,6113716.3,1570.32,0.06,59.12,227.9,9.23,0.25,0.05,23,207.89,214.11,iron
6,434433675,0,1,0,33.97,0.4,80.2,0.98,28.15,5.97,275.37,-1.51,0.329,0.024,0.269,0.018,706.85,11.33,4651.01,7127.27,0.49,0.02,-26945.27,37.34,16741.17,21.73,101.41,450286.34,6115866.77,1580.46,0.1,24.0,218.84,8.21,0.25,0.05,1761,14.08,37.31,iron
6,996869966,0,1,0,27.48,0.52,314.43,1.26,323.18,-63.59,358.63,-51.25,0.128,0.01,0.102,0.008,708.74,24.98,4092.22,5181.87,0.18,0.01,-28243.23,33.81,15383.99,16.3,105.87,448991.85,6114507.81,1584.91,0.1,27.93,220.75,9.06,0.26,0.04,1574,25.57,491.08,iron
6,634038780,0,1,0,23.45,0.49,163.72,0.53,16.87,-29.02,303.79,-25.88,0.28,0.02,0.229,0.016,667.13,14.47,4238.04,4026.55,0.41,0.01,-27659.45,15.47,14469.74,8.73,98.92,449578.41,6113594.82,1574.91,0.06,54.46,220.06,10.0,0.26,0.05,1812,333.23,336.37,iron
6,146362217,0,1,0,33.91,0.6,304.16,0.89,335.66,-44.1,324.38,-58.76,0.424,0.033,0.35,0.026,631.7,22.09,5650.12,9900.28,0.62,0.02,-24685.62,48.94,14916.98,42.96,85.41,452548.47,6114050.16,1549.08,0.11,36.9,224.37,9.96,0.26,0.05,819,100.38,312.02,iron
6,402189097,0,1,0,31.72,0.27,62.3,0.69,17.75,14.82,262.66,-6.24,0.945,0.062,0.797,0.05,745.23,7.88,4175.75,7652.9,1.5,0.02,-25401.54,28.87,13687.6,15.89,85.45,451836.22,6112818.08,1549.19,0.08,31.95,211.28,6.22,0.25,0.04,91,115.74,337.52,iron
6,653222942,0,1,0,20.14,0.28,120.53,1.18,339.58,36.88,222.86,-17.3,0.387,0.026,0.319,0.02,648.76,10.79,4476.18,4396.88,0.55,0.01,-27981.39,14.95,14679.08,7.12,101.78,449255.84,6113803.55,1580.96,0.07,39.39,230.48,8.49,0.26,0.05,1625,143.05,193.18,iron
6,425787878,0,1,0,19.59,0.38,247.5,3.85,322.18,-62.19,358.16,-52.69,0.137,0.011,0.11,0.008,686.58,22.49,3918.81,3699.56,0.2,0.01,-29099.31,26.88,14162.88,19.09,99.22,448139.99,6113284.37,1581.89,0.08,30.77,220.36,10.29,0.26,0.05,1829,46.27,134.54,iron
6,653052594,0,1,0,36.43,0.53,321.72,0.63,288.95,-66.37,21.49,-49.81,1.078,0.072,0.912,0.059,673.14,8.97,5220.92,11072.56,1.61,0.04,-24384.59,74.3,12550.84,33.14,84.19,452856.95,6111684.51,1545.09,0.14,26.37,224.65,7.83,0.26,0.05,1840,156.28,368.59,iron
6,109283224,0,1,0,23.8,0.39,219.31,1.21,332.5,4.56,239.4,-47.34,0.774,0.074,0.65,0.062,874.68,19.57,2244.35,7446.14,1.15,0.06,-24235.18,22.43,15450.56,21.25,84.11,452998.2,6114583.97,1547.9,0.06,78.03,224.07,10.78,0.26,0.05,1771,24.83,236.04,proton
6,505121392,0,1,0,40.85,0.31,134.02,0.65,57.24,-43.73,331.6,-2.89,0.326,0.026,0.267,0.02,806.76,16.9,4341.63,6667.11,0.48,0.02,-24099.31,22.67,13712.89,32.8,83.62,453137.67,6112847.78,1544.42,0.05,66.2,222.06,9.99,0.25,0.05,1823,227.81,341.68,proton
6,50372515,0,1,0,25.7,0.27,242.13,1.22,337.56,-47.24,328.8,-56.3,0.293,0.021,0.24,0.016,681.35,11.32,4380.44,5454.17,0.44,0.01,-27011.45,23.11,14098.93,15.78,97.65,450226.77,6113225.89,1570.42,0.08,36.96,215.6,9.15,0.27,0.05,1811,46.36,46.91,iron
6,288111335,0,1,0,35.3,0.26,107.11,0.67,163.83,-57.13,33.68,-1.03,0.273,0.019,0.222,0.014,719.92,12.61,4536.24,5508.68,0.38,0.01,-26545.58,17.46,13222.2,14.59,91.3,450694.33,6112351.49,1561.08,0.06,46.23,230.98,8.91,0.25,0.05,651,209.62,231.6,iron
6,243577124,0,1,0,33.54,0.41,277.1,0.88,326.92,-23.7,279.22,-68.1,0.278,0.021,0.227,0.016,732.89,21.53,4302.72,6579.28,0.4,0.01,-26145.33,30.39,15924.86,21.33,91.06,451087.78,6115052.72,1564.76,0.09,53.98,222.88,8.96,0.26,0.04,97,25.35,94.29,iron
6,218289943,0,1,0,28.34,0.35,233.0,1.27,339.95,-47.46,328.03,-54.73,0.27,0.02,0.22,0.015,591.03,18.22,5599.37,5264.31,0.39,0.01,-27710.71,16.16,14694.12,18.18,99.61,449526.9,6113819.53,1575.4,0.07,36.39,226.29,9.58,0.26,0.05,32,133.04,353.7,iron
6,984796691,0,1,0,24.58,0.38,39.76,1.18,204.71,-55.82,48.59,-17.8,0.766,0.053,0.643,0.043,664.86,9.83,4442.26,6726.04,1.13,0.03,-26777.47,37.3,13703.05,14.71,91.78,450461.19,6112830.55,1561.61,0.1,24.73,224.79,8.11,0.27,0.05,90,149.67,254.92,iron
6,988055920,0,1,0,25.39,0.27,257.92,3.72,318.56,-55.32,355.22,-59.61,0.112,0.01,0.089,0.008,608.05,37.85,5127.85,4504.5,0.16,0.01,-29458.38,25.89,14607.39,16.03,104.13,447780.02,6113727.36,1589.99,0.14,29.83,220.45,10.16,0.26,0.05,1832,147.04,236.09,iron
6,331842343,0,1,0,33.86,0.5,288.3,0.86,322.79,-45.83,337.98,-65.55,0.316,0.027,0.258,0.021,678.17,27.26,5001.25,8090.78,0.46,0.02,-25559.6,36.06,15053.37,29.18,88.98,451674.78,6114184.92,1555.56,0.12,44.2,222.54,10.9,0.26,0.05,1774,220.09,473.56,iron
6,209643513,0,1,0,22.91,0.35,145.97,0.75,27.05,-37.8,315.77,-20.58,0.458,0.034,0.379,0.027,793.9,12.0,2954.11,4549.9,0.67,0.01,-27043.28,16.76,14980.9,7.98,99.61,450192.46,6114107.45,1575.4,0.05,48.64,225.72,8.87,0.23,0.05,15,169.96,342.08,proton
6,578800265,0,1,0,31.07,1.13,40.54,1.89,199.84,-49.8,52.96,-12.6,0.364,0.032,0.299,0.025,611.54,35.6,5534.5,10716.04,0.53,0.03,-23921.42,69.26,15520.37,76.61,84.11,453311.29,6114654.27,1547.9,0.12,39.64,222.53,9.77,0.26,0.05,1771,73.49,91.65,iron
6,441935948,0,1,0,29.54,0.69,2.74,1.53,222.92,-69.03,36.57,-28.75,0.264,0.02,0.215,0.016,737.68,19.22,4012.62,8454.82,0.39,0.01,-25184.44,61.2,15716.53,32.94,90.54,452048.93,6114847.12,1560.27,0.13,33.0,219.5,9.61,0.26,0.05,669,374.79,390.77,iron
6,799256130,0,1,0,29.19,0.33,143.82,0.6,132.68,-78.18,14.92,-15.47,0.388,0.029,0.32,0.022,789.79,13.04,3423.02,4717.09,0.56,0.01,-26663.54,15.6,14499.04,11.01,97.63,450573.24,6113626.8,1570.33,0.06,53.19,226.98,9.35,0.25,0.05,23,287.05,291.09,proton
6,593499899,0,1,0,30.28,0.26,234.55,0.66,341.37,-34.4,304.95,-56.39,0.387,0.027,0.318,0.021,693.21,10.85,4490.0,7012.62,0.59,0.01,-25108.16,19.12,13624.06,19.46,85.45,452130.08,6112756.24,1549.18,0.06,50.49,214.77,9.0,0.26,0.05,91,112.69,115.42,iron
6,348196954,0,1,0,8.99,0.87,330.56,4.23,2.64,-35.82,308.38,-39.12,0.121,0.009,0.097,0.007,674.39,17.78,3642.93,3393.08,0.17,0.01,-29393.21,25.93,15352.78,6.53,106.7,447843.38,6114473.0,1592.61,0.11,22.94,226.55,10.5,0.24,0.05,1830,82.53,144.69,iron
6,384521969,0,1,0,27.27,0.41,212.42,0.79,354.79,-44.0,319.17,-45.41,0.213,0.015,0.172,0.011,734.85,14.53,3807.05,4579.21,0.31,0.01,-26878.59,19.51,15215.1,13.45,102.1,450356.33,6114341.42,1577.89,0.06,57.7,224.28,8.73,0.25,0.04,24,224.87,253.78,iron
6,849989300,0,1,0,13.35,0.37,251.82,2.2,351.82,-32.87,302.93,-47.65,0.177,0.013,0.143,0.01,653.53,15.78,4034.89,4726.54,0.25,0.01,-27627.39,22.7,16055.95,13.05,103.37,449606.43,6115180.39,1582.37,0.07,42.41,225.6,9.23,0.25,0.05,1570,19.93,267.26,iron
6,146311970,0,1,0,32.55,0.68,342.19,0.76,345.15,-74.05,359.25,-38.29,0.57,0.048,0.474,0.038,962.73,14.71,2085.85,4844.29,0.84,0.03,-27607.12,52.81,13655.95,19.78,97.43,449631.75,6112781.97,1570.4,0.12,28.98,222.57,9.46,0.27,0.04,1826,80.91,248.1,proton
6,160035895,0,1,0,27.81,0.77,354.56,1.27,232.91,-50.44,58.42,-33.04,0.343,0.029,0.281,0.023,658.09,26.11,4732.11,8442.13,0.5,0.02,-26118.11,59.58,12590.97,38.33,89.76,451123.81,6111721.09,1556.62,0.12,33.75,224.87,11.3,0.25,0.05,1839,188.46,272.32,iron
6,351415814,0,1,0,22.6,0.56,29.96,1.36,220.94,-37.16,71.18,-21.98,0.668,0.059,0.559,0.049,893.1,17.35,1974.98,6416.51,0.98,0.04,-25808.79,41.71,13454.36,20.49,90.71,451430.39,6112584.85,1557.45,0.09,43.64,227.4,8.81,0.25,0.04,1825,26.1,78.59,proton
6,726889791,0,1,0,16.05,0.31,272.34,3.62,276.96,2.57,148.63,-51.15,0.16,0.012,0.129,0.009,649.32,14.64,4301.67,4279.54,0.24,0.01,-28789.66,31.17,14486.51,10.52,98.75,448448.73,6113608.48,1581.22,0.11,24.12,217.36,9.75,0.27,0.05,608,285.54,312.37,iron
6,386122476,0,1,0,31.13,0.53,11.37,0.89,342.68,26.51,231.69,-24.13,0.502,0.036,0.416,0.028,660.71,16.66,5050.25,10013.15,0.72,0.02,-24684.08,59.19,16338.55,29.64,87.55,452545.93,6115469.77,1554.35,0.17,29.97,228.28,9.2,0.26,0.05,1766,308.37,390.42,iron
6,973440111,0,1,0,25.42,0.2,102.79,1.15,301.49,52.65,191.97,-10.21,0.617,0.042,0.515,0.033,720.35,9.2,3979.76,3993.07,0.96,0.01,-28397.61,14.22,14453.16,5.83,102.8,448840.71,6113576.05,1581.55,0.1,32.14,213.12,7.49,0.28,0.05,1827,321.82,323.44,iron
6,263133991,0,1,0,26.06,0.47,289.78,1.14,313.81,2.3,214.19,-58.76,0.299,0.022,0.244,0.016,637.25,14.21,4960.34,7480.5,0.45,0.01,-26218.71,36.57,14055.74,25.19,92.88,451019.15,6113184.6,1562.54,0.09,33.97,214.76,9.61,0.26,0.05,1813,84.11,89.8,iron
6,540079186,0,1,0,5.76,1.43,332.1,6.29,335.9,14.32,234.61,-37.64,0.144,0.012,0.116,0.009,677.46,24.5,3684.5,3343.24,0.21,0.01,-29416.32,31.17,14702.39,16.12,104.13,447822.04,6113822.89,1589.99,0.12,25.84,220.27,9.56,0.26,0.05,1832,73.65,215.08,iron
6,488101341,0,1,0,6.42,0.21,87.21,8.12,359.6,1.09,265.11,-28.7,0.147,0.012,0.118,0.009,657.99,15.49,3795.3,3293.79,0.22,0.01,-29387.81,21.8,15183.51,6.12,106.7,447849.24,6114303.85,1592.62,0.1,29.6,212.45,11.19,0.26,0.05,1830,257.21,283.65,iron
6,740529113,0,1,0,33.16,0.42,278.27,0.97,328.27,-31.11,299.12,-67.56,0.342,0.026,0.281,0.02,776.05,20.52,3841.75,6018.24,0.5,0.01,-26583.4,31.43,15451.37,19.01,90.96,450651.1,6114578.94,1564.52,0.09,51.45,221.41,10.86,0.25,0.05,98,153.28,153.5,proton
6,394358218,0,1,0,29.34,0.14,96.2,0.86,1.13,36.74,236.07,-5.92,0.506,0.034,0.42,0.026,728.05,7.97,4067.67,3519.85,0.77,0.01,-29247.17,7.92,14429.39,4.17,99.22,447991.68,6113550.18,1581.9,0.1,26.1,215.59,7.74,0.25,0.05,1829,234.6,239.01,iron
6,458984867,0,1,0,15.16,0.69,68.06,4.5,9.45,-0.27,271.91,-20.9,0.142,0.011,0.113,0.008,563.57,18.3,5248.91,4871.48,0.21,0.01,-29140.36,29.63,15319.18,18.63,106.7,448096.29,6114440.29,1592.61,0.13,21.94,218.12,9.4,0.26,0.04,1830,142.5,194.62,iron
6,155057144,0,1,0,23.05,0.33,281.85,3.6,338.38,-21.85,281.41,-57.42,0.13,0.01,0.104,0.007,545.43,17.72,5849.97,5387.19,0.19,0.01,-29057.67,27.77,15548.04,22.62,106.7,448178.33,6114668.63,1592.61,0.12,21.59,216.02,8.6,0.26,0.04,1830,54.45,247.5,iron
6,175697812,0,1,0,24.37,0.34,121.1,1.09,25.44,-15.69,293.73,-13.59,0.269,0.019,0.219,0.014,719.39,11.86,3797.88,3846.81,0.38,0.01,-28158.94,15.89,14498.16,7.98,101.78,449078.88,6113622.22,1580.97,0.07,41.46,230.7,8.88,0.25,0.05,1625,324.59,326.37,iron
6,650703381,0,1,0,35.8,0.25,220.5,0.46,279.27,4.46,153.37,-51.01,0.58,0.039,0.482,0.03,661.36,8.94,5305.55,6270.29,0.93,0.02,-24816.82,13.8,15733.87,16.6,88.57,452416.47,6114865.84,1555.23,0.05,51.24,205.34,8.44,0.24,0.05,1763,278.35,296.4,iron
6,787354881,0,1,0,29.62,0.34,177.72,0.65,287.06,32.03,177.5,-28.94,0.305,0.022,0.25,0.017,631.79,18.1,5204.4,5820.39,0.44,0.01,-25257.73,19.72,15844.32,22.68,90.54,451974.98,6114974.63,1560.27,0.05,60.42,222.7,9.92,0.26,0.05,669,235.17,292.19,iron
6,73107202,0,1,0,15.16,0.7,72.64,5.24,15.04,-10.36,284.22,-20.55,0.111,0.008,0.088,0.006,587.12,21.89,4939.78,4605.27,0.16,0.01,-29053.58,36.08,15217.18,27.28,106.7,448183.3,6114338.74,1592.62,0.11,23.41,219.31,7.68,0.26,0.04,1830,242.13,326.06,iron
6,781814971,0,1,0,22.78,0.64,240.93,1.91,340.57,-16.94,274.47,-53.81,0.329,0.031,0.27,0.025,683.74,25.31,4096.58,6496.71,0.48,0.03,-25349.23,39.97,16313.51,49.37,90.54,451882.69,6115443.85,1560.27,0.04,58.05,223.98,9.19,0.25,0.04,669,242.11,324.6,iron
6,62529809,0,1,0,7.29,1.0,13.89,4.68,13.15,-53.49,330.94,-33.07,0.097,0.009,0.077,0.007,598.65,26.63,4557.57,4222.03,0.14,0.01,-29165.85,32.28,14579.15,23.39,98.75,448072.43,6113700.39,1581.22,0.11,23.52,217.63,10.85,0.26,0.05,608,267.43,371.67,iron
6,536834551,0,1,0,20.27,0.54,358.91,1.02,326.95,24.95,218.96,-33.01,0.274,0.019,0.224,0.014,684.63,11.77,3996.06,6170.85,0.39,0.01,-27303.26,35.45,16709.0,18.06,101.41,449928.18,6115833.62,1580.47,0.1,28.22,227.62,8.06,0.25,0.04,1761,74.92,303.67,iron
6,773723500,0,1,0,20.91,0.38,207.42,1.23,337.54,6.97,242.41,-42.21,0.31,0.028,0.254,0.022,831.8,19.77,2472.31,5695.49,0.45,0.02,-25960.96,22.4,14740.12,16.36,93.48,451275.08,6113869.39,1563.05,0.05,68.06,224.06,10.31,0.26,0.05,734,62.63,109.16,proton
6,771152604,0,1,0,18.58,0.46,260.26,2.71,339.05,-12.79,267.1,-53.32,0.11,0.009,0.087,0.007,659.51,30.8,4226.07,3828.34,0.16,0.01,-28879.85,23.35,15572.24,21.85,105.17,448356.01,6114694.26,1587.5,0.08,34.72,219.7,9.71,0.26,0.05,1627,169.2,408.36,iron
6,512957960,0,1,0,33.69,0.37,242.55,1.65,288.2,-2.71,160.35,-61.8,0.236,0.022,0.192,0.017,651.78,35.77,5319.78,4771.19,0.34,0.02,-28664.75,15.32,14920.7,18.63,98.75,448572.27,6114042.64,1581.21,0.09,38.6,222.37,11.08,0.26,0.05,608,110.8,205.4,iron
6,523441343,0,1,0,27.87,0.34,172.47,0.44,14.31,-26.63,300.46,-27.29,0.382,0.027,0.315,0.021,727.68,9.9,3988.43,4958.21,0.58,0.01,-26281.49,14.67,14122.96,10.84,92.88,450956.25,6113251.75,1562.54,0.06,59.91,213.83,8.95,0.27,0.05,1813,35.61,46.55,iron
6,78213481,0,1,0,19.21,0.54,98.25,3.54,94.32,-77.55,6.69,-16.07,0.108,0.009,0.086,0.007,655.44,30.13,4147.27,3663.23,0.16,0.01,-29037.41,23.61,14371.19,21.47,99.22,448201.39,6113493.05,1581.9,0.09,32.87,219.32,10.26,0.26,0.05,1829,240.13,286.47,iron
6,701967873,0,1,0,16.0,0.6,298.31,2.14,326.39,7.34,229.61,-48.72,0.229,0.02,0.186,0.015,815.82,20.77,2325.62,4448.35,0.34,0.01,-27603.99,32.05,14889.93,13.89,99.61,449632.46,6114015.25,1575.4,0.07,51.78,218.56,9.84,0.26,0.05,32,70.51,267.43,iron
6,57937817,0,1,0,35.16,0.25,65.02,0.95,18.65,20.8,257.93,-2.49,0.854,0.057,0.718,0.046,713.54,9.59,4662.18,6819.78,1.23,0.03,-26747.15,32.82,14070.35,13.86,97.65,450491.33,6113198.77,1570.43,0.09,33.01,230.83,7.95,0.25,0.05,1811,28.62,255.57,iron
6,453929533,0,1,0,26.31,0.36,190.97,0.65,321.8,23.94,214.22,-35.78,0.321,0.023,0.263,0.018,661.87,13.31,4616.44,5555.86,0.47,0.01,-25781.69,16.64,14323.83,18.64,88.82,451455.95,6113453.93,1555.37,0.05,56.78,224.1,10.09,0.25,0.05,1816,160.12,337.71,iron
6,147229676,0,1,0,24.11,0.37,101.83,1.57,18.08,3.72,272.61,-11.42,0.159,0.012,0.128,0.009,770.17,13.94,3293.26,3955.44,0.24,0.01,-28120.49,24.29,14005.65,12.77,102.8,449118.55,6113130.51,1581.55,0.06,44.73,211.54,9.98,0.27,0.05,1827,18.24,281.84,proton
6,379030663,0,1,0,40.03,0.3,239.45,0.74,295.59,-1.39,176.32,-63.31,0.539,0.038,0.447,0.03,637.2,16.87,6078.06,6001.06,0.77,0.02,-26536.26,15.11,16037.29,20.31,99.0,450696.64,6115163.92,1574.81,0.07,42.27,231.33,9.56,0.26,0.05,688,62.93,95.26,iron
6,913786451,0,1,0,34.72,0.31,286.83,0.72,328.77,-34.22,306.94,-66.75,0.608,0.041,0.506,0.032,628.63,11.4,5658.98,9756.7,0.92,0.03,-24515.9,38.25,14261.71,22.78,85.64,452720.43,6113394.47,1549.29,0.09,28.05,219.0,7.96,0.27,0.05,1810,122.76,252.95,iron
6,97335775,0,1,0,25.36,0.53,36.94,0.99,52.16,-67.48,350.51,-18.0,0.561,0.039,0.467,0.031,676.88,11.51,4360.65,8613.28,0.84,0.02,-25169.04,54.14,16791.71,24.05,93.04,452061.7,6115921.95,1565.92,0.11,36.76,219.68,8.97,0.25,0.04,1767,29.02,293.06,iron
6,92282224,0,1,0,26.69,0.26,194.26,0.65,347.24,3.89,253.88,-37.19,0.605,0.044,0.504,0.035,709.05,13.5,4105.38,7543.87,0.84,0.02,-23516.65,20.03,14781.8,19.75,80.77,453717.44,6113917.11,1541.61,0.05,60.57,238.14,9.09,0.22,0.05,1775,3.63,84.2,iron
6,697093195,0,1,0,35.43,0.22,102.69,0.63,38.89,-12.24,296.45,-0.37,0.431,0.029,0.355,0.022,721.23,9.33,4685.16,5838.72,0.64,0.01,-26377.23,16.74,12958.82,14.7,89.76,450863.54,6112087.55,1556.61,0.06,44.38,221.13,8.18,0.25,0.05,1839,49.31,163.12,iron
6,962594288,0,1,0,30.57,0.78,68.18,1.26,53.92,-46.22,332.33,-6.24,0.314,0.026,0.257,0.021,671.58,25.39,4843.2,8212.07,0.47,0.02,-25803.37,49.04,16587.88,42.62,93.04,451427.67,6115715.86,1565.92,0.11,40.29,217.48,10.79,0.25,0.05,1767,57.16,331.06,iron
6,243185834,0,1,0,37.15,1.03,52.26,1.46,84.47,-61.47,355.54,-3.89,0.185,0.016,0.149,0.012,742.53,33.94,4654.45,6617.32,0.27,0.01,-27633.4,60.43,14858.14,50.86,99.61,449602.7,6113982.26,1575.4,0.12,33.77,220.0,8.52,0.26,0.04,32,37.67,282.22,iron
6,530097938,0,1,0,24.53,0.42,186.41,0.93,353.62,0.29,262.09,-34.16,0.298,0.022,0.244,0.017,684.96,19.2,4213.74,5238.08,0.43,0.01,-26777.9,19.01,12747.43,18.92,92.1,450463.04,6111875.79,1562.08,0.05,62.22,223.71,9.1,0.25,0.04,1844,6.96,212.45,iron
6,808174748,0,1,0,21.23,0.39,177.5,0.69,15.94,-64.82,344.34,-31.56,0.268,0.02,0.218,0.015,646.81,13.95,4464.34,5303.91,0.4,0.01,-26365.49,18.71,13905.3,13.75,92.88,450872.77,6113034.03,1562.55,0.05,53.66,218.41,10.58,0.26,0.05,1813,266.56,273.42,iron
6,829144956,0,1,0,20.23,0.27,119.31,1.03,19.67,-11.77,287.61,-17.03,0.478,0.033,0.397,0.026,672.48,12.52,4158.97,6752.82,0.71,0.02,-25480.42,22.32,16258.25,14.94,90.94,451751.76,6115387.14,1560.71,0.05,38.04,222.83,8.93,0.27,0.05,80,212.19,384.4,iron
6,602809401,0,1,0,36.24,0.15,134.19,0.33,29.69,-8.51,289.0,-6.73,2.257,0.142,1.94,0.119,757.67,6.54,4407.86,6224.37,3.13,0.03,-25050.22,9.7,15102.93,9.87,88.98,452184.48,6114233.97,1555.55,0.05,41.74,246.31,5.73,0.23,0.04,1774,274.77,300.46,iron
6,883214675,0,1,0,28.47,0.68,28.26,1.26,116.82,-81.57,11.91,-18.74,0.499,0.043,0.414,0.035,838.65,21.7,2803.04,7536.63,0.72,0.03,-25200.59,46.21,13146.66,27.32,85.45,452039.04,6112278.91,1549.19,0.09,45.08,227.0,11.41,0.25,0.06,91,335.09,340.18,proton
6,238698780,0,1,0,35.96,0.79,345.94,0.98,237.09,-47.5,62.17,-35.61,0.328,0.026,0.269,0.021,622.37,21.24,5860.44,11106.09,0.47,0.02,-24680.99,90.31,14723.81,46.56,88.98,452555.48,6113855.94,1555.56,0.14,25.18,228.16,9.98,0.26,0.05,1774,46.07,353.62,iron
6,512632551,0,1,0,23.48,0.57,179.97,1.9,12.87,-40.18,315.22,-31.84,0.183,0.016,0.148,0.012,806.43,39.83,2906.32,4752.36,0.27,0.01,-26811.87,24.23,14089.14,21.27,97.65,450425.87,6113216.63,1570.42,0.07,83.18,220.67,10.94,0.26,0.05,1811,23.91,174.42,iron
6,921666677,0,1,0,17.88,0.42,56.02,3.21,29.07,-40.05,318.57,-19.83,0.148,0.011,0.119,0.008,615.13,12.63,4651.0,4553.79,0.21,0.01,-28971.55,29.12,14358.71,10.0,99.22,448267.4,6113480.8,1581.9,0.11,19.52,226.74,8.77,0.25,0.05,1829,243.68,318.75,iron
6,384137653,0,1,0,28.35,0.61,338.68,0.87,1.7,-48.01,324.2,-40.36,0.32,0.026,0.262,0.02,570.55,22.32,5842.78,9291.64,0.46,0.02,-26295.07,54.01,12845.11,28.75,89.76,450945.67,6111974.72,1556.61,0.15,32.48,227.45,7.93,0.27,0.04,1839,23.12,55.65,iron
6,260391927,0,1,0,40.21,0.35,107.67,1.09,30.8,12.16,271.07,3.65,0.229,0.016,0.185,0.012,678.67,18.23,5635.44,5837.76,0.32,0.01,-26961.85,18.34,13657.08,32.16,97.65,450277.13,6112785.43,1570.44,0.06,27.17,226.25,7.7,0.25,0.04,1811,379.32,382.27,iron
6,50620938,0,1,0,35.34,0.82,352.25,1.32,11.51,-72.4,353.43,-32.21,0.279,0.023,0.227,0.018,661.72,21.72,5331.13,10490.69,0.41,0.02,-24705.44,86.14,15198.59,56.7,88.57,452529.05,6114330.62,1555.22,0.14,26.02,221.23,10.32,0.26,0.05,1763,239.34,239.43,iron
6,748676733,0,1,0,29.83,0.33,161.29,0.42,32.67,-53.43,332.99,-21.63,0.373,0.026,0.307,0.02,742.05,12.21,3880.28,4681.93,0.53,0.01,-26623.75,13.93,13544.11,11.24,91.78,450615.64,6112672.4,1561.6,0.06,62.11,230.83,9.38,0.25,0.05,90,42.21,43.42,iron
6,276779831,0,1,0,39.11,0.4,310.92,0.62,264.89,-33.12,83.1,-56.74,0.803,0.057,0.673,0.046,676.73,12.38,5412.56,10027.71,1.31,0.04,-24907.38,47.19,15159.3,24.61,88.57,452326.85,6114290.91,1555.23,0.15,30.84,203.17,10.16,0.26,0.06,1763,237.04,321.61,iron
6,509598284,0,1,0,25.45,0.54,59.72,1.03,95.54,-73.72,5.27,-12.48,0.46,0.038,0.381,0.03,852.67,16.76,2567.55,6056.26,0.68,0.02,-26354.19,29.87,13025.94,19.98,89.76,450886.07,6112154.89,1556.61,0.08,52.33,222.03,9.77,0.26,0.05,1839,117.82,212.95,proton
6,713717586,0,1,0,17.42,0.72,341.51,1.46,278.67,-77.02,19.66,-38.8,0.25,0.019,0.203,0.015,690.03,24.65,3804.52,6001.34,0.36,0.01,-27157.01,45.17,13687.4,18.7,97.43,450082.48,6112814.21,1570.4,0.12,43.21,226.74,9.66,0.26,0.05,1826,242.92,282.58,iron
6,688622972,0,1,0,25.6,0.41,181.14,0.69,331.2,-84.74,9.93,-31.73,0.252,0.019,0.205,0.014,640.19,17.5,4818.15,4401.75,0.37,0.01,-27701.52,15.75,13401.03,12.68,97.43,449539.47,6112526.72,1570.4,0.08,53.71,221.66,9.52,0.26,0.05,1826,205.63,314.4,iron
6,455536533,0,1,0,23.54,0.69,293.56,1.8,263.81,-31.41,86.13,-55.78,0.158,0.015,0.127,0.012,843.58,30.02,2473.14,3948.3,0.23,0.01,-28464.51,39.18,13918.06,17.81,102.8,448775.11,6113041.46,1581.54,0.1,44.03,221.38,12.81,0.26,0.06,1827,182.4,184.15,proton
6,53920850,0,1,0,16.88,0.41,178.54,1.0,232.47,-54.73,53.29,-32.97,0.279,0.02,0.228,0.015,676.16,12.56,3944.83,4826.39,0.41,0.01,-27233.57,18.15,16665.55,12.44,101.41,449998.65,6115790.36,1580.47,0.05,49.32,220.37,9.38,0.26,0.05,1761,8.85,253.12,iron
6,235338637,0,1,0,29.04,0.19,78.77,0.94,184.78,-53.21,44.96,-6.53,0.502,0.033,0.417,0.026,688.65,8.37,4521.57,6092.97,0.75,0.02,-26805.07,22.66,13472.51,13.43,91.78,450434.5,6112600.02,1561.6,0.08,33.01,219.09,7.2,0.26,0.04,90,67.65,181.64,iron
6,542052004,0,1,0,21.73,0.35,210.97,0.67,248.67,-45.0,65.32,-43.63,0.319,0.023,0.262,0.018,703.8,13.66,3877.14,5240.3,0.45,0.01,-26418.3,17.94,16372.71,12.49,96.79,450813.79,6115499.71,1572.72,0.06,52.17,230.05,9.29,0.26,0.05,1760,312.88,392.26,iron
6,537557375,0,1,0,23.59,0.45,257.15,2.15,266.46,-36.72,76.29,-57.81,0.197,0.016,0.159,0.012,604.07,22.04,5217.97,5274.61,0.28,0.01,-27733.07,25.12,15586.13,32.19,105.87,449501.96,6114710.47,1584.89,0.06,30.66,223.21,10.37,0.26,0.05,1574,119.85,120.66,iron
6,742604627,0,1,0,5.98,0.82,214.05,5.64,265.39,9.6,142.9,-38.3,0.147,0.011,0.118,0.008,613.81,20.19,4477.67,3991.55,0.21,0.01,-28769.52,23.71,15070.78,11.34,98.75,448467.4,6114192.75,1581.22,0.11,35.69,220.86,8.14,0.26,0.04,608,267.32,284.44,iron
6,850606593,0,1,0,29.98,0.5,100.1,2.35,279.5,54.93,179.59,-5.5,0.142,0.012,0.114,0.009,593.87,27.16,5789.6,5390.35,0.21,0.01,-28512.34,38.1,14568.58,56.48,102.8,448725.84,6113690.6,1581.56,0.09,22.84,219.1,9.36,0.26,0.04,1827,398.03,421.01,iron
6,761837897,0,1,0,32.27,0.44,88.21,0.99,248.43,44.44,157.27,-2.85,0.41,0.031,0.338,0.025,868.65,15.47,2955.25,5663.88,0.61,0.02,-26594.45,33.22,15626.22,17.35,98.79,450639.71,6114753.4,1573.54,0.11,50.44,218.06,9.87,0.27,0.05,12,36.36,39.76,proton
6,698668050,0,1,0,39.17,0.8,344.25,1.85,291.76,25.9,180.43,-35.89,0.565,0.051,0.469,0.042,930.54,22.4,3070.58,9574.64,0.85,0.04,-23692.57,90.33,14170.98,46.85,82.32,453544.15,6113306.04,1543.11,0.15,33.56,219.0,11.67,0.26,0.05,1814,62.01,242.88,proton
6,331502171,0,1,0,37.99,0.5,113.59,1.14,282.98,61.87,183.6,0.45,0.246,0.022,0.2,0.017,773.24,22.63,4427.62,4895.16,0.36,0.02,-26939.29,31.64,12595.82,42.21,92.1,450302.4,6111724.42,1562.08,0.05,51.21,218.02,9.7,0.26,0.04,1844,173.12,194.5,iron
6,453511206,0,1,0,15.28,0.68,72.61,3.35,31.17,-46.45,325.55,-20.45,0.145,0.013,0.116,0.01,593.22,28.61,4803.57,5377.04,0.21,0.01,-27779.58,38.84,13744.36,46.53,98.92,449460.07,6112869.82,1574.91,0.06,33.72,219.23,8.98,0.26,0.04,1812,379.0,387.32,iron
6,534360939,0,1,0,9.73,0.76,173.08,1.27,322.26,26.34,213.67,-33.39,0.193,0.014,0.156,0.011,616.72,14.52,4433.43,3943.26,0.28,0.01,-28557.19,20.99,14900.88,7.6,98.75,448679.81,6114023.5,1581.22,0.08,40.47,221.49,8.93,0.26,0.04,608,110.32,319.52,iron
6,652819648,0,1,0,37.86,0.45,257.49,1.65,306.85,-8.27,204.71,-70.77,0.192,0.016,0.155,0.012,692.61,24.92,5235.15,5478.53,0.28,0.01,-27793.97,30.09,15477.46,51.8,105.87,449441.38,6114601.82,1584.89,0.08,32.25,215.7,10.16,0.26,0.05,1574,21.98,60.03,iron
6,486151079,0,1,0,23.37,0.5,62.27,1.16,21.14,-7.61,284.36,-13.93,0.398,0.03,0.328,0.024,616.18,22.58,4933.8,8551.78,0.57,0.02,-24962.98,41.56,15938.6,25.43,90.54,452269.52,6115069.95,1560.26,0.1,45.25,226.58,10.02,0.26,0.05,669,170.3,211.88,iron
6,715740461,0,1,0,25.25,0.24,244.17,1.04,339.22,-43.45,321.65,-56.55,0.37,0.026,0.304,0.02,713.7,11.48,3914.13,5802.36,0.54,0.01,-26509.38,23.35,13847.0,13.4,91.3,450729.19,6112975.54,1561.08,0.06,41.79,222.82,9.39,0.26,0.05,651,329.68,329.76,iron
6,773994603,0,1,0,36.31,0.29,163.54,0.5,350.75,26.95,237.18,-19.03,0.412,0.028,0.34,0.022,697.58,10.77,5027.82,5795.59,0.61,0.01,-25397.73,13.82,16787.12,17.72,93.04,451832.6,6115916.52,1565.91,0.05,54.85,220.19,8.92,0.25,0.05,1767,22.09,87.52,iron
6,78938173,0,1,0,25.7,0.47,40.0,0.99,18.71,-9.42,284.97,-16.88,0.368,0.029,0.303,0.023,701.34,19.97,4132.44,7834.81,0.55,0.02,-25429.28,41.02,14973.45,20.12,88.98,451805.12,6114103.34,1555.55,0.09,40.06,217.43,11.57,0.25,0.06,1774,174.98,364.15,iron
6,192074350,0,1,0,31.36,0.45,301.37,0.78,286.28,-56.01,30.85,-58.74,0.613,0.042,0.511,0.034,691.72,12.89,4635.72,9697.96,0.89,0.02,-24220.46,48.7,13394.75,26.39,83.62,453017.96,6112528.8,1544.41,0.1,36.91,228.5,8.81,0.26,0.05,1823,61.49,153.36,iron
6,540648742,0,1,0,37.26,0.37,266.44,0.73,321.65,-21.85,269.69,-72.19,0.455,0.032,0.376,0.024,709.29,13.7,4919.22,8635.87,0.64,0.02,-23974.44,28.64,15605.18,34.12,84.11,453258.08,6114739.14,1547.9,0.06,44.16,231.49,8.33,0.24,0.05,1771,133.18,134.15,iron
6,7875106,0,1,0,9.03,0.81,221.26,5.31,357.04,-21.55,288.79,-40.75,0.128,0.012,0.102,0.01,636.35,29.47,4171.61,4492.92,0.18,0.01,-27853.12,35.62,14857.19,33.53,101.78,449383.62,6113981.46,1580.97,0.06,37.6,219.33,8.86,0.26,0.04,1625,29.23,255.94,iron
6,506070067,0,1,0,29.1,0.47,56.98,0.92,62.68,-59.51,346.31,-9.73,0.437,0.033,0.361,0.026,684.94,19.31,4513.94,7960.49,0.63,0.02,-25588.52,41.46,15570.0,20.84,93.51,451644.9,6114699.3,1563.11,0.11,40.47,228.51,10.5,0.26,0.05,1765,126.26,162.23,iron
6,805850686,0,1,0,29.0,0.33,107.8,0.88,26.88,-4.06,283.72,-7.23,0.32,0.023,0.262,0.017,629.26,12.91,5222.85,6205.07,0.46,0.01,-26194.78,18.73,12443.23,21.66,89.76,451046.87,6111573.82,1556.62,0.05,41.83,223.73,8.36,0.25,0.04,1839,325.73,355.8,iron
6,144560444,0,1,0,23.15,0.78,353.22,1.18,266.38,-80.59,19.65,-34.53,0.155,0.017,0.125,0.013,531.67,31.47,6122.24,7964.63,0.22,0.02,-27195.69,54.13,15400.32,30.64,102.1,450039.09,6114526.05,1577.88,0.11,17.38,222.07,9.35,0.25,0.04,24,27.57,196.65,iron
6,432473919,0,1,0,32.11,0.32,281.76,1.06,289.43,-48.86,34.96,-65.89,0.249,0.019,0.202,0.015,664.59,20.11,5023.55,6010.45,0.36,0.01,-27351.14,22.51,16644.47,22.36,101.41,449880.79,6115769.8,1580.47,0.08,40.53,221.61,10.75,0.26,0.05,1761,19.83,382.03,iron
6,446790607,0,1,0,19.15,0.4,163.2,1.02,19.2,-87.25,9.84,-27.75,0.275,0.019,0.225,0.015,675.59,11.16,4059.47,5305.14,0.41,0.01,-26650.7,20.74,16539.14,14.2,101.41,450580.57,6115665.68,1580.47,0.05,46.34,218.14,8.87,0.25,0.04,1761,285.66,369.77,iron
6,446254129,0,1,0,34.7,0.29,169.69,0.67,355.85,16.04,249.22,-22.93,0.257,0.02,0.209,0.016,793.77,15.64,3910.28,6107.02,0.38,0.01,-24688.15,18.82,13670.76,24.05,83.62,452550.73,6112803.67,1544.42,0.05,71.75,219.96,9.82,0.26,0.05,1823,112.77,310.13,iron
6,246205523,0,1,0,21.36,0.25,89.44,1.03,26.21,-17.7,295.93,-13.76,0.417,0.03,0.345,0.023,701.5,12.96,3907.48,6526.53,0.59,0.02,-25764.52,23.81,14425.25,14.05,88.82,451472.07,6113554.47,1555.37,0.06,36.03,230.9,9.28,0.23,0.05,1816,254.37,394.15,iron
6,404650340,0,1,0,25.92,0.62,169.97,1.17,21.35,-46.94,324.16,-27.08,0.206,0.018,0.167,0.014,615.39,35.37,5178.19,4747.51,0.3,0.01,-26967.6,26.29,14204.01,28.46,97.65,450270.34,6113331.03,1570.42,0.06,60.45,220.46,10.76,0.26,0.05,1811,60.18,61.57,iron
6,640002132,0,1,0,25.79,0.33,142.26,0.52,33.22,-41.73,321.39,-17.47,0.448,0.031,0.371,0.024,644.16,10.75,4835.65,5223.64,0.66,0.01,-26515.13,15.49,13356.72,11.85,91.3,450724.34,6112485.63,1561.07,0.06,54.25,222.94,9.09,0.26,0.05,651,105.59,155.97,iron
6,840271056,0,1,0,24.88,0.31,189.34,0.58,346.95,-78.15,2.79,-35.29,0.443,0.032,0.367,0.025,757.25,10.82,3518.69,5798.16,0.66,0.01,-25514.96,17.83,14666.93,12.79,93.48,451720.11,6113797.18,1563.06,0.05,56.96,222.12,8.14,0.25,0.04,734,110.96,343.38,iron
6,885626192,0,1,0,26.74,0.32,255.9,3.0,335.53,-24.17,284.48,-60.55,0.293,0.022,0.24,0.017,646.82,16.22,4873.93,4618.09,0.41,0.01,-29526.82,31.62,13906.11,16.63,99.22,447713.56,6113027.27,1581.9,0.17,28.48,229.33,9.08,0.27,0.05,1829,317.05,356.73,iron
6,503257631,0,1,0,31.39,0.28,224.75,0.71,315.0,-64.04,4.26,-52.28,0.36,0.027,0.296,0.021,838.98,13.4,3106.53,4818.97,0.52,0.01,-26759.13,17.47,14560.1,10.63,97.63,450477.8,6113687.44,1570.33,0.06,53.72,224.4,9.7,0.25,0.05,23,224.06,235.42,proton
6,336115677,0,1,0,22.37,0.73,35.81,1.44,166.65,-80.99,19.49,-20.47,0.2,0.015,0.162,0.011,603.71,15.76,5109.76,7151.11,0.29,0.01,-26959.6,47.98,15665.16,30.79,102.1,450274.56,6114791.18,1577.88,0.1,28.74,220.53,7.32,0.26,0.04,24,211.09,215.03,iron
6,715479992,0,1,0,29.52,0.4,260.78,2.52,298.07,-52.92,19.55,-63.95,0.178,0.013,0.143,0.01,661.17,15.97,4925.62,5009.69,0.27,0.01,-29185.84,29.41,13903.94,18.25,99.22,448054.17,6113025.14,1581.9,0.15,24.59,212.24,10.94,0.26,0.05,1829,184.47,227.45,iron
6,814581211,0,1,0,21.91,0.31,268.74,1.27,265.22,-32.94,83.42,-57.01,0.281,0.022,0.23,0.017,665.54,17.94,4357.63,5962.71,0.4,0.01,-26539.48,23.88,15849.81,17.55,91.06,450694.06,6114977.37,1564.77,0.07,40.74,230.14,10.43,0.25,0.05,97,11.4,309.6,iron
6,360664981,0,1,0,35.71,0.77,9.43,1.4,233.29,-10.7,102.28,-22.88,0.367,0.032,0.301,0.025,638.38,26.53,5685.15,11398.38,0.53,0.03,-24167.34,88.98,15222.41,68.0,84.11,453066.13,6114355.83,1547.91,0.11,25.91,224.24,9.69,0.26,0.05,1771,209.02,251.08,iron
6,113698163,0,1,0,35.38,0.43,44.61,0.92,247.56,36.38,150.89,-7.85,0.288,0.02,0.235,0.015,658.29,13.55,5539.85,8089.44,0.42,0.01,-26791.34,37.28,13535.51,26.89,91.78,450447.73,6112663.01,1561.6,0.12,23.66,223.65,9.09,0.27,0.05,90,9.1,163.19,iron
6,103451866,0,1,0,22.66,0.62,302.8,1.69,263.31,-18.71,107.32,-52.71,0.247,0.022,0.201,0.017,823.4,30.24,2672.43,4890.36,0.36,0.02,-27468.07,33.56,16474.45,18.84,103.37,449764.21,6115599.28,1582.37,0.1,53.13,221.26,11.77,0.26,0.06,1570,363.48,364.46,proton
6,453935244,0,1,0,9.81,0.99,35.47,5.33,260.66,17.94,145.78,-29.08,0.102,0.011,0.081,0.008,631.55,29.15,4243.02,4074.13,0.15,0.01,-29078.96,41.21,14639.7,38.78,98.75,448159.13,6113761.1,1581.22,0.11,22.19,215.33,10.47,0.27,0.05,608,187.42,264.49,iron
6,497376578,0,1,0,16.38,0.4,238.33,2.11,285.67,10.91,166.8,-48.43,0.162,0.014,0.13,0.011,663.28,33.11,4060.95,3911.61,0.23,0.01,-28448.19,19.49,15033.96,11.64,101.78,448788.91,6114157.23,1580.97,0.09,52.46,222.53,10.49,0.26,0.05,1625,186.95,389.67,iron
6,284712845,0,1,0,24.38,0.34,203.9,0.6,269.55,9.22,146.53,-41.34,0.437,0.031,0.361,0.024,682.28,11.2,4293.21,5682.79,0.65,0.02,-25894.62,15.49,16896.94,15.64,93.04,451336.74,6116025.37,1565.93,0.05,55.47,220.6,8.83,0.25,0.04,1767,272.94,422.74,iron
6,86540807,0,1,0,34.92,0.36,222.6,0.86,295.44,10.1,180.8,-52.07,0.442,0.039,0.365,0.031,845.09,21.12,3371.82,6078.77,0.63,0.03,-25987.75,23.86,12817.56,25.26,89.76,451252.46,6111947.41,1556.61,0.05,53.82,230.34,10.81,0.24,0.05,1839,52.9,228.89,proton
6,697294925,0,1,0,33.88,0.43,202.54,1.06,275.68,14.45,157.05,-40.72,0.42,0.034,0.346,0.027,653.27,23.72,5292.19,6098.71,0.61,0.02,-24676.26,27.16,15442.74,52.86,88.57,452556.97,6114574.7,1555.22,0.04,62.48,224.2,8.84,0.26,0.04,1763,0.84,51.08,iron
6,147719185,0,1,0,36.52,0.25,264.59,0.61,291.8,-11.54,156.86,-71.22,0.704,0.048,0.589,0.038,693.72,13.05,5020.38,7780.22,1.01,0.03,-24643.62,21.99,17009.48,22.22,88.78,452585.84,6116140.89,1558.69,0.06,41.02,231.77,8.67,0.26,0.05,1770,199.26,232.47,iron
6,952768244,0,1,0,15.32,0.44,127.26,1.75,327.79,36.16,214.41,-22.51,0.183,0.014,0.148,0.011,704.86,16.28,3472.81,4000.96,0.27,0.01,-27990.74,21.63,14455.42,11.65,98.92,449247.51,6113579.33,1574.91,0.06,45.13,220.89,10.4,0.25,0.05,1812,269.15,384.01,iron
6,164363663,0,1,0,38.07,0.19,110.18,0.58,25.35,16.95,264.37,1.18,0.542,0.035,0.45,0.027,697.74,9.62,5215.08,6429.47,0.76,0.02,-25834.99,15.8,14185.46,16.56,88.82,451402.66,6113314.23,1555.37,0.06,29.66,234.88,6.37,0.23,0.04,1816,13.22,336.79,iron
6,488100223,0,1,0,32.43,0.47,79.32,0.79,19.44,18.26,260.49,-3.12,0.573,0.046,0.476,0.037,801.3,17.32,3631.25,8119.15,0.87,0.03,-24392.93,34.87,15228.6,26.69,86.02,452840.66,6114360.78,1549.73,0.08,47.74,217.94,11.46,0.27,0.06,79,368.89,370.51,proton
6,686203709,0,1,0,19.18,0.38,297.9,3.54,344.52,-49.04,328.72,-51.33,0.21,0.016,0.17,0.012,609.74,17.13,4795.5,4248.36,0.3,0.01,-29516.08,21.39,15676.1,13.78,106.7,447719.55,6114796.28,1592.62,0.13,22.77,221.26,9.92,0.26,0.05,1830,262.24,307.07,iron
6,352236317,0,1,0,7.98,0.53,96.41,7.51,285.68,33.52,176.72,-27.18,0.101,0.008,0.08,0.006,618.94,27.14,4345.93,3826.67,0.14,0.0,-29077.14,29.37,14747.53,24.77,98.75,448160.78,6113868.8,1581.21,0.09,31.15,219.85,8.64,0.26,0.04,608,73.03,218.77,iron
6,133407347,0,1,0,35.34,0.57,56.85,1.24,18.94,16.91,261.43,-4.2,0.169,0.016,0.136,0.012,638.82,36.5,5569.24,7310.59,0.24,0.01,-27428.77,47.34,14216.48,39.47,97.65,449808.65,6113341.15,1570.44,0.1,27.52,223.15,10.68,0.26,0.05,1811,1.81,430.66,iron
6,171312440,0,1,0,32.89,0.32,258.13,1.13,308.83,-4.43,207.81,-66.61,0.269,0.02,0.219,0.016,699.8,16.67,4560.31,5948.21,0.39,0.01,-27672.53,26.6,13370.68,19.78,97.43,449568.07,6112497.11,1570.4,0.08,32.23,225.17,11.46,0.26,0.06,1826,194.55,313.46,iron
6,748414140,0,1,0,20.28,0.22,291.39,2.08,328.99,-0.51,240.41,-53.47,0.178,0.013,0.143,0.01,829.14,13.65,2481.77,2970.58,0.26,0.01,-29165.55,13.61,15656.77,5.93,106.7,448070.18,6114777.33,1592.61,0.08,28.82,221.97,8.43,0.25,0.04,1830,166.28,233.65,proton
6,972140437,0,1,0,36.26,0.28,158.2,0.46,352.56,28.91,236.93,-16.51,0.361,0.026,0.296,0.02,675.83,15.06,5249.89,5645.93,0.53,0.01,-25163.51,14.37,15284.76,18.58,88.57,452071.42,6114415.31,1555.24,0.05,61.69,221.55,10.63,0.26,0.05,1763,129.09,406.44,iron
6,799020909,0,1,0,35.58,0.4,262.76,0.94,310.92,-8.68,216.62,-70.06,0.326,0.023,0.267,0.017,680.21,13.7,5217.94,7670.86,0.47,0.01,-26416.95,31.05,13156.54,32.58,89.76,450823.34,6112286.6,1556.62,0.08,30.28,224.77,8.18,0.25,0.04,1839,189.18,321.03,iron
6,744476475,0,1,0,30.74,0.26,230.03,1.15,327.18,-0.44,237.98,-54.58,0.203,0.015,0.164,0.011,696.42,17.41,4598.28,5477.78,0.28,0.01,-27366.42,22.29,13204.72,17.51,97.43,449874.02,6112331.08,1570.4,0.07,39.94,230.54,9.53,0.25,0.05,1826,232.01,266.87,iron
6,40870811,0,1,0,17.31,0.2,279.96,2.52,335.74,-5.58,254.18,-52.07,0.217,0.016,0.176,0.012,580.36,13.65,5120.27,5288.67,0.33,0.01,-28144.23,23.94,15224.6,9.81,101.78,449091.85,6114348.35,1580.97,0.08,25.36,213.47,9.64,0.27,0.05,1625,369.5,369.72,iron
6,765339017,0,1,0,31.0,0.29,181.28,0.39,17.89,-52.43,329.95,-30.15,0.527,0.039,0.437,0.031,821.74,11.4,3252.91,4935.15,0.86,0.02,-26419.29,12.95,16473.57,9.92,96.79,450812.66,6115600.55,1572.72,0.04,62.46,202.18,9.59,0.31,0.05,1760,208.96,311.04,proton
6,401545681,0,1,0,39.95,0.2,127.43,0.46,97.17,-61.85,1.02,-1.37,0.736,0.046,0.615,0.036,666.63,8.81,5756.15,5841.86,1.03,0.01,-26174.27,9.05,14469.66,11.72,92.88,451062.7,6113598.23,1562.55,0.07,36.76,238.12,5.84,0.25,0.04,1813,272.96,294.66,iron
6,375135458,0,1,0,36.48,0.41,101.66,1.39,23.44,19.48,261.29,0.78,0.309,0.028,0.253,0.022,509.73,29.45,7398.33,6858.3,0.42,0.02,-28519.1,11.96,13730.21,16.19,102.8,448720.97,6112853.81,1581.55,0.13,25.79,238.18,11.38,0.3,0.06,1827,327.27,332.5,iron
6,325954672,0,1,0,22.87,0.48,337.86,1.12,353.36,-65.53,348.02,-40.53,0.372,0.027,0.307,0.021,707.59,15.87,3842.93,7391.13,0.54,0.01,-25848.15,42.42,14009.34,18.91,88.82,451389.07,6113139.5,1555.37,0.1,38.25,225.27,9.98,0.26,0.05,1816,174.95,363.82,iron
6,517034941,0,1,0,12.07,1.42,6.0,1.77,339.68,-82.55,7.55,-33.0,0.072,0.005,0.056,0.004,606.52,14.83,4511.1,3925.5,0.1,0.0,-29763.84,31.14,14970.69,16.29,104.13,447473.73,6114090.17,1589.99,0.17,17.62,218.23,6.15,0.26,0.03,1832,164.71,227.95,iron
6,436716063,0,1,0,7.19,0.89,143.17,4.63,18.15,-62.85,342.01,-30.62,0.104,0.008,0.082,0.006,645.74,25.08,4004.91,3574.57,0.15,0.0,-28921.6,24.76,14570.7,13.41,98.75,448316.62,6113692.61,1581.21,0.08,36.97,219.08,9.82,0.26,0.05,608,236.54,237.64,iron
6,528842508,0,1,0,18.26,0.5,55.85,2.22,25.44,-30.96,308.43,-19.52,0.167,0.012,0.134,0.009,643.72,14.04,4412.63,4838.09,0.24,0.01,-28447.74,27.45,14847.0,15.68,101.78,448789.26,6113969.48,1580.97,0.1,17.9,222.4,7.83,0.25,0.04,1625,6.42,332.62,iron
6,205948150,0,1,0,15.03,0.46,238.05,2.29,351.19,-47.92,325.29,-47.35,0.126,0.01,0.1,0.008,712.43,29.15,3463.96,3669.98,0.18,0.01,-28429.69,22.22,15055.12,10.46,101.78,448807.32,6114178.37,1580.97,0.07,52.08,219.99,11.2,0.26,0.05,1625,210.82,385.22,iron
6,82567828,0,1,0,28.01,0.29,42.46,1.07,36.28,-39.34,320.0,-14.41,0.379,0.025,0.312,0.019,652.23,9.14,4756.42,6958.23,0.56,0.01,-27058.63,29.9,12430.64,20.26,92.1,450183.98,6111558.73,1562.09,0.08,26.2,219.05,6.94,0.27,0.04,1844,349.34,380.52,iron
6,761528026,0,1,0,25.32,0.75,274.4,2.55,333.14,-16.99,269.22,-60.32,0.141,0.013,0.112,0.01,612.93,36.93,5053.05,5574.7,0.2,0.01,-28115.33,49.93,14515.4,51.16,101.78,449122.59,6113638.99,1580.97,0.09,30.07,220.18,9.72,0.26,0.05,1625,291.83,293.42,iron
6,106213742,0,1,0,22.21,0.2,251.4,2.01,296.27,-61.18,18.55,-55.66,0.289,0.02,0.236,0.015,666.32,11.15,4252.58,4165.14,0.41,0.01,-28554.28,21.31,14677.76,7.33,98.75,448683.25,6113799.85,1581.22,0.09,28.51,226.55,8.45,0.24,0.05,608,80.59,334.71,iron
6,251158261,0,1,0,31.57,0.41,102.64,1.94,41.41,-24.82,308.69,-4.15,0.133,0.01,0.106,0.007,632.46,20.71,5274.39,4611.55,0.19,0.0,-28943.42,15.86,14420.25,17.37,98.75,448295.14,6113542.5,1581.22,0.09,25.42,222.28,8.75,0.26,0.04,608,338.71,342.19,iron
6,559981925,0,1,0,17.26,0.43,170.6,1.01,2.68,-8.35,276.31,-30.66,0.3,0.021,0.245,0.016,647.27,12.24,4290.21,5361.61,0.45,0.01,-26747.88,20.04,13017.17,16.1,92.1,450492.66,6112145.52,1562.09,0.06,52.93,217.96,9.57,0.26,0.05,1844,257.16,295.69,iron
6,133531488,0,1,0,18.24,0.26,265.71,2.47,345.1,-36.19,307.87,-53.29,0.167,0.012,0.134,0.009,619.0,11.85,4744.44,4913.72,0.25,0.01,-28241.96,24.96,14603.25,13.59,101.78,448995.79,6113726.83,1580.97,0.08,26.76,216.1,8.76,0.27,0.04,1625,238.19,259.04,iron
6,105747322,0,1,0,26.4,0.96,358.21,1.39,15.7,-60.16,338.86,-31.78,0.142,0.012,0.114,0.009,707.93,28.77,4156.09,6016.47,0.21,0.01,-27837.13,56.26,13752.29,26.43,98.92,449402.71,6112877.4,1574.91,0.15,34.83,219.59,9.33,0.26,0.04,1812,398.39,400.97,iron
6,411831028,0,1,0,25.93,0.47,91.22,3.34,151.94,-69.84,22.61,-9.2,0.15,0.012,0.12,0.009,666.18,27.9,4602.04,4307.86,0.22,0.01,-28762.37,27.67,14340.27,32.42,99.22,448476.33,6113463.55,1581.91,0.08,26.48,220.99,9.16,0.26,0.04,1829,247.83,502.21,iron
6,954019585,0,1,0,21.43,0.31,282.47,3.38,276.54,-55.52,39.47,-55.81,0.128,0.01,0.102,0.007,569.99,19.49,5557.58,4874.4,0.18,0.01,-29429.98,23.46,15496.39,18.18,106.7,447806.25,6114616.7,1592.61,0.13,23.79,220.97,7.27,0.26,0.03,1830,65.66,149.05,iron
6,423613636,0,1,0,22.2,0.56,24.28,1.3,30.08,-56.73,336.03,-23.93,0.549,0.044,0.457,0.035,820.0,14.58,2651.96,5552.51,0.82,0.02,-26904.32,44.14,13916.29,15.86,97.65,450334.62,6113043.8,1570.42,0.11,42.67,220.49,10.39,0.26,0.05,1811,201.09,246.58,proton
6,372568648,0,1,0,38.11,0.33,263.36,1.12,290.3,-41.12,46.24,-72.58,0.367,0.026,0.301,0.02,676.22,14.54,5507.61,7266.28,0.54,0.02,-27248.78,30.09,13632.17,26.22,97.43,449990.74,6112758.67,1570.39,0.1,27.86,221.76,9.96,0.27,0.05,1826,132.77,156.35,iron
6,283648498,0,1,0,29.17,0.28,134.8,0.82,29.12,-21.08,300.26,-12.66,0.321,0.023,0.263,0.017,676.09,11.57,4707.26,6360.56,0.47,0.01,-25837.64,19.33,16657.53,20.92,93.04,451393.91,6115785.4,1565.92,0.06,41.17,219.93,8.41,0.24,0.04,1767,15.52,353.14,iron
6,613318778,0,1,0,19.54,0.99,59.71,4.89,91.86,-79.25,7.06,-17.81,0.139,0.011,0.111,0.008,653.33,13.85,4333.87,4027.92,0.2,0.01,-29462.75,42.29,15088.0,6.04,104.13,447774.57,6114208.2,1590.0,0.16,17.4,217.1,9.84,0.26,0.05,1832,268.07,302.34,iron
6,921638394,0,1,0,22.71,0.39,170.18,0.57,230.42,-85.23,18.04,-28.47,0.385,0.028,0.318,0.022,650.88,13.9,4519.65,4683.99,0.57,0.01,-26997.52,15.96,15510.72,10.07,102.1,450237.27,6114636.83,1577.88,0.07,53.02,220.31,10.89,0.26,0.06,24,66.7,66.7,iron
6,342377506,0,1,0,29.91,0.32,107.07,1.01,151.35,-66.67,23.79,-6.24,0.255,0.02,0.207,0.015,807.22,19.27,3317.03,4527.73,0.37,0.01,-27390.8,22.89,14536.25,12.63,99.61,449846.5,6113662.24,1575.4,0.07,52.77,222.97,10.34,0.26,0.05,32,241.97,246.25,proton
6,444428369,0,1,0,27.96,0.33,173.74,0.51,16.72,-35.24,310.43,-27.78,0.527,0.036,0.438,0.028,675.38,9.72,4607.82,5367.62,0.81,0.02,-26135.42,15.04,16623.32,12.36,96.79,451095.57,6115750.97,1572.71,0.06,56.56,214.08,9.82,0.25,0.05,1760,137.88,144.61,iron
6,403858857,0,1,0,32.57,0.46,253.6,1.94,289.22,-49.66,34.26,-65.13,0.282,0.022,0.23,0.017,632.19,28.54,5514.0,5934.8,0.41,0.01,-28404.6,31.13,13834.36,38.83,102.8,448835.09,6112957.67,1581.55,0.1,29.8,224.17,10.47,0.26,0.05,1827,210.9,223.99,iron
6,691603615,0,1,0,36.32,0.31,130.4,0.75,201.78,-31.86,69.68,-5.42,0.427,0.032,0.353,0.025,655.46,14.02,5456.01,6907.96,0.63,0.02,-24591.34,21.3,14872.29,34.82,86.02,452643.88,6114004.3,1549.72,0.04,42.77,223.43,9.87,0.26,0.05,79,65.7,202.44,iron
6,696382523,0,1,0,33.22,0.6,110.0,1.65,210.69,-11.95,91.2,-3.46,0.196,0.016,0.158,0.013,675.09,32.97,4953.4,5183.16,0.28,0.01,-27118.98,32.45,13449.96,56.22,97.43,450120.67,6112577.78,1570.4,0.06,46.54,222.4,10.22,0.26,0.05,1826,28.91,242.42,iron
6,701196666,0,1,0,28.24,0.37,143.88,0.67,193.35,-63.96,38.37,-16.19,0.383,0.028,0.315,0.022,647.5,12.32,4928.46,5561.6,0.59,0.01,-25918.03,17.15,13500.26,19.42,90.71,451321.06,6112630.31,1557.45,0.05,55.2,211.07,9.84,0.27,0.05,1825,9.15,39.79,iron
6,735918260,0,1,0,19.42,1.11,40.73,2.83,236.75,-0.73,113.56,-21.42,0.142,0.011,0.114,0.008,540.78,27.21,5784.98,6367.68,0.21,0.01,-28132.2,52.75,14386.94,67.47,102.8,449106.17,6113511.04,1581.55,0.1,25.07,219.43,7.58,0.26,0.04,1827,316.98,369.34,iron
6,736029926,0,1,0,22.75,0.49,50.37,1.8,210.73,-43.15,62.42,-16.67,0.228,0.017,0.185,0.013,667.02,12.57,4347.9,5227.5,0.35,0.01,-28144.35,34.29,14610.51,11.03,101.78,449093.43,6113734.44,1580.96,0.11,24.24,211.92,10.75,0.27,0.06,1625,218.02,218.09,iron
6,512447340,0,1,0,19.87,0.17,261.26,2.3,262.54,-36.9,76.52,-54.67,0.365,0.028,0.301,0.022,648.45,15.34,4444.42,4182.97,0.54,0.01,-29114.85,18.8,14279.42,7.35,99.22,448124.24,6113400.91,1581.89,0.12,36.79,220.0,10.49,0.25,0.05,1829,143.38,166.04,iron
6,165175405,0,1,0,31.56,0.53,27.17,0.89,251.35,26.19,145.48,-17.15,0.547,0.04,0.455,0.032,770.31,15.53,3865.64,8724.43,0.8,0.02,-24819.66,46.91,12999.65,28.1,84.19,452419.54,6112132.66,1545.07,0.13,37.02,225.12,9.25,0.25,0.05,1840,122.87,179.87,iron
